target,seed,start,eta,width,nref,halo,target_scale,window_start,W,eta_horizon_lambda_max_S,fine_error_fraction_change,coarse_K_min,coarse_K_max,W15_rms_F_a,W15_max_F_a,W_fine_J_fro,sqrtW_fine_J_fro,fine_J_fro,effective_lambda_rate_rms,sqrtW_rms_a,sqrtW_max_a,sqrtW_fine_J_a_fro,sqrtW_rms_b,sqrtW_max_b,sqrtW_fine_J_b_fro,sqrtW_rms_c,sqrtW_max_c,sqrtW_fine_J_c_fro,sqrtW_fine_J_d_fro
moment5,30,20000,0.002,177,128,24,1.0,20000,177,0.006358745167351153,3.4666932192360192e-06,1.3484385754690773,5.119080718545816,0.0033064950440454912,0.023844536455969463,2.638369240496252,0.19831197600238482,0.014906040906758487,2.193956449918637e-08,1.3970563312047617,3.0078464231620226,0.13931078191044272,1.4126132968817493,2.6241845996406488,0.11480531654654709,1.4939920095077186,3.153166355461319,0.08209680360476063,6.9133297653480745e-15
mixed_sine,30,20000,0.002,177,128,24,0.8100925873009825,20000,177,0.005136459603291208,0.00015254145443567438,1.339590475837454,5.12180489310764,0.17135996739227607,0.6665407055609224,2.3522446868456917,0.1768055375758322,0.013289518004777918,1.1370236480322968e-06,1.3829592316717858,2.520610390992657,0.1305354395648196,1.4103278921248539,2.464357231355339,0.08940862338995305,1.49578364180708,2.608879643534124,0.07891004497915252,6.9133297653480745e-15
gauss_left,30,20000,0.002,177,128,24,0.3713011646461742,20000,177,0.006389861498393728,0.0027901731003417423,1.3538311205196065,5.113071494117394,0.6741172845004034,5.029731020442977,2.6043887225139426,0.19575784386529665,0.014714060579174817,4.472965918986416e-06,1.4153661246903595,2.7975315335363815,0.14713298175294254,1.4208951221491528,2.882634280588699,0.09580528347165569,1.4846632996430054,2.919134687356064,0.08657001082472984,6.9133297653480745e-15
bump_right,30,20000,0.002,177,128,24,0.32889495195335533,20000,177,0.00699683925645439,0.0024898517143224328,1.3311325504694098,5.066164497621057,0.6376993149117764,4.225506750930206,2.751723144951014,0.2068321772065882,0.015546458446050926,4.231322008417743e-06,1.4018270651303757,3.51758493699415,0.14527123861174873,1.4162734331907005,2.6911315882366087,0.11987593217318998,1.47265973089161,3.20349300934369,0.08547267192404027,6.9133297653480745e-15
step_right,30,20000,0.002,177,128,24,0.9636241118102141,20000,177,0.024211375386173378,0.016562317917469576,1.6158488204785288,5.519567683993266,1.1226571751099286,9.20947276471625,5.246639090474413,0.39436154327194667,0.029642028759742443,7.449159661725407e-06,1.586777835867089,4.647513104128326,0.2757262567736188,1.4427229744904937,3.0034989808277373,0.2299302758299495,1.609418893668954,3.90808761518455,0.16318126851511872,6.9133297653480745e-15
kink_abs,30,20000,0.002,177,128,24,0.6214766720163144,20000,177,0.00670717810100698,0.0064039634259736855,1.3639408784606162,5.3242428980618905,0.7077526806993578,4.766007055486777,2.6504088133333523,0.19921692571257055,0.014974061092278827,4.696146638912665e-06,1.3857876785407812,3.364913651617568,0.13960857912823915,1.4587821991321284,2.9237156294260966,0.10967988990290449,1.5240264890201785,3.186723535351442,0.09037228488341317,6.9133297653480745e-15
moment5,31,20000,0.002,177,128,24,1.0,20000,177,0.0052500147018682275,2.658265510186326e-06,1.314537018691369,4.6365834546148355,0.0025056793478275465,0.014088637293653106,2.4530550914249747,0.18438291159416983,0.01385906831313545,1.662591745447823e-08,1.4784551528850074,2.81460459792626,0.12444482285723735,1.346864085788881,2.5284361306639056,0.10926906799793604,1.3803383854007238,2.9116863005558753,0.08106056335134054,6.9133297653480745e-15
mixed_sine,31,20000,0.002,177,128,24,0.8100925873009825,20000,177,0.004636579596041019,0.0001138081600856698,1.2959618655992995,4.607229362859539,0.1707036454208185,0.6924216660021345,2.2784957395201584,0.17126222724316953,0.012872857285424625,1.132668759235183e-06,1.4639986409820385,2.5965645849694674,0.12298071016712919,1.338370315499048,2.4632030586204974,0.08968446399552389,1.3766278276792154,2.7824818024102096,0.07850600184008347,6.9133297653480745e-15
gauss_left,31,20000,0.002,177,128,24,0.3713011646461742,20000,177,0.008652724857054343,0.004159056132746663,1.3314150878654778,4.675155602724513,0.8382274641736781,8.475526844560896,3.0561329967493833,0.22971302280550562,0.017266288117228155,5.5618850989497586e-06,1.5182307492870357,3.97076247985108,0.16501639333697496,1.3651016797866966,2.965471211589537,0.11529858638109787,1.3755474285059905,3.2168597853991767,0.11065215205778893,6.9133297653480745e-15
bump_right,31,20000,0.002,177,128,24,0.32889495195335533,20000,177,0.005802345797997718,0.0019597601658010986,1.3110131915752363,4.602714684433156,0.5365900759206756,3.261564608989081,2.5404042457863607,0.190948476086684,0.014352566360374918,3.560432549713208e-06,1.4912071953667292,3.2052233511531094,0.12993234282370592,1.3542208210064637,2.6839290413784824,0.10948970929271302,1.3617649510424321,2.925019225654647,0.08712583065410105,6.9133297653480745e-15
step_right,31,20000,0.002,177,128,24,0.9636241118102141,20000,177,0.01742235931652416,0.011966364531673873,1.5498268985722639,4.989199010479907,0.9347412457957498,5.793228703450755,4.563511998684103,0.34301456675541564,0.025782553664881934,6.202282350042296e-06,1.6480888497171482,4.1041439935021335,0.23455158484852714,1.364482167197409,2.6705162926837342,0.20616173892423037,1.4929857968918212,3.493900501537527,0.14192210699953378,6.9133297653480745e-15
kink_abs,31,20000,0.002,177,128,24,0.6214766720163144,20000,177,0.005267051171323118,0.005030571715598208,1.3106632454980436,4.853841503738219,0.6183231893998019,2.936993603702677,2.4152405075012076,0.18154059341348192,0.01364542659605202,4.1027557321186615e-06,1.4480211295272298,3.1200546388278187,0.12391547159117898,1.397778297949767,2.7749075653893485,0.10357745479131497,1.4124077246369304,2.854498459084315,0.08290750156775911,6.9133297653480745e-15
moment5,30,20000,0.002,705,512,96,1.0,20000,705,0.0004652303308137846,7.355845848586474e-08,1.3504334591289164,4.93776992684762,0.0006248527189862945,0.004559258613010918,2.8180907804494915,0.10613543901062408,0.003997291887162399,1.3039292366026233e-10,1.4518893648291733,2.8704712417330995,0.07863985205845786,1.408802160138819,2.5603305083559085,0.052416818209763585,1.407212414706524,3.040551482185211,0.0483009549695072,1.3797334663048364e-14
mixed_sine,30,20000,0.002,705,512,96,0.8100925873009825,20000,705,0.00040698101799064017,1.0389086881667581e-05,1.345781330787043,4.92494655947228,0.20275397548335927,0.9805357540384547,2.684118575592642,0.10108975386934026,0.0038072603909115495,4.2310264232996395e-08,1.448073519901196,2.7626333390962126,0.07268500473562517,1.4053091265037767,2.463432012643061,0.05284194616770648,1.405724311920642,2.823722136596165,0.046300725147184855,1.3797334663048364e-14
gauss_left,30,20000,0.002,705,512,96,0.3713011646461742,20000,705,0.00045020093777813314,0.00020574115871653797,1.3415754527108863,4.9523934630652775,0.7427169099590931,5.052477726007824,2.807133703231438,0.10572277160867974,0.003981749933661614,1.549885699442818e-07,1.449654397174544,2.8978618689419804,0.07782785288253735,1.4199027078102562,2.6671235839553997,0.05265056454046824,1.4010989235066258,2.9050682926129343,0.048456659045843994,1.3797334663048364e-14
bump_right,30,20000,0.002,705,512,96,0.32889495195335533,20000,705,0.0004195052329675271,0.000135059324156831,1.311526593093291,4.886547919686494,0.5669532985171667,4.457242069547944,2.6599320684177057,0.1001788373101739,0.003772953288535753,1.1831059692340771e-07,1.4331003765288215,2.8376935382642525,0.07483546529386338,1.4131087744721509,2.6393895750011263,0.04715779278468911,1.3842736472609514,2.981661232255281,0.04702759996795058,1.3797334663048364e-14
step_right,30,20000,0.002,705,512,96,0.9636241118102141,20000,705,0.0009488584763615666,0.0006421525194656362,1.5795017000150304,5.286988498737047,0.9237616044657416,4.757209205244034,4.143231350688426,0.15604312017860442,0.0058769239016857105,1.927685880391038e-07,1.5743782267471216,3.502080485893755,0.11336428261847262,1.4140859944604833,2.563771720046434,0.08610015554710782,1.5228608873110032,3.363462258720514,0.06391211149881763,1.3797334663048364e-14
kink_abs,30,20000,0.002,705,512,96,0.6214766720163144,20000,705,0.0004379238848379859,0.00041247484579394873,1.3416830425420383,5.07582567738494,0.7874237997995244,4.390639373515141,2.700481440866664,0.1017060150279155,0.003830470128888885,1.6431790771768271e-07,1.426722172273861,2.833256101817168,0.077265124591273,1.4415428503628909,2.808556807321091,0.047392518644336745,1.4239788327392147,3.1400618831568035,0.04613201915481078,1.3797334663048364e-14
moment5,31,20000,0.002,705,512,96,1.0,20000,705,0.0005527754850230076,1.3763607989070768e-07,1.4786279678519134,5.24414166991258,0.0007796668816238613,0.004435759251734888,3.091427938709972,0.11642991195349546,0.004385004168382939,1.626992106891109e-10,1.4901440282007545,2.8443367174584315,0.08549940458890222,1.4203029453727776,2.5692421511005046,0.060414298699521855,1.5023602721223168,2.925196081063233,0.050949864819122614,1.3797334663048364e-14
mixed_sine,31,20000,0.002,705,512,96,0.8100925873009825,20000,705,0.00048627733938654796,1.0130233451854832e-05,1.4732151709712735,5.225107549815751,0.20588560294310984,0.8928137429555028,2.8974919767215854,0.10912586106614185,0.004109917697477426,4.296376552679583e-08,1.48681227860509,2.7396888205149614,0.08093713713870494,1.415631034155163,2.4490878160869425,0.05424476612226753,1.5000082119367122,2.7492833469256555,0.049144061020207346,1.3797334663048364e-14
gauss_left,31,20000,0.002,705,512,96,0.3713011646461742,20000,705,0.000541347322544539,0.00023935991028411485,1.4718284836430005,5.262655881169312,0.7963288778537347,4.856088775605306,3.033605923684974,0.11425220888170931,0.004302987125794289,1.661762002842816e-07,1.4893616097629971,2.9603789379145704,0.08629074214281518,1.4310912718356177,2.6924065297280286,0.05431184005323826,1.497970564406293,2.920825748786615,0.05155287659116015,1.3797334663048364e-14
bump_right,31,20000,0.002,705,512,96,0.32889495195335533,20000,705,0.0005171669546330354,0.00017027278084848072,1.4473292213302558,5.202798729331999,0.6463247297600652,4.435017705648459,2.966306379445868,0.11171756140953201,0.004207526779355841,1.3487365676197429e-07,1.4766728851611843,2.8426261554248073,0.08310728329865848,1.4250793927736485,2.6426602291029933,0.054839125834194334,1.483845848518725,2.878620089837074,0.05066224696705112,1.3797334663048364e-14
step_right,31,20000,0.002,705,512,96,0.9636241118102141,20000,705,0.0010271269570113343,0.0006917280630632827,1.687909106312027,5.5533609472147525,0.9378055354765711,5.217199320002584,4.329963060357147,0.16307584322655852,0.006141791574974677,1.9569924540610044e-07,1.6015250955210025,3.4141850682225576,0.11647130343081695,1.4222421477130354,2.5843732694951917,0.09462048488689373,1.601337727934814,3.351726435780275,0.06383674459861481,1.3797334663048364e-14
kink_abs,31,20000,0.002,705,512,96,0.6214766720163144,20000,705,0.0005243472350078494,0.0004915505779411939,1.4720033765847733,5.388273664192476,0.8486010461428808,4.371403126799948,2.9750383591064997,0.11204642678929283,0.00421991256610851,1.7708424411954016e-07,1.4656280947481588,2.7657289518911603,0.08444062687106837,1.4529084231818328,2.8353600682647735,0.05547892180990565,1.5199772886616572,3.025195310114003,0.048438327021891894,1.3797334663048364e-14
moment5,30,20000,0.002,1409,1024,192,1.0,20000,1409,0.00011546891104297676,1.478924009702851e-08,1.4257329264723062,5.107562400574244,0.00035906426670670374,0.002576539465553308,2.8260464704977455,0.07528766056604491,0.002005710766854326,1.3259762232854875e-11,1.467551368965081,2.819247147307588,0.05492779672048393,1.4066396162917485,2.5609053497404415,0.03926093270320667,1.4638246034022209,2.8405473469529707,0.03331288255638456,1.9505457294915363e-14
mixed_sine,30,20000,0.002,1409,1024,192,0.8100925873009825,20000,1409,0.00011767625136595704,2.92288779899062e-06,1.4209781706155797,5.082662961200277,0.22134566996721297,1.1351071758979838,2.849959320373708,0.07592471397030517,0.002022682271379495,8.17399899454382e-09,1.4664233675410219,2.8753118083533518,0.05539750613452287,1.4011009575460642,2.4518707144589653,0.03952776790227026,1.460440280141101,2.858148581388905,0.03366354215189501,1.9505457294915363e-14
gauss_left,30,20000,0.002,1409,1024,192,0.3713011646461742,20000,1409,0.00012067723455378642,5.389224754385095e-05,1.411645014853477,5.124136216092966,0.7522610582873478,5.188326427843688,2.8741292768784135,0.07656861685733088,0.0020398362504459996,2.7779992872623502e-08,1.4597800645099621,2.8365207420939798,0.05697061326315943,1.4171554417443943,2.6565574528809237,0.03805367456425053,1.4589407773796803,2.980951566340552,0.034190936869620485,1.9505457294915363e-14
bump_right,30,20000,0.002,1409,1024,192,0.32889495195335533,20000,1409,0.00010384403680064196,3.349537349800423e-05,1.3865684504775366,5.061744108787767,0.5630631774557526,3.491502650590447,2.6606706783665284,0.07088194514919159,0.0018883397291458684,2.07931686536706e-08,1.4472118859556808,2.7107974238789905,0.05232090377327295,1.4112149975332684,2.6296726037615086,0.035123384355070356,1.4435341650948337,2.7433519045667563,0.03245182657304392,1.9505457294915363e-14
step_right,30,20000,0.002,1409,1024,192,0.9636241118102141,20000,1409,0.00020961316270244243,0.0001399541321088354,1.6379461696569388,5.422098755907016,0.8379469997837266,5.463426271495728,3.9020419143848506,0.10395285789937654,0.002769369705028283,3.094425987518871e-08,1.577342672490546,3.3956349321462937,0.07411716808767393,1.4062242810563865,2.5947049894224286,0.06043222166025488,1.5680808949082794,3.440434093906263,0.04075277469470368,1.9505457294915363e-14
kink_abs,30,20000,0.002,1409,1024,192,0.6214766720163144,20000,1409,0.00011543873598828493,0.00010794799671716944,1.4233779397321107,5.257909789147229,0.7912610461782148,4.0563172497744056,2.789459928250008,0.0743129720027858,0.001979744448722504,2.922021016648061e-08,1.4466562509094316,2.7709322513213164,0.05595624703317916,1.4409059088161904,2.814419926469855,0.03649278509445551,1.4822897319076656,2.9905642492743003,0.03255138801800228,1.9505457294915363e-14
moment5,31,20000,0.002,1409,1024,192,1.0,20000,1409,0.00012078247665625466,1.3412786858394022e-08,1.4439290484512248,5.232097435765184,0.00036223590296328035,0.0028599315081974707,2.8863574619269983,0.07689438342022625,0.002048514877166074,1.3376886509901524e-11,1.4734832885509612,2.875132734498086,0.05613299768685957,1.437178510055787,2.564297657510243,0.040423137765705164,1.4768436379974377,2.940506821754105,0.0335827739390094,1.9505457294915363e-14
mixed_sine,31,20000,0.002,1409,1024,192,0.8100925873009825,20000,1409,0.00011723246480006235,2.701510985713704e-06,1.4390225534781131,5.205228811521015,0.21290134004511388,1.0752301640119817,2.840363219944521,0.07566906780191676,0.002015871696199092,7.862161205699527e-09,1.4726488726437106,2.795042091215007,0.05573113488256481,1.4313074476565086,2.4817882933781097,0.038601131182011264,1.4731652184896924,2.8459733017953646,0.033612514011623795,1.9505457294915363e-14
gauss_left,31,20000,0.002,1409,1024,192,0.3713011646461742,20000,1409,0.00011979188310617578,5.303650313642202e-05,1.429125398111124,5.248018025708457,0.7429612936369892,4.960944709696833,2.8638843290139806,0.07629568498399251,0.002032565173182385,2.7436565025524504e-08,1.4655442031508263,2.8118888626457705,0.05723443012049677,1.4472711961766611,2.7028561392096964,0.0371989212906256,1.4718158414474782,2.9724238043004063,0.034080666231346424,1.9505457294915363e-14
bump_right,31,20000,0.002,1409,1024,192,0.32889495195335533,20000,1409,0.00010801150499236839,3.500381041235553e-05,1.4055403112906801,5.187057015501347,0.5793273305390864,3.5600373264917446,2.7098675171674893,0.072192579966855,0.0019232558674006312,2.1393782033503008e-08,1.4536707374139217,2.7782493978899314,0.05336146852071728,1.4415707928744765,2.623797425033833,0.036006616129862605,1.4570792803450772,2.8328672464180613,0.03267791110918774,1.9505457294915363e-14
step_right,31,20000,0.002,1409,1024,192,0.9636241118102141,20000,1409,0.0002200425084959312,0.0001469257010480395,1.652943927719206,5.53903217748214,0.8556973610794036,5.522867745245787,4.002763247781222,0.10663613775328842,0.002840853972875246,3.159975693282325e-08,1.5821779338826316,3.48765535878695,0.07609881612898244,1.4360794133437749,2.6565118524793014,0.06229983176855499,1.5783686554741079,3.4739639266768343,0.041218527634006824,1.9505457294915363e-14
kink_abs,31,20000,0.002,1409,1024,192,0.6214766720163144,20000,1409,0.00011949877461754968,0.00011165438177866325,1.442599957743677,5.384604800468887,0.8018295314022896,3.7882814989622196,2.8334135559372817,0.07548392436910799,0.0020109393583657076,2.9610490164314928e-08,1.4531360669724513,2.8312974796454795,0.05674009293378967,1.4710784866045785,2.827295133894889,0.03750873939287909,1.495573249325331,3.015793166488157,0.03273345629754386,1.9505457294915363e-14
