target,seed,start,eta,width,target_scale,cohort,nref,C,C_generated,C_target,D,coarse_disequilibrium_norm,coarse_min_eigenvalue,curvature_split_error,effective_fine_forcing_norm,gradient_norm,identity_error,k,k_jvp,k_pure,loaded,q,q_squared,tracking_fine_forcing_norm,tracking_norm,family
sine,0,600000,0.002,177,1.0,development,128,-3.722685758120835e-05,4.742863927860922e-06,4.1969721509069264e-05,8.978443703816772e-06,0.00010603119362101024,2.1155029840032187,-6.776263578034403e-21,0.0029964051301212213,0.03123435042998653,6.776263578034403e-21,0.029005022415264804,0.029005022415264804,0.028956075387874942,-4.775080425283879e-08,0.031233969687018047,0.0009755608624095623,6.895841004588108e-06,0.00015422183255711018,
runge,0,600000,0.002,177,1.0,development,128,-1.3079788541977883e-08,-2.174755988699651e-08,-8.667771345018633e-09,3.8123992927049035e-08,1.2502492764051366e-06,2.523001304922706,-6.617444900424222e-24,0.00019525366303106592,0.0036676954967385543,3.308722450212111e-24,-0.0018609522921649853,-0.0018609522921649864,-0.0018617476859397015,-1.0699626169024561e-11,0.0036676949587731854,1.3451986310610237e-05,3.657265897426423e-07,1.986500948510908e-06,
moment3,0,600000,0.002,177,1.0,development,128,-2.309196208359616e-10,-3.9357508157455566e-08,-3.9126588536619596e-08,1.0223699205620626e-08,1.1973160051283232e-07,10.647360712985003,6.617444900424222e-24,0.00010111230986195808,0.0013988487311959964,1.0158811897916871e-23,-0.005105888368547093,-0.0051058883685470985,-0.005106752798509387,-1.6914972039000397e-12,0.0013988486764361142,1.9567776195670685e-06,2.5089923840276675e-07,3.91409735414647e-07,
moment5,0,600000,0.002,177,1.0,development,128,-4.980130635987597e-15,1.4593544537251333e-16,5.1260660813598534e-15,5.358186880390535e-15,9.40484012084899e-11,1.3341984509493803,-2.5716865510204985e-28,7.319963716023827e-08,1.156642296631879e-05,1.1754027487793076e-28,-2.8255687912782013e-06,-2.8255687912788594e-06,-2.825909675110089e-06,-4.5604168596077097e-20,1.1566422965610435e-05,1.3378214021940048e-10,5.545185827933431e-13,1.2806678344043277e-10,
moment9,0,600000,0.002,177,1.0,development,128,3.393849067920503e-16,3.394157295343478e-16,3.0822742438359574e-20,5.9899893952155754e-15,4.8389359865223346e-11,1.3300889299282517,1.4084451470603349e-28,7.73950217728219e-08,6.84373528993943e-06,-1.2720382096688815e-28,-0.00013513606914462156,-0.00013513606914461853,-0.00013513703109946325,-4.5054802559567724e-20,6.843735289255861e-06,4.683671270940601e-11,5.589505599696411e-13,9.712004210744318e-11,
mixed_sine,0,600000,0.002,177,0.8100925873009825,development,128,3.460178543112915e-08,-4.5464554686224534e-07,-4.892473322933746e-07,4.897666400358169e-08,7.255645098102014e-08,3.508266176260856,-1.0587911840678754e-22,0.0002213067192915337,0.0061620882904561795,-6.617444900424221e-23,-0.002201091480970714,-0.0022010914809707143,-0.002201093426404347,-7.387070653926444e-14,0.006162088288943107,3.797133208072979e-05,2.3293294470053056e-08,1.3655535707431723e-07,
localized_sine,0,600000,0.002,177,0.4822374526221915,development,128,-1.2713008313080568e-08,-1.6686609172371275e-07,-1.5415308341063215e-07,1.8668739320331322e-07,1.8109212913481068e-06,3.843897267062125,2.6469779601696886e-23,0.0004320733655333469,0.006140062858817833,-6.617444900424222e-24,-0.0046133763153910325,-0.0046133763153910325,-0.004614661188933389,-4.844019420736833e-11,0.006140061832283482,3.770035930426439e-05,1.160029652738394e-06,3.5504886732899593e-06,
chirp,0,600000,0.002,177,0.7001068817853702,development,128,-7.294244800664051e-07,-8.803875002658407e-07,-1.5096302019943546e-07,1.464972270401962e-06,8.780251176946903e-07,3.4496431166718216,1.5881867761018131e-22,0.0012103603886454489,0.01683976067483282,4.235164736271502e-22,-0.002593632875936712,-0.002593632875936717,-0.0025938154572664332,-5.17759631883397e-11,0.01683976050112011,0.000283577533735085,6.558980026308247e-07,2.4187935049618662e-06,
moment4,0,600000,0.002,177,1.0,development,128,-3.377677565863905e-12,2.66175312643174e-13,3.643852878507035e-12,7.009470459492467e-13,4.541044837005867e-09,1.3466357795130703,-4.362085261510107e-26,8.372258034420862e-07,8.009454182359998e-05,-3.2311742677852644e-27,0.0004172578970758001,0.00041725789707579525,0.00041725236782587415,-3.547088805295383e-17,8.009454165006773e-05,6.415135602134435e-09,1.5916768756523326e-11,5.272258186387768e-09,
blend_m010,0,600000,0.002,177,1.0,development,128,-3.7262134575222176e-10,1.1148232026481795e-11,3.837695777787036e-10,1.289363748192085e-11,1.7935717640130704e-07,1.5065716330132248,5.169878828456423e-26,3.590771154211982e-06,0.0005235721385289266,6.72084247699335e-25,0.0013125020346318739,0.0013125020346318728,0.0013122630851345593,-6.550268466369151e-14,0.0005235720922432278,2.7412773577595113e-07,1.1063580696480202e-09,2.2015403151513996e-07,
blend_p001,0,600000,0.002,177,1.0,development,128,2.4659472362799462e-14,3.421510541573816e-15,-2.1237961821225468e-14,8.350735925987294e-15,4.677920411146978e-10,1.3236964215098508,1.798602863903907e-28,9.138236113160621e-08,2.3269871731129963e-05,9.466330862652142e-30,-6.096136286965876e-05,-6.096136286965853e-05,-6.096215153988501e-05,-4.270546196621126e-19,2.3269871724749094e-05,5.414869300862773e-10,1.5669591330818253e-12,5.449268530120525e-10,
blend_p010,0,600000,0.002,177,1.0,development,128,-7.500194432705147e-12,7.272303725650462e-14,7.572917469961788e-12,2.4585936981026906e-13,5.401908881766535e-09,1.3183538502604228,1.357093192469811e-25,4.958420815242178e-07,0.00018681335238782704,-1.2278462217584005e-25,0.0002078659863818608,0.0002078659863818636,0.00020786519804566554,-2.7512325085372508e-17,0.0001868133522848231,3.4899228591893415e-08,1.6098787908899073e-11,6.203601227067253e-09,
blend_p030,0,600000,0.002,177,1.0,development,128,1.247396399380121e-08,-9.376561748431064e-08,-1.0623958147811186e-07,5.52662609500247e-09,5.46195798787741e-07,3.206299345431745,0.0,7.434128123056845e-05,0.002819755344594438,-1.819797347616661e-23,-0.0022636401491328336,-0.0022636401491328345,-0.0022639349157632595,-2.343695151839387e-12,0.002819755174980587,7.951019246829801e-06,8.549883086048234e-08,9.780281914777241e-07,
exp_right,22,600000,0.002,177,2.6119867843594364,development,128,3.1051496681152273e-12,-1.0739568263808123e-09,-1.0770619760489269e-09,3.631443867724383e-11,6.226867093088517e-09,2.479455074196058,6.203854594147708e-25,6.0261462542195095e-06,0.0002483776723943827,8.077935669463161e-27,-0.0006389675293497503,-0.0006389675293497494,-0.0006389795805391584,-7.434555657333583e-16,0.0002483776721040018,6.169146799980304e-08,2.1333241049070127e-09,1.2010332574104568e-08,exponential
exp_left,22,600000,0.002,177,13.649519383995864,development,128,6.161160001255493e-11,-2.245154625151161e-09,-2.3067662251637155e-09,8.828077141715112e-11,7.4459833122597015e-09,2.841861557569795,4.1359030627651384e-25,9.395784768562502e-06,0.0004232527758017906,-1.0339757656912846e-25,-0.0008367116635539356,-0.0008367116635539341,-0.0008367195205491742,-1.4075250065429728e-15,0.0004232527755249599,1.791429119895821e-07,5.13879465486826e-09,1.5308120369219712e-08,exponential
gauss_left,22,600000,0.002,177,0.3713011646461742,development,128,-1.4256660080493184e-08,1.0503974359292244e-07,1.1929640367341556e-07,6.815317930721265e-08,7.803967174604559e-07,5.390223822887395,-5.293955920339377e-23,0.00026106163890394287,0.004230100277302308,2.3161057151484775e-23,-0.0030109760724647827,-0.003010976072464781,-0.003012031249272412,-1.8881064767739372e-11,0.004230099885334755,1.789374503990911e-05,8.243369099769227e-07,1.8210227717245485e-06,gaussian
gauss_right,22,600000,0.002,177,0.23748502306292393,development,128,7.141985860538004e-10,-3.1251986422441686e-07,-3.132340628104707e-07,1.3790258934687657e-07,8.682042754116592e-07,5.526980278168726,-5.293955920339377e-23,0.0003713523789433381,0.007813860600937932,-4.952743917661253e-23,-0.002269881621947659,-0.0022698816219476566,-0.0022703067649749893,-2.5957708345762015e-11,0.007813860326364894,6.105641319993928e-05,1.2860594917504498e-06,2.0714610083054964e-06,gaussian
bump_left,22,600000,0.002,177,0.44348186274361356,development,128,-1.2835892026267064e-08,1.889583073092565e-07,2.017941993355235e-07,2.037374900284497e-08,1.6868050893137222e-07,4.881754097678936,-7.940933880509066e-23,0.00014273664211702952,0.003383640272554047,0.0,-0.0006583247208126294,-0.0006583247208126297,-0.0006583843933363346,-6.831919979789704e-13,0.0033836402514391987,1.1449021351159523e-05,1.40115439850882e-07,3.780080502336116e-07,compact_bump
bump_right,22,600000,0.002,177,0.32889495195335533,development,128,6.383971518890887e-10,-4.590992256909047e-09,-5.229389408798137e-09,2.5078861588275054e-09,1.188936538398734e-07,4.673217416559508,-8.271806125530277e-25,5.007879949467145e-05,0.0010223575375865079,-8.271806125530277e-25,-0.0030098330094173306,-0.00300983300941733,-0.003010178495027506,-3.611066955612256e-13,0.0010223575037473839,1.0452148654685822e-06,1.472246697346805e-07,2.630425141340886e-07,compact_bump
step_left,22,600000,0.002,177,0.9128852702404965,development,128,-5.961568571333313e-11,-1.1666356558350207e-08,-1.1606740872636873e-08,1.6630640800296778e-09,8.120010050803875e-08,2.2738045380338177,0.0,4.0780682682241574e-05,0.0011223063479720333,5.299125799167834e-25,-0.0012729701615869925,-0.0012729701615869931,-0.001273010993082934,-5.14301894963016e-14,0.001122306340615386,1.2595715221854987e-06,2.3209943493371432e-08,1.285022382697411e-07,tanh_step
step_right,22,600000,0.002,177,0.9636241118102141,development,128,-3.557126484440606e-09,-3.619558554637968e-08,-3.2638459061939054e-08,1.065585542956293e-08,3.0091578265198066e-07,2.170750908747153,1.9852334701272664e-23,0.00010322720295330553,0.002110472128916836,4.1359030627651384e-24,-0.0015935383812246972,-0.0015935383812246979,-0.0015937543231717016,-9.618253750778066e-13,0.002110472069012243,4.454092354080817e-06,1.220458710174216e-07,5.028458467980105e-07,tanh_step
kink_abs,22,600000,0.002,177,0.6214766720163144,development,128,-5.134967468137757e-10,-2.6376301530124878e-08,-2.586280478331111e-08,6.904710662786031e-10,6.015862111128064e-08,3.7851923635265763,-6.617444900424222e-24,2.6276816136636554e-05,0.0009284792306807997,1.0339757656912846e-24,-0.00020523253158879245,-0.00020523253158879272,-0.00020528909086772534,-4.875826502158995e-14,0.0009284792229842194,8.620736675133797e-07,1.5483495621742535e-08,1.1955011539691697e-07,kink
kink_relu,22,600000,0.002,177,0.2041432706959443,development,128,6.575329197261518e-11,-7.41983947053377e-09,-7.485592762506382e-09,3.4754061597957486e-10,4.4843510760807856e-08,2.121201341713863,3.308722450212111e-24,1.8642441255897115e-05,0.0005437608528786542,2.972680326362443e-25,-0.0013977453218798493,-0.0013977453218798502,-0.0013977938798531034,-1.4357420516474182e-14,0.000543760848446497,2.956758603032543e-07,1.6707654071648623e-08,6.942669018105322e-08,kink
