case_key,target,origin,arm,left_status,right_status,lambda_ratio,error_ratio,left_stability,right_stability
moment5_1409_30_adam,moment5,adam,rate_0.9_tracking01,complete,complete,1.000000000040077,0.9999999992885371,0.9002956605101531,0.9002956598420878
moment5_1409_30_adam,moment5,adam,rate_1.05_tracking01,complete,complete,0.9800127782525831,0.9569788820539236,1.0504047410430457,0.9552158654547748
moment5_1409_30_gd,moment5,gd,rate_0.9_tracking01,complete,complete,0.9999999999999198,1.0,0.8999813528368086,0.8999813528368784
moment5_1409_30_gd,moment5,gd,rate_1.05_tracking01,complete,complete,0.9962863370903424,1.0000000013011654,1.0499746594195714,0.9475235787689327
mixed_sine_1409_30_adam,mixed_sine,adam,rate_0.9_tracking01,complete,complete,1.0000000008407828,0.9999999962707249,0.9043576975544556,0.9043575887099289
mixed_sine_1409_30_adam,mixed_sine,adam,rate_1.05_tracking01,complete,complete,1.000787082013997,0.9967641349873552,1.0558735932596228,0.9867042075545359
mixed_sine_1409_30_gd,mixed_sine,gd,rate_0.9_tracking01,complete,complete,1.0000000374416038,0.9999999999960242,0.9397734986707104,0.9397734765109875
mixed_sine_1409_30_gd,mixed_sine,gd,rate_1.05_tracking01,complete,complete,1.0313615270779617,0.9999648073847693,1.1176716996132905,1.0015277526183628
gauss_left_1409_30_adam,gauss_left,adam,rate_0.9_tracking01,complete,complete,1.0000000000837885,1.000000000149052,0.9000110674491553,0.9000110673929906
gauss_left_1409_30_adam,gauss_left,adam,rate_1.05_tracking01,complete,complete,1.0135333436064748,0.7471704476508833,1.0500148895645653,0.9581210329567895
gauss_left_1409_30_gd,gauss_left,gd,rate_0.9_tracking01,complete,complete,0.9919960583427222,0.9243458942264771,1.4487584401292515,0.7722134308652359
gauss_left_1409_30_gd,gauss_left,gd,rate_1.05_tracking01,complete,complete,0.9521553047673168,0.7333998229805018,1.69371195785707,0.8896489141333743
bump_right_1409_30_adam,bump_right,adam,rate_0.9_tracking01,complete,complete,0.9999999999712629,0.99999999998205,0.8999713434473318,0.8999713436857684
bump_right_1409_30_adam,bump_right,adam,rate_1.05_tracking01,complete,complete,1.0012002233310544,0.9864057310389959,1.0499605053037497,0.962665634137168
bump_right_1409_30_gd,bump_right,gd,rate_0.9_tracking01,complete,complete,1.010633741213958,1.0115038359431947,1.3875310439421635,0.9614705159380542
bump_right_1409_30_gd,bump_right,gd,rate_1.05_tracking01,complete,complete,1.0158251550692263,0.9914938758433759,1.5487573892936801,0.7866477723011798
step_right_1409_30_adam,step_right,adam,rate_0.9_tracking01,complete,complete,0.9999999999999899,1.0000000000001559,0.9000122064117015,0.9000122064118696
step_right_1409_30_adam,step_right,adam,rate_1.05_tracking01,complete,complete,1.0059045397142217,0.603967178208301,1.0500166894648686,0.9549786109375715
step_right_1409_30_gd,step_right,gd,rate_0.9_tracking01,complete,complete,0.9999988653941071,1.0000114194040954,0.8976088987689305,0.8976255758008399
step_right_1409_30_gd,step_right,gd,rate_1.05_tracking01,complete,complete,1.0000940024991727,1.002715724916276,1.04787385545766,0.7980178514223264
kink_abs_1409_30_adam,kink_abs,adam,rate_0.9_tracking01,complete,complete,1.000000000000004,0.9999999999997365,0.9004150717755763,0.9004150717760289
kink_abs_1409_30_adam,kink_abs,adam,rate_1.05_tracking01,complete,complete,0.998976696432094,0.9575543697287376,1.0505517235176283,0.991242488073347
kink_abs_1409_30_gd,kink_abs,gd,rate_0.9_tracking01,complete,complete,0.8944121227453877,0.7879625777189991,2.4973595870907053,0.996424448065586
kink_abs_1409_30_gd,kink_abs,gd,rate_1.05_tracking01,complete,complete,0.848145270418053,0.6992289806177993,3.0001636016765745,1.0095928632667328
moment5_1409_31_adam,moment5,adam,rate_0.9_tracking01,complete,complete,0.9999999999570651,1.0000000000272042,0.9006905859362822,0.9006905859098989
moment5_1409_31_adam,moment5,adam,rate_1.05_tracking01,complete,complete,0.9837744275648722,0.9602786972527563,1.050938567878268,0.9596408520008092
moment5_1409_31_gd,moment5,gd,rate_0.9_tracking01,complete,complete,0.9999999999999226,1.0,0.8999874629976219,0.8999874629976874
moment5_1409_31_gd,moment5,gd,rate_1.05_tracking01,complete,complete,0.9963817906472772,1.0000000009227035,1.0499829631544453,0.9475030618565735
mixed_sine_1409_31_adam,mixed_sine,adam,rate_0.9_tracking01,complete,complete,1.0000000000000207,1.0000000000000024,0.9000633945807012,0.9000633945794589
mixed_sine_1409_31_adam,mixed_sine,adam,rate_1.05_tracking01,complete,complete,0.9996879467334597,0.9994001529106189,1.05008150457018,0.9743095599067384
mixed_sine_1409_31_gd,mixed_sine,gd,rate_0.9_tracking01,complete,complete,1.0000000392066475,0.9999999999989223,0.9430546950566226,0.9430546616722943
mixed_sine_1409_31_gd,mixed_sine,gd,rate_1.05_tracking01,complete,complete,1.0446153955426156,0.9999146987468356,1.1286649530916262,1.0072901094690012
gauss_left_1409_31_adam,gauss_left,adam,rate_0.9_tracking01,complete,complete,1.0000000000541356,1.0000000271397176,0.8999873952434421,0.8999873888975821
gauss_left_1409_31_adam,gauss_left,adam,rate_1.05_tracking01,complete,complete,1.0146541323719545,0.7452467647124237,1.0499842909117965,0.9579924999677316
gauss_left_1409_31_gd,gauss_left,gd,rate_0.9_tracking01,complete,complete,0.9922260017690449,1.047227813462776,1.771760314339348,1.0048993547961198
gauss_left_1409_31_gd,gauss_left,gd,rate_1.05_tracking01,complete,complete,0.9619076836769622,1.6177080687930867,1.8676773269833797,1.004915830073952
bump_right_1409_31_adam,bump_right,adam,rate_0.9_tracking01,complete,complete,0.9999999999996374,1.000000000000718,0.9000267165425854,0.900026716548202
bump_right_1409_31_adam,bump_right,adam,rate_1.05_tracking01,complete,complete,1.001224884706788,0.9942942361720868,1.050027631361586,0.958602582039745
bump_right_1409_31_gd,bump_right,gd,rate_0.9_tracking01,complete,complete,1.0050101099036306,1.0128918985828113,1.5231951364719767,0.9935124251642071
bump_right_1409_31_gd,bump_right,gd,rate_1.05_tracking01,complete,complete,1.0279897206044553,0.9807292383958434,1.6949544118699997,0.8487527513212713
step_right_1409_31_adam,step_right,adam,rate_0.9_tracking01,complete,complete,1.0000000000005127,0.9999999999314096,0.9000336920081781,0.9000336920083146
step_right_1409_31_adam,step_right,adam,rate_1.05_tracking01,complete,complete,1.0142261094182798,0.21122088100907802,1.0500457392603935,0.9683841096814135
step_right_1409_31_gd,step_right,gd,rate_0.9_tracking01,complete,complete,1.0022276318643204,0.9974993726983699,0.9615283079177241,0.8686522802941604
step_right_1409_31_gd,step_right,gd,rate_1.05_tracking01,complete,complete,1.005460696155644,0.993947195976265,1.1174483431495044,0.7801051411695635
kink_abs_1409_31_adam,kink_abs,adam,rate_0.9_tracking01,complete,complete,0.9999999999999504,0.9999999999999547,0.9007379820895539,0.9007379820898255
kink_abs_1409_31_adam,kink_abs,adam,rate_1.05_tracking01,complete,complete,0.9986010741768155,0.9585204626814368,1.0510002890270163,0.9881104851314171
kink_abs_1409_31_gd,kink_abs,gd,rate_0.9_tracking01,complete,complete,0.8936056559321349,0.7576367714777952,2.464973105898487,0.9946799382664288
kink_abs_1409_31_gd,kink_abs,gd,rate_1.05_tracking01,complete,complete,0.849211271338243,0.7252062153557061,2.976185051948067,1.0075994847373841
moment5_705_30_adam,moment5,adam,rate_0.9_tracking01,complete,complete,0.9999999963187871,0.9999999863060123,0.9003638181373967,0.9003637962322277
moment5_705_30_adam,moment5,adam,rate_1.05_tracking01,complete,complete,0.9859750030926517,0.9345414143528783,1.0504926230362062,0.9531779964229979
moment5_705_30_gd,moment5,gd,rate_0.9_tracking01,complete,complete,0.9999999999988582,1.0000000000000002,0.8999465351572385,0.8999465351581643
moment5_705_30_gd,moment5,gd,rate_1.05_tracking01,complete,complete,0.9958755874290112,1.0000000035356198,1.0499274040311386,0.9475033119912983
mixed_sine_705_30_adam,mixed_sine,adam,rate_0.9_tracking01,complete,complete,0.9999999999578948,0.9999999996768717,0.9026075943195154,0.9026075947199866
mixed_sine_705_30_adam,mixed_sine,adam,rate_1.05_tracking01,complete,complete,1.0017028447796585,0.9808817377002478,1.0535785224513377,0.9816443217344872
mixed_sine_705_30_gd,mixed_sine,gd,rate_0.9_tracking01,complete,complete,1.0939246511534781,0.9806415265374123,1.590768695510178,1.0008180796815036
mixed_sine_705_30_gd,mixed_sine,gd,rate_1.05_tracking01,complete,complete,1.0219264670217274,0.9739682054555462,2.654608172828418,1.0010695521276904
gauss_left_705_30_adam,gauss_left,adam,rate_0.9_tracking01,complete,complete,0.999999999647318,1.0000000029222402,0.900001107457234,0.9000011076190114
gauss_left_705_30_adam,gauss_left,adam,rate_1.05_tracking01,complete,complete,1.015956163847513,0.6047330163685658,1.0500017932571353,0.9556128939140345
gauss_left_705_30_gd,gauss_left,gd,rate_0.9_tracking01,complete,complete,1.0081252164202705,1.0376530100756896,1.2364729434619735,0.7343457055203253
gauss_left_705_30_gd,gauss_left,gd,rate_1.05_tracking01,complete,complete,1.0081518344500784,1.0045489877846945,1.434558455480933,0.8275013437342459
bump_right_705_30_adam,bump_right,adam,rate_0.9_tracking01,complete,complete,0.9999999999991854,1.0000000000023912,0.8999740409590687,0.8999740409689062
bump_right_705_30_adam,bump_right,adam,rate_1.05_tracking01,complete,complete,1.0012571365487137,0.9599435708221259,1.0499639808201788,0.955095954088733
bump_right_705_30_gd,bump_right,gd,rate_0.9_tracking01,complete,complete,0.989928401885821,1.0128062024463154,1.2407616488042168,0.9551316062258741
bump_right_705_30_gd,bump_right,gd,rate_1.05_tracking01,complete,complete,1.0102093426010184,0.9884073772531777,1.4202069877062249,0.8031899047670578
step_right_705_30_adam,step_right,adam,rate_0.9_tracking01,complete,complete,1.000000000001451,1.000000000104966,0.9000324564122871,0.90003245644382
step_right_705_30_adam,step_right,adam,rate_1.05_tracking01,complete,complete,1.0044702136106207,0.6763423954047014,1.050044457811708,0.9623967486245333
step_right_705_30_gd,step_right,gd,rate_0.9_tracking01,complete,complete,1.0174998186766384,1.060090176130986,0.9699801979616177,0.6806997724827917
step_right_705_30_gd,step_right,gd,rate_1.05_tracking01,complete,complete,1.0198209542391488,1.0808757416051054,1.1315768229231156,0.7748407662882711
kink_abs_705_30_adam,kink_abs,adam,rate_0.9_tracking01,complete,complete,1.0000000000687872,1.000000000183135,0.9009339697226506,0.9009339691822527
kink_abs_705_30_adam,kink_abs,adam,rate_1.05_tracking01,complete,complete,0.9988040601574996,0.9736518041190835,1.0512480770539052,0.994865393144093
kink_abs_705_30_gd,kink_abs,gd,rate_0.9_tracking01,complete,complete,0.9595011741521197,1.0184515850161968,1.7693493822963622,0.9046922931821049
kink_abs_705_30_gd,kink_abs,gd,rate_1.05_tracking01,complete,complete,0.9672487873489398,0.9955668316636012,2.0178378571253464,0.8668644657013634
moment5_705_31_adam,moment5,adam,rate_0.9_tracking01,complete,complete,0.9999999995964567,0.9999999946591528,0.9006376548403647,0.9006376472016545
moment5_705_31_adam,moment5,adam,rate_1.05_tracking01,complete,complete,0.9880268580702143,0.9485174994514266,1.0508736367916993,0.9533218952709215
moment5_705_31_gd,moment5,gd,rate_0.9_tracking01,complete,complete,0.9999999999985758,1.0,0.8999407621151863,0.8999407621164008
moment5_705_31_gd,moment5,gd,rate_1.05_tracking01,complete,complete,0.9964088759671723,1.000000004057082,1.049919925438605,0.9473833723638685
mixed_sine_705_31_adam,mixed_sine,adam,rate_0.9_tracking01,complete,complete,0.9999999999640732,0.9999999991436795,0.9031140362533268,0.903113990821422
mixed_sine_705_31_adam,mixed_sine,adam,rate_1.05_tracking01,complete,complete,0.9997053145887438,0.9984856217759512,1.0542569382200422,0.9566315037596473
mixed_sine_705_31_gd,mixed_sine,gd,rate_0.9_tracking01,complete,complete,1.038694366054726,0.9809679083494739,1.7600128436076052,1.0006778631027096
mixed_sine_705_31_gd,mixed_sine,gd,rate_1.05_tracking01,complete,complete,0.9918806811156927,0.9787886153393511,2.8453642308951737,1.0016804554981396
gauss_left_705_31_adam,gauss_left,adam,rate_0.9_tracking01,complete,complete,1.0000000000002012,0.999999999996816,0.9000119227681204,0.9000119227684387
gauss_left_705_31_adam,gauss_left,adam,rate_1.05_tracking01,complete,complete,1.017654177446182,0.2670896402612064,1.0500159660462818,0.9614657872981045
gauss_left_705_31_gd,gauss_left,gd,rate_0.9_tracking01,complete,complete,0.9844381403045046,1.0235612071414537,1.4709980776805807,0.9904523667658817
gauss_left_705_31_gd,gauss_left,gd,rate_1.05_tracking01,complete,complete,1.0091840426320162,1.0660751852273957,1.705958002013095,0.9813071054776464
bump_right_705_31_adam,bump_right,adam,rate_0.9_tracking01,complete,complete,1.0000000009758403,1.0000000036204735,0.9000549671885429,0.9000549326860483
bump_right_705_31_adam,bump_right,adam,rate_1.05_tracking01,complete,complete,1.0029752402461871,0.911930928114543,1.0500660041718568,0.9582696835608165
bump_right_705_31_gd,bump_right,gd,rate_0.9_tracking01,complete,complete,1.0007230040333734,1.0079701319877328,1.4727670892783813,0.9584203772919451
bump_right_705_31_gd,bump_right,gd,rate_1.05_tracking01,complete,complete,1.0110276556463096,0.9963544950831708,1.6774770388580846,0.9346393443069652
step_right_705_31_adam,step_right,adam,rate_0.9_tracking01,complete,complete,0.9999999999991801,1.0000000001053062,0.899978899008204,0.8999788989991059
step_right_705_31_adam,step_right,adam,rate_1.05_tracking01,complete,complete,1.0164479917344866,0.2662365283479929,1.0499741924235526,0.9703675424000467
step_right_705_31_gd,step_right,gd,rate_0.9_tracking01,complete,complete,1.0191798917539305,1.1405927333921917,0.9914411055279965,0.7127674667172949
step_right_705_31_gd,step_right,gd,rate_1.05_tracking01,complete,complete,1.023472558921163,1.1405895834493376,1.1522614851522224,0.7733686203871105
kink_abs_705_31_adam,kink_abs,adam,rate_0.9_tracking01,complete,complete,0.999999998741134,0.99999999526917,0.9004125453428317,0.9004125118762356
kink_abs_705_31_adam,kink_abs,adam,rate_1.05_tracking01,complete,complete,0.9991062651364403,0.9698239016615176,1.0505230705976925,0.9921227932030123
kink_abs_705_31_gd,kink_abs,gd,rate_0.9_tracking01,complete,complete,0.9728625760540285,1.0451383889954944,1.7148496424483812,0.8695032179509781
kink_abs_705_31_gd,kink_abs,gd,rate_1.05_tracking01,complete,complete,0.9776527586907325,1.0306972911622316,1.9598315899983083,0.8574495271018446
