bundle,target,n,seed,degree,kappa,actual_contrast,predicted_contrast,contrast_error
core_N128_s0,sine,128,0,0,0.0001,-0.030317023862245926,-0.030317023862245926,0.0
core_N128_s0,sine,128,0,0,0.001,-0.03030159173441918,-0.03030159173441918,0.0
core_N128_s0,sine,128,0,0,0.01,-0.030148183597848294,-0.030148183597848294,0.0
core_N128_s0,sine,128,0,0,0.1,-0.028519603004960092,-0.028519603004960092,0.0
core_N128_s0,sine,128,0,0,1.0,0.0,0.0,0.0
core_N128_s0,sine,128,0,0,10.0,0.0443180833773095,0.0443180833773095,0.0
core_N128_s0,sine,128,0,0,100.0,0.02026967513950803,0.02026967513950803,0.0
core_N128_s0,runge,128,0,0,0.0001,0.059680168296580405,0.059680168296580405,0.0
core_N128_s0,runge,128,0,0,0.001,0.05851177345643338,0.05851177345643338,0.0
core_N128_s0,runge,128,0,0,0.01,0.0491247974696474,0.0491247974696474,0.0
core_N128_s0,runge,128,0,0,0.1,0.02069328727918382,0.02069328727918382,0.0
core_N128_s0,runge,128,0,0,1.0,0.0,0.0,0.0
core_N128_s0,runge,128,0,0,10.0,0.0031519009948630383,0.0031519009948630383,0.0
core_N128_s0,runge,128,0,0,100.0,-0.0062807965809145855,-0.0062807965809145855,0.0
core_N128_s0,moment3,128,0,0,0.0001,0.10761797775644988,0.10761797775644988,0.0
core_N128_s0,moment3,128,0,0,0.001,0.12226036517962241,0.12226036517962241,0.0
core_N128_s0,moment3,128,0,0,0.01,0.12279780005706326,0.12279780005706326,0.0
core_N128_s0,moment3,128,0,0,0.1,0.06901324046865698,0.06901324046865698,0.0
core_N128_s0,moment3,128,0,0,1.0,0.0,0.0,0.0
core_N128_s0,moment3,128,0,0,10.0,-0.08152857827718625,-0.08152857827718625,0.0
core_N128_s0,moment3,128,0,0,100.0,-0.11432025064976485,-0.11432025064976485,0.0
core_N128_s0,moment5,128,0,0,0.0001,0.0013880417644790422,0.0013880417644790422,0.0
core_N128_s0,moment5,128,0,0,0.001,0.0013856457386118987,0.0013856457386118987,0.0
core_N128_s0,moment5,128,0,0,0.01,0.0013620105889269596,0.0013620105889269596,0.0
core_N128_s0,moment5,128,0,0,0.1,0.0011504471015746226,0.0011504471015746226,0.0
core_N128_s0,moment5,128,0,0,1.0,0.0,0.0,0.0
core_N128_s0,moment5,128,0,0,10.0,-0.0015205957657421915,-0.0015205957657421915,0.0
core_N128_s0,moment5,128,0,0,100.0,-0.001847584321650858,-0.001847584321650858,0.0
core_N128_s0,moment9,128,0,0,0.0001,0.0013765387764548276,0.0013765387764548276,0.0
core_N128_s0,moment9,128,0,0,0.001,0.0013742175407588791,0.0013742175407588791,0.0
core_N128_s0,moment9,128,0,0,0.01,0.001351168285322335,0.001351168285322335,0.0
core_N128_s0,moment9,128,0,0,0.1,0.0011383605940207958,0.0011383605940207958,0.0
core_N128_s0,moment9,128,0,0,1.0,0.0,0.0,0.0
core_N128_s0,moment9,128,0,0,10.0,-0.0015229283964750262,-0.0015229283964750262,0.0
core_N128_s0,moment9,128,0,0,100.0,-0.001866988543909348,-0.001866988543909348,0.0
core_N128_s0,sine,128,0,1,0.0001,-0.030317023862245926,-0.0021835276811652815,0.028133496181080644
core_N128_s0,sine,128,0,1,0.001,-0.03030159173441918,-0.0021788685008294895,0.02812272323358969
core_N128_s0,sine,128,0,1,0.01,-0.030148183597848294,-0.002133114358549515,0.02801506923929878
core_N128_s0,sine,128,0,1,0.1,-0.028519603004960092,-0.0016818966448720607,0.02683770636008803
core_N128_s0,sine,128,0,1,1.0,0.0,0.0,0.0
core_N128_s0,sine,128,0,1,10.0,0.0443180833773095,0.000918677993777206,-0.04339940538353229
core_N128_s0,sine,128,0,1,100.0,0.02026967513950803,0.001030478594120185,-0.019239196545387846
core_N128_s0,runge,128,0,1,0.0001,0.059680168296580405,-0.0014407268061791267,-0.06112089510275953
core_N128_s0,runge,128,0,1,0.001,0.05851177345643338,-0.001438171675762559,-0.05994994513219594
core_N128_s0,runge,128,0,1,0.01,0.0491247974696474,-0.0014128778987459317,-0.050537675368393334
core_N128_s0,runge,128,0,1,0.1,0.02069328727918382,-0.0011839170859418435,-0.021877204365125663
core_N128_s0,runge,128,0,1,1.0,0.0,0.0,0.0
core_N128_s0,runge,128,0,1,10.0,0.0031519009948630383,0.0013001891106633884,-0.00185171188419965
core_N128_s0,runge,128,0,1,100.0,-0.0062807965809145855,0.001557555803636812,0.007838352384551397
core_N128_s0,moment3,128,0,1,0.0001,0.10761797775644988,0.0014042809502963216,-0.10621369680615356
core_N128_s0,moment3,128,0,1,0.001,0.12226036517962241,0.0014018736829361361,-0.12085849149668627
core_N128_s0,moment3,128,0,1,0.01,0.12279780005706326,0.001378004502594607,-0.12141979555446865
core_N128_s0,moment3,128,0,1,0.1,0.06901324046865698,0.0011586169595358409,-0.06785462350912114
core_N128_s0,moment3,128,0,1,1.0,0.0,0.0,0.0
core_N128_s0,moment3,128,0,1,10.0,-0.08152857827718625,-0.0014941403738226028,0.08003443790336365
core_N128_s0,moment3,128,0,1,100.0,-0.11432025064976485,-0.001835613838017905,0.11248463681174695
core_N128_s0,moment5,128,0,1,0.0001,0.0013880417644790422,0.0014042809502963216,1.6239185817279456e-05
core_N128_s0,moment5,128,0,1,0.001,0.0013856457386118987,0.0014018736829361361,1.6227944324237464e-05
core_N128_s0,moment5,128,0,1,0.01,0.0013620105889269596,0.001378004502594607,1.5993913667647353e-05
core_N128_s0,moment5,128,0,1,0.1,0.0011504471015746226,0.0011586169595358409,8.169857961218274e-06
core_N128_s0,moment5,128,0,1,1.0,0.0,0.0,0.0
core_N128_s0,moment5,128,0,1,10.0,-0.0015205957657421915,-0.0014941403738226305,2.6455391919560922e-05
core_N128_s0,moment5,128,0,1,100.0,-0.001847584321650858,-0.001835613838017905,1.1970483632953166e-05
core_N128_s0,moment9,128,0,1,0.0001,0.0013765387764548276,0.0014042809502963216,2.7742173841494022e-05
core_N128_s0,moment9,128,0,1,0.001,0.0013742175407588791,0.0014018736829361361,2.765614217725698e-05
core_N128_s0,moment9,128,0,1,0.01,0.001351168285322335,0.001378004502594607,2.6836217272271923e-05
core_N128_s0,moment9,128,0,1,0.1,0.0011383605940207958,0.0011586169595358409,2.025636551504506e-05
core_N128_s0,moment9,128,0,1,1.0,0.0,0.0,0.0
core_N128_s0,moment9,128,0,1,10.0,-0.0015229283964750262,-0.0014941403738226028,2.8788022652423417e-05
core_N128_s0,moment9,128,0,1,100.0,-0.001866988543909348,-0.001835613838017905,3.13747058914432e-05
core_N128_s0,sine,128,0,3,0.0001,-0.030317023862245926,-0.03007344239682809,0.00024358146541783587
core_N128_s0,sine,128,0,3,0.001,-0.03030159173441918,-0.03005693584626995,0.0002446558881492311
core_N128_s0,sine,128,0,3,0.01,-0.030148183597848294,-0.029892684847748957,0.00025549875009933665
core_N128_s0,sine,128,0,3,0.1,-0.028519603004960092,-0.028235094126395605,0.0002845088785644878
core_N128_s0,sine,128,0,3,1.0,0.0,0.0,0.0
core_N128_s0,sine,128,0,3,10.0,0.0443180833773095,-0.0024500064688157824,-0.04676808984612528
core_N128_s0,sine,128,0,3,100.0,0.02026967513950803,-0.0069105582067170435,-0.027180233346225074
core_N128_s0,runge,128,0,3,0.0001,0.059680168296580405,0.016634515819658552,-0.04304565247692185
core_N128_s0,runge,128,0,3,0.001,0.05851177345643338,0.016422503638751418,-0.04208926981768196
core_N128_s0,runge,128,0,3,0.01,0.0491247974696474,0.014712465261447233,-0.03441233220820017
core_N128_s0,runge,128,0,3,0.1,0.02069328727918382,0.007872581797439313,-0.012820705481744507
core_N128_s0,runge,128,0,3,1.0,0.0,0.0,0.0
core_N128_s0,runge,128,0,3,10.0,0.0031519009948630383,0.0021525516210197243,-0.000999349373843314
core_N128_s0,runge,128,0,3,100.0,-0.0062807965809145855,-0.0003396148669466553,0.00594118171396793
core_N128_s0,moment3,128,0,3,0.0001,0.10761797775644988,0.03257322402281776,-0.07504475373363212
core_N128_s0,moment3,128,0,3,0.001,0.12226036517962241,0.02844689524089919,-0.09381346993872322
core_N128_s0,moment3,128,0,3,0.01,0.12279780005706326,0.010703652136931543,-0.11209414792013171
core_N128_s0,moment3,128,0,3,0.1,0.06901324046865698,-0.010261691798558528,-0.0792749322672155
core_N128_s0,moment3,128,0,3,1.0,0.0,0.0,0.0
core_N128_s0,moment3,128,0,3,10.0,-0.08152857827718625,0.0059026194277042865,0.08743119770489054
core_N128_s0,moment3,128,0,3,100.0,-0.11432025064976485,0.0058409916486205915,0.12016124229838544
core_N128_s0,moment5,128,0,3,0.0001,0.0013880417644790422,0.0013641908929893642,-2.3850871489677905e-05
core_N128_s0,moment5,128,0,3,0.001,0.0013856457386118987,0.0013619073384370933,-2.373840017480533e-05
core_N128_s0,moment5,128,0,3,0.01,0.0013620105889269596,0.0013392275924364733,-2.2782996490486318e-05
core_N128_s0,moment5,128,0,3,0.1,0.0011504471015746226,0.0011291206897576511,-2.132641181697148e-05
core_N128_s0,moment5,128,0,3,1.0,0.0,0.0,0.0
core_N128_s0,moment5,128,0,3,10.0,-0.0015205957657421915,-0.0015196770473194787,9.187184227127387e-07
core_N128_s0,moment5,128,0,3,100.0,-0.001847584321650858,-0.0018627179957302897,-1.513367407943167e-05
core_N128_s0,moment9,128,0,3,0.0001,0.0013765387764548276,0.001364190892989392,-1.2347883465435583e-05
core_N128_s0,moment9,128,0,3,0.001,0.0013742175407588791,0.001361907338437135,-1.231020232174418e-05
core_N128_s0,moment9,128,0,3,0.01,0.001351168285322335,0.001339227592436515,-1.1940692885820114e-05
core_N128_s0,moment9,128,0,3,0.1,0.0011383605940207958,0.0011291206897576928,-9.23990426310306e-06
core_N128_s0,moment9,128,0,3,1.0,0.0,0.0,0.0
core_N128_s0,moment9,128,0,3,10.0,-0.0015229283964750262,-0.0015196770473194787,3.2513491555474783e-06
core_N128_s0,moment9,128,0,3,100.0,-0.001866988543909348,-0.0018627179957302897,4.270548179058364e-06
core_N128_s0,sine,128,0,5,0.0001,-0.030317023862245926,-0.02858378230297348,0.0017332415592724443
core_N128_s0,sine,128,0,5,0.001,-0.03030159173441918,-0.028568381610661997,0.001733210123757184
core_N128_s0,sine,128,0,5,0.01,-0.030148183597848294,-0.02841529038064311,0.0017328932172051836
core_N128_s0,sine,128,0,5,0.1,-0.028519603004960092,-0.026785379168497395,0.0017342238364626977
core_N128_s0,sine,128,0,5,1.0,0.0,0.0,0.0
core_N128_s0,sine,128,0,5,10.0,0.0443180833773095,0.08296451293364354,0.038646429556334044
core_N128_s0,sine,128,0,5,100.0,0.02026967513950803,0.026134068533709753,0.005864393394201722
core_N128_s0,runge,128,0,5,0.0001,0.059680168296580405,0.06261615854269795,0.0029359902461175424
core_N128_s0,runge,128,0,5,0.001,0.05851177345643338,0.062281185986139714,0.003769412529706334
core_N128_s0,runge,128,0,5,0.01,0.0491247974696474,0.059467406809171036,0.010342609339523634
core_N128_s0,runge,128,0,5,0.1,0.02069328727918382,0.04632078793608668,0.025627500656902863
core_N128_s0,runge,128,0,5,1.0,0.0,0.0,0.0
core_N128_s0,runge,128,0,5,10.0,0.0031519009948630383,-0.01882008499482951,-0.02197198598969255
core_N128_s0,runge,128,0,5,100.0,-0.0062807965809145855,-0.03333506750548662,-0.027054270924572035
core_N128_s0,moment3,128,0,5,0.0001,0.10761797775644988,-0.02240506123604248,-0.13002303899249235
core_N128_s0,moment3,128,0,5,0.001,0.12226036517962241,-0.019020932000049104,-0.14128129717967153
core_N128_s0,moment3,128,0,5,0.01,0.12279780005706326,0.013982134030392168,-0.10881566602667109
core_N128_s0,moment3,128,0,5,0.1,0.06901324046865698,0.06893931041271484,-7.393005594213964e-05
core_N128_s0,moment3,128,0,5,1.0,0.0,0.0,0.0
core_N128_s0,moment3,128,0,5,10.0,-0.08152857827718625,-0.04316996881678724,0.03835860946039901
core_N128_s0,moment3,128,0,5,100.0,-0.11432025064976485,-0.05037575062404252,0.06394450002572233
core_N128_s0,moment5,128,0,5,0.0001,0.0013880417644790422,0.001391493810111527,3.4520456324849125e-06
core_N128_s0,moment5,128,0,5,0.001,0.0013856457386118987,0.0013890838856906867,3.4381470787880897e-06
core_N128_s0,moment5,128,0,5,0.01,0.0013620105889269596,0.001366238033505357,4.22744457839741e-06
core_N128_s0,moment5,128,0,5,0.1,0.0011504471015746226,0.0011540760144613527,3.6289128867300624e-06
core_N128_s0,moment5,128,0,5,1.0,0.0,0.0,0.0
core_N128_s0,moment5,128,0,5,10.0,-0.0015205957657421915,-0.0015210250193933017,-4.292536511102396e-07
core_N128_s0,moment5,128,0,5,100.0,-0.001847584321650858,-0.0018410447528825202,6.539568768337833e-06
core_N128_s0,moment9,128,0,5,0.0001,0.0013765387764548276,0.0013772192918662524,6.805154114247758e-07
core_N128_s0,moment9,128,0,5,0.001,0.0013742175407588791,0.0013748959974307084,6.784566718293084e-07
core_N128_s0,moment9,128,0,5,0.01,0.001351168285322335,0.0013518265612872254,6.582759648904313e-07
core_N128_s0,moment9,128,0,5,0.1,0.0011383605940207958,0.0011388644048367647,5.038108159688415e-07
core_N128_s0,moment9,128,0,5,1.0,0.0,0.0,0.0
core_N128_s0,moment9,128,0,5,10.0,-0.0015229283964750262,-0.0015231121482021104,-1.8375172708418042e-07
core_N128_s0,moment9,128,0,5,100.0,-0.001866988543909348,-0.0018672193037146262,-2.3075980527809126e-07
core_N128_s0,sine,128,0,7,0.0001,-0.030317023862245926,-0.02930729693833735,0.001009726923908577
core_N128_s0,sine,128,0,7,0.001,-0.03030159173441918,-0.029291863571314303,0.0010097281631048782
core_N128_s0,sine,128,0,7,0.01,-0.030148183597848294,-0.029138442994797592,0.0010097406030507017
core_N128_s0,sine,128,0,7,0.1,-0.028519603004960092,-0.02750989941845837,0.0010097035865017229
core_N128_s0,sine,128,0,7,1.0,0.0,0.0,0.0
core_N128_s0,sine,128,0,7,10.0,0.0443180833773095,0.02471256002601649,-0.01960552335129301
core_N128_s0,sine,128,0,7,100.0,0.02026967513950803,0.007096835975655483,-0.013172839163852548
core_N128_s0,runge,128,0,7,0.0001,0.059680168296580405,0.015935905827407462,-0.04374426246917294
core_N128_s0,runge,128,0,7,0.001,0.05851177345643338,0.015873980510284116,-0.042637792946149264
core_N128_s0,runge,128,0,7,0.01,0.0491247974696474,0.015926021981899754,-0.03319877548774765
core_N128_s0,runge,128,0,7,0.1,0.02069328727918382,0.018347860460236634,-0.0023454268189471855
core_N128_s0,runge,128,0,7,1.0,0.0,0.0,0.0
core_N128_s0,runge,128,0,7,10.0,0.0031519009948630383,-0.00597392298961559,-0.009125823984478629
core_N128_s0,runge,128,0,7,100.0,-0.0062807965809145855,-0.018073263040110712,-0.011792466459196127
core_N128_s0,moment3,128,0,7,0.0001,0.10761797775644988,-0.0536246195845467,-0.16124259734099658
core_N128_s0,moment3,128,0,7,0.001,0.12226036517962241,-0.0529516364658123,-0.1752120016454347
core_N128_s0,moment3,128,0,7,0.01,0.12279780005706326,-0.05175891870843277,-0.17455671876549603
core_N128_s0,moment3,128,0,7,0.1,0.06901324046865698,-0.08616028139488272,-0.1551735218635397
core_N128_s0,moment3,128,0,7,1.0,0.0,0.0,0.0
core_N128_s0,moment3,128,0,7,10.0,-0.08152857827718625,-0.042964960827843596,0.038563617449342655
core_N128_s0,moment3,128,0,7,100.0,-0.11432025064976485,-0.07916764678229739,0.03515260386746746
core_N128_s0,moment5,128,0,7,0.0001,0.0013880417644790422,0.0013878955818711763,-1.4618260786580795e-07
core_N128_s0,moment5,128,0,7,0.001,0.0013856457386118987,0.001385500495560868,-1.452430510306968e-07
core_N128_s0,moment5,128,0,7,0.01,0.0013620105889269596,0.001361804933886851,-2.056550401086099e-07
core_N128_s0,moment5,128,0,7,0.1,0.0011504471015746226,0.001150318749496393,-1.2835207822969874e-07
core_N128_s0,moment5,128,0,7,1.0,0.0,0.0,0.0
core_N128_s0,moment5,128,0,7,10.0,-0.0015205957657421915,-0.0015206569636888323,-6.119794664083411e-08
core_N128_s0,moment5,128,0,7,100.0,-0.001847584321650858,-0.0018481104741219917,-5.261524711336341e-07
core_N128_s0,moment9,128,0,7,0.0001,0.0013765387764548276,0.0013765038390370216,-3.493741780602466e-08
core_N128_s0,moment9,128,0,7,0.001,0.0013742175407588791,0.0013741827113725458,-3.4829386333368184e-08
core_N128_s0,moment9,128,0,7,0.01,0.001351168285322335,0.001351134513936203,-3.377138613203101e-08
core_N128_s0,moment9,128,0,7,0.1,0.0011383605940207958,0.0011383349533961168,-2.564062467902417e-08
core_N128_s0,moment9,128,0,7,1.0,0.0,0.0,0.0
core_N128_s0,moment9,128,0,7,10.0,-0.0015229283964750262,-0.001522918949546162,9.446928864176307e-09
core_N128_s0,moment9,128,0,7,100.0,-0.001866988543909348,-0.001866976766322595,1.177758675308116e-08
core_N128_s2,sine,128,2,0,0.0001,-0.08852400745662357,-0.08852400745662357,0.0
core_N128_s2,sine,128,2,0,0.001,-0.0885068676756984,-0.0885068676756984,0.0
core_N128_s2,sine,128,2,0,0.01,-0.08833587772513883,-0.08833587772513883,0.0
core_N128_s2,sine,128,2,0,0.1,-0.08659335057468945,-0.08659335057468945,0.0
core_N128_s2,sine,128,2,0,1.0,0.0,0.0,0.0
core_N128_s2,sine,128,2,0,10.0,-0.028762374395005397,-0.028762374395005397,0.0
core_N128_s2,sine,128,2,0,100.0,-0.04011292213310147,-0.04011292213310147,0.0
core_N128_s2,runge,128,2,0,0.0001,0.05282879885756353,0.05282879885756353,0.0
core_N128_s2,runge,128,2,0,0.001,0.05187266564710624,0.05187266564710624,0.0
core_N128_s2,runge,128,2,0,0.01,0.04424348991735777,0.04424348991735777,0.0
core_N128_s2,runge,128,2,0,0.1,0.01761909613409482,0.01761909613409482,0.0
core_N128_s2,runge,128,2,0,1.0,0.0,0.0,0.0
core_N128_s2,runge,128,2,0,10.0,-0.005583772093510991,-0.005583772093510991,0.0
core_N128_s2,runge,128,2,0,100.0,-0.013253823453586985,-0.013253823453586985,0.0
core_N128_s2,moment3,128,2,0,0.0001,0.026400669711130198,0.026400669711130198,0.0
core_N128_s2,moment3,128,2,0,0.001,0.041143042567523325,0.041143042567523325,0.0
core_N128_s2,moment3,128,2,0,0.01,0.09811620830328105,0.09811620830328105,0.0
core_N128_s2,moment3,128,2,0,0.1,0.08266560964432451,0.08266560964432451,0.0
core_N128_s2,moment3,128,2,0,1.0,0.0,0.0,0.0
core_N128_s2,moment3,128,2,0,10.0,-0.06084981805766855,-0.06084981805766855,0.0
core_N128_s2,moment3,128,2,0,100.0,-0.08510074606118435,-0.08510074606118435,0.0
core_N128_s2,moment5,128,2,0,0.0001,0.0015999096538215768,0.0015999096538215768,0.0
core_N128_s2,moment5,128,2,0,0.001,0.0015973804340684294,0.0015973804340684294,0.0
core_N128_s2,moment5,128,2,0,0.01,0.0015720013178631836,0.0015720013178631836,0.0
core_N128_s2,moment5,128,2,0,0.1,0.0013589998103850781,0.0013589998103850781,0.0
core_N128_s2,moment5,128,2,0,1.0,0.0,0.0,0.0
core_N128_s2,moment5,128,2,0,10.0,-0.001994384262002352,-0.001994384262002352,0.0
core_N128_s2,moment5,128,2,0,100.0,-0.00257694154926906,-0.00257694154926906,0.0
core_N128_s2,moment9,128,2,0,0.0001,0.0015213126118898551,0.0015213126118898551,0.0
core_N128_s2,moment9,128,2,0,0.001,0.0015185274919748276,0.0015185274919748276,0.0
core_N128_s2,moment9,128,2,0,0.01,0.0014908575845387073,0.0014908575845387073,0.0
core_N128_s2,moment9,128,2,0,0.1,0.0012821911536434888,0.0012821911536434888,0.0
core_N128_s2,moment9,128,2,0,1.0,0.0,0.0,0.0
core_N128_s2,moment9,128,2,0,10.0,-0.0018800495201288653,-0.0018800495201288653,0.0
core_N128_s2,moment9,128,2,0,100.0,-0.0024723004782430946,-0.0024723004782430946,0.0
core_N128_s2,sine,128,2,1,0.0001,-0.08852400745662357,0.00022287743081052247,0.0887468848874341
core_N128_s2,sine,128,2,1,0.001,-0.0885068676756984,0.00022213779919302845,0.08872900547489143
core_N128_s2,sine,128,2,1,0.01,-0.08833587772513883,0.000217766191824037,0.08855364391696287
core_N128_s2,sine,128,2,1,0.1,-0.08659335057468945,0.0001896980361296985,0.08678304861081915
core_N128_s2,sine,128,2,1,1.0,0.0,0.0,0.0
core_N128_s2,sine,128,2,1,10.0,-0.028762374395005397,-0.0007333563473193305,0.028029018047686066
core_N128_s2,sine,128,2,1,100.0,-0.04011292213310147,-0.0008970617780622303,0.03921586035503924
core_N128_s2,runge,128,2,1,0.0001,0.05282879885756353,-6.459247945000968e-05,-0.05289339133701354
core_N128_s2,runge,128,2,1,0.001,0.05187266564710624,-6.44060149122827e-05,-0.051937071662018525
core_N128_s2,runge,128,2,1,0.01,0.04424348991735777,-6.257868782269527e-05,-0.044306068605180465
core_N128_s2,runge,128,2,1,0.1,0.01761909613409482,-4.743385401022315e-05,-0.017666529988105042
core_N128_s2,runge,128,2,1,1.0,0.0,0.0,0.0
core_N128_s2,runge,128,2,1,10.0,-0.005583772093510991,2.049459379722951e-05,0.005604266687308221
core_N128_s2,runge,128,2,1,100.0,-0.013253823453586985,2.2848409542849946e-05,0.013276671863129835
core_N128_s2,moment3,128,2,1,0.0001,0.026400669711130198,0.0015381591771650854,-0.024862510533965113
core_N128_s2,moment3,128,2,1,0.001,0.041143042567523325,0.001535664122334801,-0.039607378445188524
core_N128_s2,moment3,128,2,1,0.01,0.09811620830328105,0.0015106409657288516,-0.0966055673375522
core_N128_s2,moment3,128,2,1,0.1,0.08266560964432451,0.0013141565308571468,-0.08135145311346736
core_N128_s2,moment3,128,2,1,1.0,0.0,0.0,0.0
core_N128_s2,moment3,128,2,1,10.0,-0.06084981805766855,-0.0018907231506982147,0.058959094906970336
core_N128_s2,moment3,128,2,1,100.0,-0.08510074606118435,-0.0024968537524483747,0.08260389230873598
core_N128_s2,moment5,128,2,1,0.0001,0.0015999096538215768,0.0015381591771650993,-6.175047665647748e-05
core_N128_s2,moment5,128,2,1,0.001,0.0015973804340684294,0.0015356641223348289,-6.171631173360059e-05
core_N128_s2,moment5,128,2,1,0.01,0.0015720013178631836,0.0015106409657288378,-6.136035213434587e-05
core_N128_s2,moment5,128,2,1,0.1,0.0013589998103850781,0.001314156530857119,-4.484327952795908e-05
core_N128_s2,moment5,128,2,1,1.0,0.0,0.0,0.0
core_N128_s2,moment5,128,2,1,10.0,-0.001994384262002352,-0.0018907231506982008,0.00010366111130415134
core_N128_s2,moment5,128,2,1,100.0,-0.00257694154926906,-0.002496853752448361,8.008779682069922e-05
core_N128_s2,moment9,128,2,1,0.0001,0.0015213126118898551,0.0015381591771650854,1.684656527523032e-05
core_N128_s2,moment9,128,2,1,0.001,0.0015185274919748276,0.001535664122334815,1.713663035998736e-05
core_N128_s2,moment9,128,2,1,0.01,0.0014908575845387073,0.0015106409657288794,1.978338119017209e-05
core_N128_s2,moment9,128,2,1,0.1,0.0012821911536434888,0.001314156530857119,3.196537721363024e-05
core_N128_s2,moment9,128,2,1,1.0,0.0,0.0,0.0
core_N128_s2,moment9,128,2,1,10.0,-0.0018800495201288653,-0.0018907231506982008,-1.0673630569335568e-05
core_N128_s2,moment9,128,2,1,100.0,-0.0024723004782430946,-0.002496853752448361,-2.4553274205266207e-05
core_N128_s2,sine,128,2,3,0.0001,-0.08852400745662357,-0.03911173071484168,0.04941227674178189
core_N128_s2,sine,128,2,3,0.001,-0.0885068676756984,-0.0390901236896484,0.049416743986050005
core_N128_s2,sine,128,2,3,0.01,-0.08833587772513883,-0.03887354822509609,0.04946232950004274
core_N128_s2,sine,128,2,3,0.1,-0.08659335057468945,-0.03659253321576675,0.0500008173589227
core_N128_s2,sine,128,2,3,1.0,0.0,0.0,0.0
core_N128_s2,sine,128,2,3,10.0,-0.028762374395005397,-0.023671919576999725,0.005090454818005671
core_N128_s2,sine,128,2,3,100.0,-0.04011292213310147,-0.030251596792912075,0.009861325340189395
core_N128_s2,runge,128,2,3,0.0001,0.05282879885756353,0.014561796871010349,-0.03826700198655318
core_N128_s2,runge,128,2,3,0.001,0.05187266564710624,0.014404892930646812,-0.03746777271645943
core_N128_s2,runge,128,2,3,0.01,0.04424348991735777,0.013119173815879195,-0.031124316101478575
core_N128_s2,runge,128,2,3,0.1,0.01761909613409482,0.007725163553388828,-0.009893932580705991
core_N128_s2,runge,128,2,3,1.0,0.0,0.0,0.0
core_N128_s2,runge,128,2,3,10.0,-0.005583772093510991,-0.004145956216772564,0.001437815876738427
core_N128_s2,runge,128,2,3,100.0,-0.013253823453586985,-0.00917416687410326,0.004079656579483726
core_N128_s2,moment3,128,2,3,0.0001,0.026400669711130198,0.030583590091857224,0.004182920380727026
core_N128_s2,moment3,128,2,3,0.001,0.041143042567523325,0.02784439620067282,-0.013298646366850506
core_N128_s2,moment3,128,2,3,0.01,0.09811620830328105,0.013561541141369052,-0.084554667161912
core_N128_s2,moment3,128,2,3,0.1,0.08266560964432451,-0.014138958257942272,-0.09680456790226678
core_N128_s2,moment3,128,2,3,1.0,0.0,0.0,0.0
core_N128_s2,moment3,128,2,3,10.0,-0.06084981805766855,0.004915210186895239,0.06576502824456379
core_N128_s2,moment3,128,2,3,100.0,-0.08510074606118435,0.004216378355911737,0.08931712441709609
core_N128_s2,moment5,128,2,3,0.0001,0.0015999096538215768,0.0015146080953503116,-8.530155847126519e-05
core_N128_s2,moment5,128,2,3,0.001,0.0015973804340684294,0.0015118500497895843,-8.553038427884518e-05
core_N128_s2,moment5,128,2,3,0.01,0.0015720013178631836,0.0014842031964023283,-8.77981214608553e-05
core_N128_s2,moment5,128,2,3,0.1,0.0013589998103850781,0.0012755516449241694,-8.344816546090872e-05
core_N128_s2,moment5,128,2,3,1.0,0.0,0.0,0.0
core_N128_s2,moment5,128,2,3,10.0,-0.001994384262002352,-0.0018741925684649524,0.00012019169353739978
core_N128_s2,moment5,128,2,3,100.0,-0.00257694154926906,-0.002463574693723422,0.00011336685554563797
core_N128_s2,moment9,128,2,3,0.0001,0.0015213126118898551,0.0015146080953503255,-6.704516539529637e-06
core_N128_s2,moment9,128,2,3,0.001,0.0015185274919748276,0.0015118500497896398,-6.677442185187843e-06
core_N128_s2,moment9,128,2,3,0.01,0.0014908575845387073,0.00148420319640237,-6.654388136337341e-06
core_N128_s2,moment9,128,2,3,0.1,0.0012821911536434888,0.0012755516449241555,-6.639508719333276e-06
core_N128_s2,moment9,128,2,3,1.0,0.0,0.0,0.0
core_N128_s2,moment9,128,2,3,10.0,-0.0018800495201288653,-0.0018741925684649663,5.8569516638989905e-06
core_N128_s2,moment9,128,2,3,100.0,-0.0024723004782430946,-0.0024635746937234637,8.725784519630908e-06
core_N128_s2,sine,128,2,5,0.0001,-0.08852400745662357,-0.09674923444814636,-0.008225226991522783
core_N128_s2,sine,128,2,5,0.001,-0.0885068676756984,-0.09673221099989612,-0.00822534332419772
core_N128_s2,sine,128,2,5,0.01,-0.08833587772513883,-0.09656240574838312,-0.008226528023244292
core_N128_s2,sine,128,2,5,0.1,-0.08659335057468945,-0.0948333432547267,-0.00823999268003725
core_N128_s2,sine,128,2,5,1.0,0.0,0.0,0.0
core_N128_s2,sine,128,2,5,10.0,-0.028762374395005397,0.017076394313188248,0.045838768708193645
core_N128_s2,sine,128,2,5,100.0,-0.04011292213310147,-0.05468471927751928,-0.014571797144417808
core_N128_s2,runge,128,2,5,0.0001,0.05282879885756353,0.06453034465327023,0.011701545795706703
core_N128_s2,runge,128,2,5,0.001,0.05187266564710624,0.06426966454789246,0.012396998900786216
core_N128_s2,runge,128,2,5,0.01,0.04424348991735777,0.06173567968881932,0.017492189771461553
core_N128_s2,runge,128,2,5,0.1,0.01761909613409482,0.043256774745373205,0.025637678611278386
core_N128_s2,runge,128,2,5,1.0,0.0,0.0,0.0
core_N128_s2,runge,128,2,5,10.0,-0.005583772093510991,-0.022555657527652942,-0.01697188543414195
core_N128_s2,runge,128,2,5,100.0,-0.013253823453586985,-0.03787451995107233,-0.024620696497485342
core_N128_s2,moment3,128,2,5,0.0001,0.026400669711130198,-0.05793027459456489,-0.08433094430569509
core_N128_s2,moment3,128,2,5,0.001,0.041143042567523325,-0.05537528596708845,-0.09651832853461177
core_N128_s2,moment3,128,2,5,0.01,0.09811620830328105,-0.03360873011550315,-0.1317249384187842
core_N128_s2,moment3,128,2,5,0.1,0.08266560964432451,0.04203521768344304,-0.04063039196088147
core_N128_s2,moment3,128,2,5,1.0,0.0,0.0,0.0
core_N128_s2,moment3,128,2,5,10.0,-0.06084981805766855,-0.04443691496476364,0.016412903092904912
core_N128_s2,moment3,128,2,5,100.0,-0.08510074606118435,-0.0508789881676681,0.03422175789351625
core_N128_s2,moment5,128,2,5,0.0001,0.0015999096538215768,0.0016111284603601006,1.1218806538523807e-05
core_N128_s2,moment5,128,2,5,0.001,0.0015973804340684294,0.0016085611192970112,1.1180685228581733e-05
core_N128_s2,moment5,128,2,5,0.01,0.0015720013178631836,0.0015828049237670977,1.0803605903914049e-05
core_N128_s2,moment5,128,2,5,0.1,0.0013589998103850781,0.0013690710394970718,1.0071229111993651e-05
core_N128_s2,moment5,128,2,5,1.0,0.0,0.0,0.0
core_N128_s2,moment5,128,2,5,10.0,-0.001994384262002352,-0.002007718174144038,-1.3333912141685889e-05
core_N128_s2,moment5,128,2,5,100.0,-0.00257694154926906,-0.0025841367021838257,-7.19515291476569e-06
core_N128_s2,moment9,128,2,5,0.0001,0.0015213126118898551,0.0015216860566265311,3.7344473667599853e-07
core_N128_s2,moment9,128,2,5,0.001,0.0015185274919748276,0.001518899626964637,3.7213498980948057e-07
core_N128_s2,moment9,128,2,5,0.01,0.0014908575845387073,0.0014912584757850456,4.008912463382419e-07
core_N128_s2,moment9,128,2,5,0.1,0.0012821911536434888,0.0012825352822851965,3.441286417077416e-07
core_N128_s2,moment9,128,2,5,1.0,0.0,0.0,0.0
core_N128_s2,moment9,128,2,5,10.0,-0.0018800495201288653,-0.0018803565714524684,-3.070513236030914e-07
core_N128_s2,moment9,128,2,5,100.0,-0.0024723004782430946,-0.002472753600677391,-4.531224342962936e-07
core_N128_s2,sine,128,2,7,0.0001,-0.08852400745662357,-0.05959546704592514,0.028928540410698436
core_N128_s2,sine,128,2,7,0.001,-0.0885068676756984,-0.05957832358355264,0.028928544092145764
core_N128_s2,sine,128,2,7,0.01,-0.08833587772513883,-0.05940729605026239,0.02892858167487644
core_N128_s2,sine,128,2,7,0.1,-0.08659335057468945,-0.0576643280993472,0.02892902247534225
core_N128_s2,sine,128,2,7,1.0,0.0,0.0,0.0
core_N128_s2,sine,128,2,7,10.0,-0.028762374395005397,-0.012575463707339085,0.01618691068766631
core_N128_s2,sine,128,2,7,100.0,-0.04011292213310147,-0.03500766002862793,0.00510526210447354
core_N128_s2,runge,128,2,7,0.0001,0.05282879885756353,0.01558240372243623,-0.0372463951351273
core_N128_s2,runge,128,2,7,0.001,0.05187266564710624,0.015504121271743124,-0.03636854437536312
core_N128_s2,runge,128,2,7,0.01,0.04424348991735777,0.01477052500926361,-0.02947296490809416
core_N128_s2,runge,128,2,7,0.1,0.01761909613409482,0.010001634564633308,-0.007617461569461512
core_N128_s2,runge,128,2,7,1.0,0.0,0.0,0.0
core_N128_s2,runge,128,2,7,10.0,-0.005583772093510991,-0.012748009854868195,-0.007164237761357203
core_N128_s2,runge,128,2,7,100.0,-0.013253823453586985,-0.021606711390729713,-0.008352887937142728
core_N128_s2,moment3,128,2,7,0.0001,0.026400669711130198,-0.044918888585571,-0.0713195582967012
core_N128_s2,moment3,128,2,7,0.001,0.041143042567523325,-0.04447794246088718,-0.0856209850284105
core_N128_s2,moment3,128,2,7,0.01,0.09811620830328105,-0.04323986101341806,-0.1413560693166991
core_N128_s2,moment3,128,2,7,0.1,0.08266560964432451,-0.07038528722076139,-0.15305089686508588
core_N128_s2,moment3,128,2,7,1.0,0.0,0.0,0.0
core_N128_s2,moment3,128,2,7,10.0,-0.06084981805766855,-0.04047167771886978,0.02037814033879877
core_N128_s2,moment3,128,2,7,100.0,-0.08510074606118435,-0.07475837638856267,0.010342369672621685
core_N128_s2,moment5,128,2,7,0.0001,0.0015999096538215768,0.0015989545084332535,-9.551453883233085e-07
core_N128_s2,moment5,128,2,7,0.001,0.0015973804340684294,0.0015964282906078958,-9.521434605336276e-07
core_N128_s2,moment5,128,2,7,0.01,0.0015720013178631836,0.0015710788418848848,-9.224759782988645e-07
core_N128_s2,moment5,128,2,7,0.1,0.0013589998103850781,0.0013581621479137468,-8.376624713313241e-07
core_N128_s2,moment5,128,2,7,1.0,0.0,0.0,0.0
core_N128_s2,moment5,128,2,7,10.0,-0.001994384262002352,-0.0019933822145113966,1.00204749095556e-06
core_N128_s2,moment5,128,2,7,100.0,-0.00257694154926906,-0.0025762404127718658,7.011364971942768e-07
core_N128_s2,moment9,128,2,7,0.0001,0.0015213126118898551,0.0015212894744611183,-2.3137428736830223e-08
core_N128_s2,moment9,128,2,7,0.001,0.0015185274919748276,0.0015185044279650561,-2.306400977147849e-08
core_N128_s2,moment9,128,2,7,0.01,0.0014908575845387073,0.0014908331147093917,-2.446982931558761e-08
core_N128_s2,moment9,128,2,7,0.1,0.0012821911536434888,0.001282170213432035,-2.094021145371272e-08
core_N128_s2,moment9,128,2,7,1.0,0.0,0.0,0.0
core_N128_s2,moment9,128,2,7,10.0,-0.0018800495201288653,-0.0018800298638927543,1.9656236110998648e-08
core_N128_s2,moment9,128,2,7,100.0,-0.0024723004782430946,-0.002472272631008049,2.784723504567488e-08
core_N128_s4,sine,128,4,0,0.0001,-0.01748816549559669,-0.01748816549559669,0.0
core_N128_s4,sine,128,4,0,0.001,-0.01747022627029994,-0.01747022627029994,0.0
core_N128_s4,sine,128,4,0,0.01,-0.01729295425972953,-0.01729295425972953,0.0
core_N128_s4,sine,128,4,0,0.1,-0.015537141873882651,-0.015537141873882651,0.0
core_N128_s4,sine,128,4,0,1.0,0.0,0.0,0.0
core_N128_s4,sine,128,4,0,10.0,0.026781888640125318,0.026781888640125318,0.0
core_N128_s4,sine,128,4,0,100.0,0.02111594370233974,0.02111594370233974,0.0
core_N128_s4,runge,128,4,0,0.0001,0.05249261654852119,0.05249261654852119,0.0
core_N128_s4,runge,128,4,0,0.001,0.05163110652561309,0.05163110652561309,0.0
core_N128_s4,runge,128,4,0,0.01,0.045080372148716547,0.045080372148716547,0.0
core_N128_s4,runge,128,4,0,0.1,0.023079866532484533,0.023079866532484533,0.0
core_N128_s4,runge,128,4,0,1.0,0.0,0.0,0.0
core_N128_s4,runge,128,4,0,10.0,-0.005644030341199896,-0.005644030341199896,0.0
core_N128_s4,runge,128,4,0,100.0,-0.014232025597781472,-0.014232025597781472,0.0
core_N128_s4,moment3,128,4,0,0.0001,-0.009938245540890345,-0.009938245540890345,0.0
core_N128_s4,moment3,128,4,0,0.001,0.007286727301030915,0.007286727301030915,0.0
core_N128_s4,moment3,128,4,0,0.01,0.054927088064209706,0.054927088064209706,0.0
core_N128_s4,moment3,128,4,0,0.1,0.06544918586345816,0.06544918586345816,0.0
core_N128_s4,moment3,128,4,0,1.0,0.0,0.0,0.0
core_N128_s4,moment3,128,4,0,10.0,-0.07976228411746471,-0.07976228411746471,0.0
core_N128_s4,moment3,128,4,0,100.0,-0.11832229437769064,-0.11832229437769064,0.0
core_N128_s4,moment5,128,4,0,0.0001,0.002107946188292381,0.002107946188292381,0.0
core_N128_s4,moment5,128,4,0,0.001,0.0021044410545311143,0.0021044410545311143,0.0
core_N128_s4,moment5,128,4,0,0.01,0.0020694475407994906,0.0020694475407994906,0.0
core_N128_s4,moment5,128,4,0,0.1,0.0017285541154196254,0.0017285541154196254,0.0
core_N128_s4,moment5,128,4,0,1.0,0.0,0.0,0.0
core_N128_s4,moment5,128,4,0,10.0,-0.0018998259733339629,-0.0018998259733339629,0.0
core_N128_s4,moment5,128,4,0,100.0,-0.0022729359193217613,-0.0022729359193217613,0.0
core_N128_s4,moment9,128,4,0,0.0001,0.0019622902151410215,0.0019622902151410215,0.0
core_N128_s4,moment9,128,4,0,0.001,0.001959240844761956,0.001959240844761956,0.0
core_N128_s4,moment9,128,4,0,0.01,0.0019287254414754318,0.0019287254414754318,0.0
core_N128_s4,moment9,128,4,0,0.1,0.0016258200059338923,0.0016258200059338923,0.0
core_N128_s4,moment9,128,4,0,1.0,0.0,0.0,0.0
core_N128_s4,moment9,128,4,0,10.0,-0.001825368631839977,-0.001825368631839977,0.0
core_N128_s4,moment9,128,4,0,100.0,-0.0022073744349325602,-0.0022073744349325602,0.0
core_N128_s4,sine,128,4,1,0.0001,-0.01748816549559669,-0.0008669867354342276,0.01662117876016246
core_N128_s4,sine,128,4,1,0.001,-0.01747022627029994,-0.0008640454530101926,0.016606180817289748
core_N128_s4,sine,128,4,1,0.01,-0.01729295425972953,-0.0008355693407900017,0.016457384918939527
core_N128_s4,sine,128,4,1,0.1,-0.015537141873882651,-0.000618009309326914,0.014919132564555737
core_N128_s4,sine,128,4,1,1.0,0.0,0.0,0.0
core_N128_s4,sine,128,4,1,10.0,0.026781888640125318,-0.00017679642042506272,-0.02695868506055038
core_N128_s4,sine,128,4,1,100.0,0.02111594370233974,-0.0002641360602963494,-0.02138007976263609
core_N128_s4,runge,128,4,1,0.0001,0.05249261654852119,-0.000424240761953798,-0.05291685731047499
core_N128_s4,runge,128,4,1,0.001,0.05163110652561309,-0.00042341481145727333,-0.052054521337070364
core_N128_s4,runge,128,4,1,0.01,0.045080372148716547,-0.0004137053223040449,-0.04549407747102059
core_N128_s4,runge,128,4,1,0.1,0.023079866532484533,-0.0003266648291157387,-0.023406531361600272
core_N128_s4,runge,128,4,1,1.0,0.0,0.0,0.0
core_N128_s4,runge,128,4,1,10.0,-0.005644030341199896,0.00026769748168899155,0.0059117278228888875
core_N128_s4,runge,128,4,1,100.0,-0.014232025597781472,0.0003078226379333443,0.014539848235714817
core_N128_s4,moment3,128,4,1,0.0001,-0.009938245540890345,0.001997331127667798,0.011935576668558143
core_N128_s4,moment3,128,4,1,0.001,0.007286727301030915,0.0019939306131960127,-0.0052927966878349025
core_N128_s4,moment3,128,4,1,0.01,0.054927088064209706,0.0019599988430349657,-0.05296708922117474
core_N128_s4,moment3,128,4,1,0.1,0.06544918586345816,0.001630702383720803,-0.06381848347973736
core_N128_s4,moment3,128,4,1,1.0,0.0,0.0,0.0
core_N128_s4,moment3,128,4,1,10.0,-0.07976228411746471,-0.0018195171525846598,0.07794276696488005
core_N128_s4,moment3,128,4,1,100.0,-0.11832229437769064,-0.0022256481389344718,0.11609664623875617
core_N128_s4,moment5,128,4,1,0.0001,0.002107946188292381,0.0019973311276678535,-0.00011061506062452764
core_N128_s4,moment5,128,4,1,0.001,0.0021044410545311143,0.0019939306131960405,-0.00011051044133507382
core_N128_s4,moment5,128,4,1,0.01,0.0020694475407994906,0.0019599988430349935,-0.00010944869776449706
core_N128_s4,moment5,128,4,1,0.1,0.0017285541154196254,0.0016307023837208307,-9.78517316987948e-05
core_N128_s4,moment5,128,4,1,1.0,0.0,0.0,0.0
core_N128_s4,moment5,128,4,1,10.0,-0.0018998259733339629,-0.001819517152584632,8.030882074933077e-05
core_N128_s4,moment5,128,4,1,100.0,-0.0022729359193217613,-0.002225648138934444,4.728778038731729e-05
core_N128_s4,moment9,128,4,1,0.0001,0.0019622902151410215,0.0019973311276678535,3.5040912526831947e-05
core_N128_s4,moment9,128,4,1,0.001,0.001959240844761956,0.0019939306131960405,3.468976843408467e-05
core_N128_s4,moment9,128,4,1,0.01,0.0019287254414754318,0.0019599988430350213,3.1273401559589464e-05
core_N128_s4,moment9,128,4,1,0.1,0.0016258200059338923,0.0016307023837208307,4.882377786938341e-06
core_N128_s4,moment9,128,4,1,1.0,0.0,0.0,0.0
core_N128_s4,moment9,128,4,1,10.0,-0.001825368631839977,-0.0018195171525846182,5.8514792553587824e-06
core_N128_s4,moment9,128,4,1,100.0,-0.0022073744349325602,-0.00222564813893443,-1.8273704001869895e-05
core_N128_s4,sine,128,4,3,0.0001,-0.01748816549559669,-0.0330445026539565,-0.015556337158359815
core_N128_s4,sine,128,4,3,0.001,-0.01747022627029994,-0.0330245917460039,-0.015554365475703963
core_N128_s4,sine,128,4,3,0.01,-0.01729295425972953,-0.03282738956767657,-0.015534435307947042
core_N128_s4,sine,128,4,3,0.1,-0.015537141873882651,-0.03082549269156369,-0.01528835081768104
core_N128_s4,sine,128,4,3,1.0,0.0,0.0,0.0
core_N128_s4,sine,128,4,3,10.0,0.026781888640125318,-0.00555106135941516,-0.03233294999954048
core_N128_s4,sine,128,4,3,100.0,0.02111594370233974,-0.009602005638274638,-0.03071794934061438
core_N128_s4,runge,128,4,3,0.0001,0.05249261654852119,0.020102779583070204,-0.03238983696545099
core_N128_s4,runge,128,4,3,0.001,0.05163110652561309,0.01987550883312013,-0.03175559769249296
core_N128_s4,runge,128,4,3,0.01,0.045080372148716547,0.0179604834643559,-0.027119888684360646
core_N128_s4,runge,128,4,3,0.1,0.023079866532484533,0.009964021996480263,-0.01311584453600427
core_N128_s4,runge,128,4,3,1.0,0.0,0.0,0.0
core_N128_s4,runge,128,4,3,10.0,-0.005644030341199896,-0.004983467831021993,0.0006605625101779034
core_N128_s4,runge,128,4,3,100.0,-0.014232025597781472,-0.007581045431915276,0.0066509801658661966
core_N128_s4,moment3,128,4,3,0.0001,-0.009938245540890345,0.014584419095152762,0.024522664636043107
core_N128_s4,moment3,128,4,3,0.001,0.007286727301030915,0.010493676266092322,0.003206948965061407
core_N128_s4,moment3,128,4,3,0.01,0.054927088064209706,-0.007173681906287158,-0.062100769970496864
core_N128_s4,moment3,128,4,3,0.1,0.06544918586345816,-0.02475588067657153,-0.09020506654002969
core_N128_s4,moment3,128,4,3,1.0,0.0,0.0,0.0
core_N128_s4,moment3,128,4,3,10.0,-0.07976228411746471,-0.006394436254981706,0.073367847862483
core_N128_s4,moment3,128,4,3,100.0,-0.11832229437769064,-0.012393267403114958,0.10592902697457568
core_N128_s4,moment5,128,4,3,0.0001,0.002107946188292381,0.0019501014037050235,-0.00015784478458735762
core_N128_s4,moment5,128,4,3,0.001,0.0021044410545311143,0.001947098486833776,-0.00015734256769733834
core_N128_s4,moment5,128,4,3,0.01,0.0020694475407994906,0.0019170374207943403,-0.0001524101200051503
core_N128_s4,moment5,128,4,3,0.1,0.0017285541154196254,0.0016178285548156396,-0.00011072556060398586
core_N128_s4,moment5,128,4,3,1.0,0.0,0.0,0.0
core_N128_s4,moment5,128,4,3,10.0,-0.0018998259733339629,-0.0018195682628140697,8.025771051989317e-05
core_N128_s4,moment5,128,4,3,100.0,-0.0022729359193217613,-0.002198312318716908,7.46236006048534e-05
core_N128_s4,moment9,128,4,3,0.0001,0.0019622902151410215,0.0019501014037050374,-1.218881143598416e-05
core_N128_s4,moment9,128,4,3,0.001,0.001959240844761956,0.001947098486833762,-1.2142357928193737e-05
core_N128_s4,moment9,128,4,3,0.01,0.0019287254414754318,0.0019170374207943403,-1.1688020681091538e-05
core_N128_s4,moment9,128,4,3,0.1,0.0016258200059338923,0.0016178285548156118,-7.99145111828048e-06
core_N128_s4,moment9,128,4,3,1.0,0.0,0.0,0.0
core_N128_s4,moment9,128,4,3,10.0,-0.001825368631839977,-0.0018195682628140836,5.800369025893426e-06
core_N128_s4,moment9,128,4,3,100.0,-0.0022073744349325602,-0.0021983123187169357,9.062116215624583e-06
core_N128_s4,sine,128,4,5,0.0001,-0.01748816549559669,-0.016757890059572914,0.0007302754360237751
core_N128_s4,sine,128,4,5,0.001,-0.01747022627029994,-0.016740081669507897,0.0007301446007920431
core_N128_s4,sine,128,4,5,0.01,-0.01729295425972953,-0.016564123508319442,0.0007288307514100867
core_N128_s4,sine,128,4,5,0.1,-0.015537141873882651,-0.01481781692829151,0.0007193249455911405
core_N128_s4,sine,128,4,5,1.0,0.0,0.0,0.0
core_N128_s4,sine,128,4,5,10.0,0.026781888640125318,0.0979328914498613,0.07115100280973598
core_N128_s4,sine,128,4,5,100.0,0.02111594370233974,0.04321884978578307,0.022102906083443327
core_N128_s4,runge,128,4,5,0.0001,0.05249261654852119,0.058627412099395065,0.006134795550873873
core_N128_s4,runge,128,4,5,0.001,0.05163110652561309,0.05839841910211277,0.006767312576499679
core_N128_s4,runge,128,4,5,0.01,0.045080372148716547,0.05606669747980997,0.010986325331093422
core_N128_s4,runge,128,4,5,0.1,0.023079866532484533,0.03653483569072319,0.013454969158238655
core_N128_s4,runge,128,4,5,1.0,0.0,0.0,0.0
core_N128_s4,runge,128,4,5,10.0,-0.005644030341199896,-0.019221280624942938,-0.013577250283743042
core_N128_s4,runge,128,4,5,100.0,-0.014232025597781472,-0.032855963963290866,-0.018623938365509393
core_N128_s4,moment3,128,4,5,0.0001,-0.009938245540890345,-0.11287002907224171,-0.10293178353135136
core_N128_s4,moment3,128,4,5,0.001,0.007286727301030915,-0.11035626000390071,-0.11764298730493163
core_N128_s4,moment3,128,4,5,0.01,0.054927088064209706,-0.08859953754278131,-0.14352662560699103
core_N128_s4,moment3,128,4,5,0.1,0.06544918586345816,-0.011296352103039253,-0.07674553796649741
core_N128_s4,moment3,128,4,5,1.0,0.0,0.0,0.0
core_N128_s4,moment3,128,4,5,10.0,-0.07976228411746471,-0.07634466516450604,0.0034176189529586676
core_N128_s4,moment3,128,4,5,100.0,-0.11832229437769064,-0.09240150061877751,0.025920793758913124
core_N128_s4,moment5,128,4,5,0.0001,0.002107946188292381,0.0021323937008476263,2.4447512555245132e-05
core_N128_s4,moment5,128,4,5,0.001,0.0021044410545311143,0.002128812616445791,2.437156191467671e-05
core_N128_s4,moment5,128,4,5,0.01,0.0020694475407994906,0.0020930733019346726,2.3625761135182e-05
core_N128_s4,moment5,128,4,5,0.1,0.0017285541154196254,0.001745884370935119,1.733025551549361e-05
core_N128_s4,moment5,128,4,5,1.0,0.0,0.0,0.0
core_N128_s4,moment5,128,4,5,10.0,-0.0018998259733339629,-0.001912109736976475,-1.2283763642512158e-05
core_N128_s4,moment5,128,4,5,100.0,-0.0022729359193217613,-0.002280452411851666,-7.516492529904828e-06
core_N128_s4,moment9,128,4,5,0.0001,0.0019622902151410215,0.001963093601170973,8.033860299516693e-07
core_N128_s4,moment9,128,4,5,0.001,0.001959240844761956,0.0019600413891028567,8.005443409009327e-07
core_N128_s4,moment9,128,4,5,0.01,0.0019287254414754318,0.0019294981923636961,7.727508882643397e-07
core_N128_s4,moment9,128,4,5,0.1,0.0016258200059338923,0.0016263664147493362,5.464088154438773e-07
core_N128_s4,moment9,128,4,5,1.0,0.0,0.0,0.0
core_N128_s4,moment9,128,4,5,10.0,-0.001825368631839977,-0.001825723903722709,-3.552718827321e-07
core_N128_s4,moment9,128,4,5,100.0,-0.0022073744349325602,-0.002207874189797912,-4.997548653518091e-07
core_N128_s4,sine,128,4,7,0.0001,-0.01748816549559669,-0.01753092514502612,-4.2759649429430224e-05
core_N128_s4,sine,128,4,7,0.001,-0.01747022627029994,-0.01751298036774042,-4.275409744047831e-05
core_N128_s4,sine,128,4,7,0.01,-0.01729295425972953,-0.017335652474989624,-4.269821526009521e-05
core_N128_s4,sine,128,4,7,0.1,-0.015537141873882651,-0.015579401059004322,-4.225918512167082e-05
core_N128_s4,sine,128,4,7,1.0,0.0,0.0,0.0
core_N128_s4,sine,128,4,7,10.0,0.026781888640125318,0.03741089197968832,0.010629003339563
core_N128_s4,sine,128,4,7,100.0,0.02111594370233974,0.019253746347918918,-0.001862197354420822
core_N128_s4,runge,128,4,7,0.0001,0.05249261654852119,0.0284022990799932,-0.024090317468527994
core_N128_s4,runge,128,4,7,0.001,0.05163110652561309,0.028227688547285412,-0.02340341797832768
core_N128_s4,runge,128,4,7,0.01,0.045080372148716547,0.0264769178030195,-0.018603454345697046
core_N128_s4,runge,128,4,7,0.1,0.023079866532484533,0.015721851432367845,-0.007358015100116688
core_N128_s4,runge,128,4,7,1.0,0.0,0.0,0.0
core_N128_s4,runge,128,4,7,10.0,-0.005644030341199896,-0.015358126813541415,-0.009714096472341519
core_N128_s4,runge,128,4,7,100.0,-0.014232025597781472,-0.02502514351604232,-0.010793117918260847
core_N128_s4,moment3,128,4,7,0.0001,-0.009938245540890345,-0.08020274348113005,-0.0702644979402397
core_N128_s4,moment3,128,4,7,0.001,0.007286727301030915,-0.0790582906585792,-0.08634501795961011
core_N128_s4,moment3,128,4,7,0.01,0.054927088064209706,-0.07562081196680304,-0.13054790003101274
core_N128_s4,moment3,128,4,7,0.1,0.06544918586345816,-0.10795125676893963,-0.1734004426323978
core_N128_s4,moment3,128,4,7,1.0,0.0,0.0,0.0
core_N128_s4,moment3,128,4,7,10.0,-0.07976228411746471,-0.050124678437471676,0.02963760567999303
core_N128_s4,moment3,128,4,7,100.0,-0.11832229437769064,-0.09207951982262028,0.02624277455507036
core_N128_s4,moment5,128,4,7,0.0001,0.002107946188292381,0.002105357231292862,-2.5889569995191097e-06
core_N128_s4,moment5,128,4,7,0.001,0.0021044410545311143,0.002101859884957716,-2.5811695733984896e-06
core_N128_s4,moment5,128,4,7,0.01,0.0020694475407994906,0.00206694280520571,-2.504735593780727e-06
core_N128_s4,moment5,128,4,7,0.1,0.0017285541154196254,0.001726692339722613,-1.8617756970124022e-06
core_N128_s4,moment5,128,4,7,1.0,0.0,0.0,0.0
core_N128_s4,moment5,128,4,7,10.0,-0.0018998259733339629,-0.001898491590191495,1.3343831424678099e-06
core_N128_s4,moment5,128,4,7,100.0,-0.0022729359193217613,-0.0022716710770130794,1.2648423086819571e-06
core_N128_s4,moment9,128,4,7,0.0001,0.0019622902151410215,0.001962234638183749,-5.557695727242962e-08
core_N128_s4,moment9,128,4,7,0.001,0.001959240844761956,0.0019591854549964177,-5.538976553809416e-08
core_N128_s4,moment9,128,4,7,0.01,0.0019287254414754318,0.0019286718823599558,-5.3559115475998453e-08
core_N128_s4,moment9,128,4,7,0.1,0.0016258200059338923,0.0016257813530885096,-3.865284538273617e-08
core_N128_s4,moment9,128,4,7,1.0,0.0,0.0,0.0
core_N128_s4,moment9,128,4,7,10.0,-0.001825368631839977,-0.001825345264446887,2.3367393089945843e-08
core_N128_s4,moment9,128,4,7,100.0,-0.0022073744349325602,-0.002207343936228026,3.049870453408765e-08
core_N128_s1,sine,128,1,0,0.0001,-0.05282430021206774,-0.05282430021206774,0.0
core_N128_s1,sine,128,1,0,0.001,-0.05270695482158888,-0.05270695482158888,0.0
core_N128_s1,sine,128,1,0,0.01,-0.051438080322250515,-0.051438080322250515,0.0
core_N128_s1,sine,128,1,0,0.1,-0.023625576679234817,-0.023625576679234817,0.0
core_N128_s1,sine,128,1,0,1.0,0.0,0.0,0.0
core_N128_s1,sine,128,1,0,10.0,-0.014127961627178082,-0.014127961627178082,0.0
core_N128_s1,sine,128,1,0,100.0,-0.013668566778983149,-0.013668566778983149,0.0
core_N128_s1,runge,128,1,0,0.0001,0.05887350407491296,0.05887350407491296,0.0
core_N128_s1,runge,128,1,0,0.001,0.05752069289561609,0.05752069289561609,0.0
core_N128_s1,runge,128,1,0,0.01,0.04681899461021802,0.04681899461021802,0.0
core_N128_s1,runge,128,1,0,0.1,0.016976858878851614,0.016976858878851614,0.0
core_N128_s1,runge,128,1,0,1.0,0.0,0.0,0.0
core_N128_s1,runge,128,1,0,10.0,-0.006204745359796954,-0.006204745359796954,0.0
core_N128_s1,runge,128,1,0,100.0,-0.010235015769362199,-0.010235015769362199,0.0
core_N128_s1,moment3,128,1,0,0.0001,0.06143918839735256,0.06143918839735256,0.0
core_N128_s1,moment3,128,1,0,0.001,0.07909628527914313,0.07909628527914313,0.0
core_N128_s1,moment3,128,1,0,0.01,0.14178255961647857,0.14178255961647857,0.0
core_N128_s1,moment3,128,1,0,0.1,0.13545348980728783,0.13545348980728783,0.0
core_N128_s1,moment3,128,1,0,1.0,0.0,0.0,0.0
core_N128_s1,moment3,128,1,0,10.0,-0.048285872159558596,-0.048285872159558596,0.0
core_N128_s1,moment3,128,1,0,100.0,-0.06749464712374287,-0.06749464712374287,0.0
core_N128_s1,moment5,128,1,0,0.0001,0.001928198167951256,0.001928198167951256,0.0
core_N128_s1,moment5,128,1,0,0.001,0.0019259346793713827,0.0019259346793713827,0.0
core_N128_s1,moment5,128,1,0,0.01,0.001902890854435721,0.001902890854435721,0.0
core_N128_s1,moment5,128,1,0,0.1,0.0016416266141024843,0.0016416266141024843,0.0
core_N128_s1,moment5,128,1,0,1.0,0.0,0.0,0.0
core_N128_s1,moment5,128,1,0,10.0,-0.0013720709332348674,-0.0013720709332348674,0.0
core_N128_s1,moment5,128,1,0,100.0,-0.0017946825496006624,-0.0017946825496006624,0.0
core_N128_s1,moment9,128,1,0,0.0001,0.0018018571351421653,0.0018018571351421653,0.0
core_N128_s1,moment9,128,1,0,0.001,0.0018000872490403497,0.0018000872490403497,0.0
core_N128_s1,moment9,128,1,0,0.01,0.0017819152109970343,0.0017819152109970343,0.0
core_N128_s1,moment9,128,1,0,0.1,0.0015635432237373764,0.0015635432237373764,0.0
core_N128_s1,moment9,128,1,0,1.0,0.0,0.0,0.0
core_N128_s1,moment9,128,1,0,10.0,-0.0012713786726243348,-0.0012713786726243348,0.0
core_N128_s1,moment9,128,1,0,100.0,-0.001696170861079524,-0.001696170861079524,0.0
core_N128_s1,sine,128,1,1,0.0001,-0.05282430021206774,0.0006398184981732669,0.05346411871024101
core_N128_s1,sine,128,1,1,0.001,-0.05270695482158888,0.0006380167412184112,0.05334497156280729
core_N128_s1,sine,128,1,1,0.01,-0.051438080322250515,0.0006223737101624938,0.05206045403241301
core_N128_s1,sine,128,1,1,0.1,-0.023625576679234817,0.0005035939856810612,0.024129170664915878
core_N128_s1,sine,128,1,1,1.0,0.0,0.0,0.0
core_N128_s1,sine,128,1,1,10.0,-0.014127961627178082,-0.0008102132582347016,0.01331774836894338
core_N128_s1,sine,128,1,1,100.0,-0.013668566778983149,-0.001019466348168796,0.012649100430814353
core_N128_s1,runge,128,1,1,0.0001,0.05887350407491296,-0.0001112167241276163,-0.058984720799040574
core_N128_s1,runge,128,1,1,0.001,0.05752069289561609,-0.00011095904472253892,-0.05763165194033863
core_N128_s1,runge,128,1,1,0.01,0.04681899461021802,-0.00010842350221058894,-0.04692741811242861
core_N128_s1,runge,128,1,1,0.1,0.016976858878851614,-8.663950645423912e-05,-0.017063498385305853
core_N128_s1,runge,128,1,1,1.0,0.0,0.0,0.0
core_N128_s1,runge,128,1,1,10.0,-0.006204745359796954,6.284722280761046e-05,0.006267592582604564
core_N128_s1,runge,128,1,1,100.0,-0.010235015769362199,7.57876219182746e-05,0.010310803391280474
core_N128_s1,moment3,128,1,1,0.0001,0.06143918839735256,0.001787004477577278,-0.05965218391977528
core_N128_s1,moment3,128,1,1,0.001,0.07909628527914313,0.001784835861248335,-0.07731144941789479
core_N128_s1,moment3,128,1,1,0.01,0.14178255961647857,0.001762786969617583,-0.140019772646861
core_N128_s1,moment3,128,1,1,0.1,0.13545348980728783,0.0015168978473060202,-0.1339365919599818
core_N128_s1,moment3,128,1,1,1.0,0.0,0.0,0.0
core_N128_s1,moment3,128,1,1,10.0,-0.048285872159558596,-0.0012415055912247536,0.04704436656833384
core_N128_s1,moment3,128,1,1,100.0,-0.06749464712374287,-0.0016614705002841318,0.06583317662345874
core_N128_s1,moment5,128,1,1,0.0001,0.001928198167951256,0.001787004477577278,-0.000141193690373978
core_N128_s1,moment5,128,1,1,0.001,0.0019259346793713827,0.001784835861248335,-0.0001410988181230477
core_N128_s1,moment5,128,1,1,0.01,0.001902890854435721,0.0017627869696176107,-0.0001401038848181102
core_N128_s1,moment5,128,1,1,0.1,0.0016416266141024843,0.0015168978473060063,-0.00012472876679647804
core_N128_s1,moment5,128,1,1,1.0,0.0,0.0,0.0
core_N128_s1,moment5,128,1,1,10.0,-0.0013720709332348674,-0.0012415055912247536,0.00013056534201011383
core_N128_s1,moment5,128,1,1,100.0,-0.0017946825496006624,-0.0016614705002841318,0.00013321204931653063
core_N128_s1,moment9,128,1,1,0.0001,0.0018018571351421653,0.001787004477577278,-1.4852657564887184e-05
core_N128_s1,moment9,128,1,1,0.001,0.0018000872490403497,0.001784835861248335,-1.5251387792014626e-05
core_N128_s1,moment9,128,1,1,0.01,0.0017819152109970343,0.0017627869696176107,-1.9128241379423594e-05
core_N128_s1,moment9,128,1,1,0.1,0.0015635432237373764,0.0015168978473060202,-4.6645376431356245e-05
core_N128_s1,moment9,128,1,1,1.0,0.0,0.0,0.0
core_N128_s1,moment9,128,1,1,10.0,-0.0012713786726243348,-0.0012415055912247536,2.9873081399581225e-05
core_N128_s1,moment9,128,1,1,100.0,-0.001696170861079524,-0.0016614705002841318,3.470036079539218e-05
core_N128_s1,sine,128,1,3,0.0001,-0.05282430021206774,0.002451516876312815,0.05527581708838056
core_N128_s1,sine,128,1,3,0.001,-0.05270695482158888,0.0020969864380914333,0.054803941259680314
core_N128_s1,sine,128,1,3,0.01,-0.051438080322250515,-0.0005261302793306832,0.05091195004291983
core_N128_s1,sine,128,1,3,0.1,-0.023625576679234817,0.00011659611642306222,0.02374217279565788
core_N128_s1,sine,128,1,3,1.0,0.0,0.0,0.0
core_N128_s1,sine,128,1,3,10.0,-0.014127961627178082,-0.007472149410238327,0.006655812216939755
core_N128_s1,sine,128,1,3,100.0,-0.013668566778983149,-0.009676014669045788,0.003992552109937361
core_N128_s1,runge,128,1,3,0.0001,0.05887350407491296,0.018182428052673824,-0.040691076022239134
core_N128_s1,runge,128,1,3,0.001,0.05752069289561609,0.017956081946821273,-0.03956461094879482
core_N128_s1,runge,128,1,3,0.01,0.04681899461021802,0.016140506342874783,-0.030678488267343235
core_N128_s1,runge,128,1,3,0.1,0.016976858878851614,0.009010249571573994,-0.00796660930727762
core_N128_s1,runge,128,1,3,1.0,0.0,0.0,0.0
core_N128_s1,runge,128,1,3,10.0,-0.006204745359796954,-0.0032019738511201157,0.003002771508676838
core_N128_s1,runge,128,1,3,100.0,-0.010235015769362199,-0.003482437942012112,0.006752577827350087
core_N128_s1,moment3,128,1,3,0.0001,0.06143918839735256,0.035882208249524275,-0.025556980147828284
core_N128_s1,moment3,128,1,3,0.001,0.07909628527914313,0.031547038389441215,-0.04754924688970191
core_N128_s1,moment3,128,1,3,0.01,0.14178255961647857,0.012443883473690104,-0.12933867614278846
core_N128_s1,moment3,128,1,3,0.1,0.13545348980728783,0.003578445821590781,-0.13187504398569705
core_N128_s1,moment3,128,1,3,1.0,0.0,0.0,0.0
core_N128_s1,moment3,128,1,3,10.0,-0.048285872159558596,0.0026763030195116333,0.05096217517907023
core_N128_s1,moment3,128,1,3,100.0,-0.06749464712374287,0.0018872098741035404,0.06938185699784641
core_N128_s1,moment5,128,1,3,0.0001,0.001928198167951256,0.0017936288773237191,-0.00013456929062753697
core_N128_s1,moment5,128,1,3,0.001,0.0019259346793713827,0.0017919068659960902,-0.00013402781337529257
core_N128_s1,moment5,128,1,3,0.01,0.001902890854435721,0.0017742031095670102,-0.0001286877448687107
core_N128_s1,moment5,128,1,3,0.1,0.0016416266141024843,0.0015596318070594112,-8.199480704307316e-05
core_N128_s1,moment5,128,1,3,1.0,0.0,0.0,0.0
core_N128_s1,moment5,128,1,3,10.0,-0.0013720709332348674,-0.0012688967845334992,0.00010317414870136821
core_N128_s1,moment5,128,1,3,100.0,-0.0017946825496006624,-0.0016927519238884442,0.00010193062571221823
core_N128_s1,moment9,128,1,3,0.0001,0.0018018571351421653,0.0017936288773237746,-8.22825781839065e-06
core_N128_s1,moment9,128,1,3,0.001,0.0018000872490403497,0.0017919068659961457,-8.180383044203987e-06
core_N128_s1,moment9,128,1,3,0.01,0.0017819152109970343,0.0017742031095670519,-7.712101429982465e-06
core_N128_s1,moment9,128,1,3,0.1,0.0015635432237373764,0.0015596318070594667,-3.911416677909729e-06
core_N128_s1,moment9,128,1,3,1.0,0.0,0.0,0.0
core_N128_s1,moment9,128,1,3,10.0,-0.0012713786726243348,-0.0012688967845334853,2.4818880908494823e-06
core_N128_s1,moment9,128,1,3,100.0,-0.001696170861079524,-0.001692751923888458,3.418937191065896e-06
core_N128_s1,sine,128,1,5,0.0001,-0.05282430021206774,-0.10477775509944912,-0.05195345488738137
core_N128_s1,sine,128,1,5,0.001,-0.05270695482158888,-0.1046794051873922,-0.05197245036580332
core_N128_s1,sine,128,1,5,0.01,-0.051438080322250515,-0.10363998938170928,-0.05220190905945876
core_N128_s1,sine,128,1,5,0.1,-0.023625576679234817,-0.09066909764027982,-0.067043520961045
core_N128_s1,sine,128,1,5,1.0,0.0,0.0,0.0
core_N128_s1,sine,128,1,5,10.0,-0.014127961627178082,-0.028829729485981934,-0.014701767858803852
core_N128_s1,sine,128,1,5,100.0,-0.013668566778983149,-0.08472730266067859,-0.07105873588169544
core_N128_s1,runge,128,1,5,0.0001,0.05887350407491296,0.06663111261614191,0.00775760854122895
core_N128_s1,runge,128,1,5,0.001,0.05752069289561609,0.06646487116487404,0.008944178269257946
core_N128_s1,runge,128,1,5,0.01,0.04681899461021802,0.06472512760760157,0.017906132997383556
core_N128_s1,runge,128,1,5,0.1,0.016976858878851614,0.048881318094537995,0.03190445921568638
core_N128_s1,runge,128,1,5,1.0,0.0,0.0,0.0
core_N128_s1,runge,128,1,5,10.0,-0.006204745359796954,-0.022204692257107042,-0.01599994689731009
core_N128_s1,runge,128,1,5,100.0,-0.010235015769362199,-0.025323266506658212,-0.015088250737296013
core_N128_s1,moment3,128,1,5,0.0001,0.06143918839735256,-0.0907020104500167,-0.15214119884736926
core_N128_s1,moment3,128,1,5,0.001,0.07909628527914313,-0.08927084463057518,-0.1683671299097183
core_N128_s1,moment3,128,1,5,0.01,0.14178255961647857,-0.07277766465341594,-0.21456022426989452
core_N128_s1,moment3,128,1,5,0.1,0.13545348980728783,0.006736005833035574,-0.12871748397425226
core_N128_s1,moment3,128,1,5,1.0,0.0,0.0,0.0
core_N128_s1,moment3,128,1,5,10.0,-0.048285872159558596,-0.07986936011931019,-0.03158348795975159
core_N128_s1,moment3,128,1,5,100.0,-0.06749464712374287,-0.08045778820308684,-0.012963141079343973
core_N128_s1,moment5,128,1,5,0.0001,0.001928198167951256,0.0019488797715257744,2.0681603574518315e-05
core_N128_s1,moment5,128,1,5,0.001,0.0019259346793713827,0.0019465434290414224,2.0608749670039672e-05
core_N128_s1,moment5,128,1,5,0.01,0.001902890854435721,0.001922780020678111,1.988916624239001e-05
core_N128_s1,moment5,128,1,5,0.1,0.0016416266141024843,0.001657116918533444,1.5490304430959556e-05
core_N128_s1,moment5,128,1,5,1.0,0.0,0.0,0.0
core_N128_s1,moment5,128,1,5,10.0,-0.0013720709332348674,-0.0013893291419290466,-1.7258208694179156e-05
core_N128_s1,moment5,128,1,5,100.0,-0.0017946825496006624,-0.0018050957781324817,-1.0413228531819252e-05
core_N128_s1,moment9,128,1,5,0.0001,0.0018018571351421653,0.0018024335875413133,5.76452399148053e-07
core_N128_s1,moment9,128,1,5,0.001,0.0018000872490403497,0.001800661111909227,5.73862868877284e-07
core_N128_s1,moment9,128,1,5,0.01,0.0017819152109970343,0.0017824636982598924,5.48487262858055e-07
core_N128_s1,moment9,128,1,5,0.1,0.0015635432237373764,0.001563882229188393,3.390054510166163e-07
core_N128_s1,moment9,128,1,5,1.0,0.0,0.0,0.0
core_N128_s1,moment9,128,1,5,10.0,-0.0012713786726243348,-0.001271584692511693,-2.0601988735824417e-07
core_N128_s1,moment9,128,1,5,100.0,-0.001696170861079524,-0.0016964332263512821,-2.6236527175815816e-07
core_N128_s1,sine,128,1,7,0.0001,-0.05282430021206774,-0.03159573686674498,0.021228563345322762
core_N128_s1,sine,128,1,7,0.001,-0.05270695482158888,-0.031494329625564796,0.021212625196024085
core_N128_s1,sine,128,1,7,0.01,-0.051438080322250515,-0.030475970129248034,0.02096211019300248
core_N128_s1,sine,128,1,7,0.1,-0.023625576679234817,-0.02376419189559953,-0.00013861521636471252
core_N128_s1,sine,128,1,7,1.0,0.0,0.0,0.0
core_N128_s1,sine,128,1,7,10.0,-0.014127961627178082,-0.012116950548061084,0.0020110110791169977
core_N128_s1,sine,128,1,7,100.0,-0.013668566778983149,-0.02756608837141636,-0.01389752159243321
core_N128_s1,runge,128,1,7,0.0001,0.05887350407491296,0.028057421858745657,-0.0308160822161673
core_N128_s1,runge,128,1,7,0.001,0.05752069289561609,0.02797194450743362,-0.029548748388182472
core_N128_s1,runge,128,1,7,0.01,0.04681899461021802,0.027159106694650603,-0.019659887915567414
core_N128_s1,runge,128,1,7,0.1,0.016976858878851614,0.021360726328018276,0.004383867449166662
core_N128_s1,runge,128,1,7,1.0,0.0,0.0,0.0
core_N128_s1,runge,128,1,7,10.0,-0.006204745359796954,-0.010867328701681389,-0.004662583341884435
core_N128_s1,runge,128,1,7,100.0,-0.010235015769362199,-0.01387590237804845,-0.00364088660868625
core_N128_s1,moment3,128,1,7,0.0001,0.06143918839735256,-0.01700498173503251,-0.07844417013238507
core_N128_s1,moment3,128,1,7,0.001,0.07909628527914313,-0.01649686910774903,-0.09559315438689216
core_N128_s1,moment3,128,1,7,0.01,0.14178255961647857,-0.011629928932794381,-0.15341248854927295
core_N128_s1,moment3,128,1,7,0.1,0.13545348980728783,-0.05524670738531563,-0.19070019719260345
core_N128_s1,moment3,128,1,7,1.0,0.0,0.0,0.0
core_N128_s1,moment3,128,1,7,10.0,-0.048285872159558596,-0.026128926641719535,0.02215694551783906
core_N128_s1,moment3,128,1,7,100.0,-0.06749464712374287,-0.05742672117749385,0.010067925946249015
core_N128_s1,moment5,128,1,7,0.0001,0.001928198167951256,0.0019261852746838837,-2.0128932673724176e-06
core_N128_s1,moment5,128,1,7,0.001,0.0019259346793713827,0.001923928080913087,-2.0065984582956498e-06
core_N128_s1,moment5,128,1,7,0.01,0.001902890854435721,0.0019009464599290815,-1.944394506639413e-06
core_N128_s1,moment5,128,1,7,0.1,0.0016416266141024843,0.0016402363706125994,-1.3902434898849236e-06
core_N128_s1,moment5,128,1,7,1.0,0.0,0.0,0.0
core_N128_s1,moment5,128,1,7,10.0,-0.0013720709332348674,-0.0013703310424813264,1.7398907535409736e-06
core_N128_s1,moment5,128,1,7,100.0,-0.0017946825496006624,-0.0017931860098676367,1.4965397330257701e-06
core_N128_s1,moment9,128,1,7,0.0001,0.0018018571351421653,0.0018018114360761756,-4.569906598972384e-08
core_N128_s1,moment9,128,1,7,0.001,0.0018000872490403497,0.0018000417194642127,-4.552957613701558e-08
core_N128_s1,moment9,128,1,7,0.01,0.0017819152109970343,0.0017818713448012335,-4.3866195800768004e-08
core_N128_s1,moment9,128,1,7,0.1,0.0015635432237373764,0.0015635132863217188,-2.993741565759933e-08
core_N128_s1,moment9,128,1,7,1.0,0.0,0.0,0.0
core_N128_s1,moment9,128,1,7,10.0,-0.0012713786726243348,-0.0012713581588344458,2.0513789888987333e-08
core_N128_s1,moment9,128,1,7,100.0,-0.001696170861079524,-0.0016961456872140318,2.517386549216738e-08
core_N128_s3,sine,128,3,0,0.0001,-0.06707711554730102,-0.06707711554730102,0.0
core_N128_s3,sine,128,3,0,0.001,-0.06706149533227633,-0.06706149533227633,0.0
core_N128_s3,sine,128,3,0,0.01,-0.06690647526544984,-0.06690647526544984,0.0
core_N128_s3,sine,128,3,0,0.1,-0.0654014317059035,-0.0654014317059035,0.0
core_N128_s3,sine,128,3,0,1.0,0.0,0.0,0.0
core_N128_s3,sine,128,3,0,10.0,-0.019446424730103717,-0.019446424730103717,0.0
core_N128_s3,sine,128,3,0,100.0,-0.030042416514872494,-0.030042416514872494,0.0
core_N128_s3,runge,128,3,0,0.0001,0.05632455357336105,0.05632455357336105,0.0
core_N128_s3,runge,128,3,0,0.001,0.05505665749721897,0.05505665749721897,0.0
core_N128_s3,runge,128,3,0,0.01,0.04526039473224208,0.04526039473224208,0.0
core_N128_s3,runge,128,3,0,0.1,0.01609564609044506,0.01609564609044506,0.0
core_N128_s3,runge,128,3,0,1.0,0.0,0.0,0.0
core_N128_s3,runge,128,3,0,10.0,-0.002379385057413891,-0.002379385057413891,0.0
core_N128_s3,runge,128,3,0,100.0,-0.006707109236669562,-0.006707109236669562,0.0
core_N128_s3,moment3,128,3,0,0.0001,-0.0008656089805055833,-0.0008656089805055833,0.0
core_N128_s3,moment3,128,3,0,0.001,0.014207677195121227,0.014207677195121227,0.0
core_N128_s3,moment3,128,3,0,0.01,0.08252108582056311,0.08252108582056311,0.0
core_N128_s3,moment3,128,3,0,0.1,0.09932202319481853,0.09932202319481853,0.0
core_N128_s3,moment3,128,3,0,1.0,0.0,0.0,0.0
core_N128_s3,moment3,128,3,0,10.0,-0.0314419717006373,-0.0314419717006373,0.0
core_N128_s3,moment3,128,3,0,100.0,-0.07178204479217683,-0.07178204479217683,0.0
core_N128_s3,moment5,128,3,0,0.0001,0.0018162154730800156,0.0018162154730800156,0.0
core_N128_s3,moment5,128,3,0,0.001,0.0018124413227943448,0.0018124413227943448,0.0
core_N128_s3,moment5,128,3,0,0.01,0.001779724518765416,0.001779724518765416,0.0
core_N128_s3,moment5,128,3,0,0.1,0.0014883309784848864,0.0014883309784848864,0.0
core_N128_s3,moment5,128,3,0,1.0,0.0,0.0,0.0
core_N128_s3,moment5,128,3,0,10.0,-0.0020608719244806645,-0.0020608719244806645,0.0
core_N128_s3,moment5,128,3,0,100.0,-0.002515957208165928,-0.002515957208165928,0.0
core_N128_s3,moment9,128,3,0,0.0001,0.001728460508563484,0.001728460508563484,0.0
core_N128_s3,moment9,128,3,0,0.001,0.0017250126404526334,0.0017250126404526334,0.0
core_N128_s3,moment9,128,3,0,0.01,0.0016905758082427502,0.0016905758082427502,0.0
core_N128_s3,moment9,128,3,0,0.1,0.0013949155229836946,0.0013949155229836946,0.0
core_N128_s3,moment9,128,3,0,1.0,0.0,0.0,0.0
core_N128_s3,moment9,128,3,0,10.0,-0.0019898105685286355,-0.0019898105685286355,0.0
core_N128_s3,moment9,128,3,0,100.0,-0.0024585888000624723,-0.0024585888000624723,0.0
core_N128_s3,sine,128,3,1,0.0001,-0.06707711554730102,0.0002480892954668801,0.0673252048427679
core_N128_s3,sine,128,3,1,0.001,-0.06706149533227633,0.00024771622961110296,0.06730921156188743
core_N128_s3,sine,128,3,1,0.01,-0.06690647526544984,0.000243600729354157,0.06715007599480399
core_N128_s3,sine,128,3,1,0.1,-0.0654014317059035,0.00022715279960681956,0.06562858450551032
core_N128_s3,sine,128,3,1,1.0,0.0,0.0,0.0
core_N128_s3,sine,128,3,1,10.0,-0.019446424730103717,-0.00033002039156034,0.019116404338543377
core_N128_s3,sine,128,3,1,100.0,-0.030042416514872494,-0.0005050331577187983,0.029537383357153696
core_N128_s3,runge,128,3,1,0.0001,0.05632455357336105,-0.00026771388387618333,-0.056592267457237236
core_N128_s3,runge,128,3,1,0.001,0.05505665749721897,-0.00026717640430402867,-0.055323833901523
core_N128_s3,runge,128,3,1,0.01,0.04526039473224208,-0.00026187593725070235,-0.045522270669492784
core_N128_s3,runge,128,3,1,0.1,0.01609564609044506,-0.00021543751038498316,-0.016311083600830042
core_N128_s3,runge,128,3,1,1.0,0.0,0.0,0.0
core_N128_s3,runge,128,3,1,10.0,-0.002379385057413891,0.0001393102361524623,0.002518695293566353
core_N128_s3,runge,128,3,1,100.0,-0.006707109236669562,0.00016922707099562007,0.006876336307665182
core_N128_s3,moment3,128,3,1,0.0001,-0.0008656089805055833,0.0017405623302195472,0.0026061713107251305
core_N128_s3,moment3,128,3,1,0.001,0.014207677195121227,0.0017374577360314836,-0.012470219459089743
core_N128_s3,moment3,128,3,1,0.01,0.08252108582056311,0.0017064400065638918,-0.08081464581399922
core_N128_s3,moment3,128,3,1,0.1,0.09932202319481853,0.0014375582992802172,-0.09788446489553831
core_N128_s3,moment3,128,3,1,1.0,0.0,0.0,0.0
core_N128_s3,moment3,128,3,1,10.0,-0.0314419717006373,-0.0019885536948023447,0.029453418005834953
core_N128_s3,moment3,128,3,1,100.0,-0.07178204479217683,-0.0024800780362950747,0.06930196675588175
core_N128_s3,moment5,128,3,1,0.0001,0.0018162154730800156,0.001740562330219575,-7.565314286044067e-05
core_N128_s3,moment5,128,3,1,0.001,0.0018124413227943448,0.0017374577360315113,-7.498358676283345e-05
core_N128_s3,moment5,128,3,1,0.01,0.001779724518765416,0.0017064400065639196,-7.328451220149634e-05
core_N128_s3,moment5,128,3,1,0.1,0.0014883309784848864,0.001437558299280231,-5.0772679204655335e-05
core_N128_s3,moment5,128,3,1,1.0,0.0,0.0,0.0
core_N128_s3,moment5,128,3,1,10.0,-0.0020608719244806645,-0.001988553694802317,7.231822967834756e-05
core_N128_s3,moment5,128,3,1,100.0,-0.002515957208165928,-0.002480078036295061,3.587917187086731e-05
core_N128_s3,moment9,128,3,1,0.0001,0.001728460508563484,0.001740562330219575,1.2101821656090861e-05
core_N128_s3,moment9,128,3,1,0.001,0.0017250126404526334,0.0017374577360315113,1.2445095578877963e-05
core_N128_s3,moment9,128,3,1,0.01,0.0016905758082427502,0.0017064400065639057,1.5864198321155487e-05
core_N128_s3,moment9,128,3,1,0.1,0.0013949155229836946,0.001437558299280231,4.2642776296536455e-05
core_N128_s3,moment9,128,3,1,1.0,0.0,0.0,0.0
core_N128_s3,moment9,128,3,1,10.0,-0.0019898105685286355,-0.001988553694802317,1.2568737263185525e-06
core_N128_s3,moment9,128,3,1,100.0,-0.0024585888000624723,-0.002480078036295061,-2.1489236232588582e-05
core_N128_s3,sine,128,3,3,0.0001,-0.06707711554730102,-0.021795457405186944,0.04528165814211407
core_N128_s3,sine,128,3,3,0.001,-0.06706149533227633,-0.02177683164093723,0.0452846636913391
core_N128_s3,sine,128,3,3,0.01,-0.06690647526544984,-0.021590743749626426,0.04531573151582341
core_N128_s3,sine,128,3,3,0.1,-0.0654014317059035,-0.01970434123847649,0.04569709046742701
core_N128_s3,sine,128,3,3,1.0,0.0,0.0,0.0
core_N128_s3,sine,128,3,3,10.0,-0.019446424730103717,-0.00566393431554485,0.013782490414558868
core_N128_s3,sine,128,3,3,100.0,-0.030042416514872494,-0.008622167722844382,0.021420248792028113
core_N128_s3,runge,128,3,3,0.0001,0.05632455357336105,0.012654969881536748,-0.043669583691824304
core_N128_s3,runge,128,3,3,0.001,0.05505665749721897,0.012508468628616987,-0.04254818886860198
core_N128_s3,runge,128,3,3,0.01,0.04526039473224208,0.011335458017314462,-0.03392493671492762
core_N128_s3,runge,128,3,3,0.1,0.01609564609044506,0.006608993298944127,-0.009486652791500932
core_N128_s3,runge,128,3,3,1.0,0.0,0.0,0.0
core_N128_s3,runge,128,3,3,10.0,-0.002379385057413891,-0.0012277779125491467,0.0011516071448647441
core_N128_s3,runge,128,3,3,100.0,-0.006707109236669562,-0.0018063159175041865,0.004900793319165375
core_N128_s3,moment3,128,3,3,0.0001,-0.0008656089805055833,0.0428896252239251,0.043755234204430685
core_N128_s3,moment3,128,3,3,0.001,0.014207677195121227,0.03738484234256535,0.023177165147444126
core_N128_s3,moment3,128,3,3,0.01,0.08252108582056311,0.017586293635313693,-0.06493479218524942
core_N128_s3,moment3,128,3,3,0.1,0.09932202319481853,-0.013254993283290079,-0.11257701647810861
core_N128_s3,moment3,128,3,3,1.0,0.0,0.0,0.0
core_N128_s3,moment3,128,3,3,10.0,-0.0314419717006373,0.007156250827272281,0.03859822252790958
core_N128_s3,moment3,128,3,3,100.0,-0.07178204479217683,0.006523910870556246,0.07830595566273307
core_N128_s3,moment5,128,3,3,0.0001,0.0018162154730800156,0.0017209425975772547,-9.527287550276098e-05
core_N128_s3,moment5,128,3,3,0.001,0.0018124413227943448,0.00171752562284469,-9.491569994965476e-05
core_N128_s3,moment5,128,3,3,0.01,0.001779724518765416,0.0016833910334124597,-9.633348535295627e-05
core_N128_s3,moment5,128,3,3,0.1,0.0014883309784848864,0.0013882238336043046,-0.00010010714488058181
core_N128_s3,moment5,128,3,3,1.0,0.0,0.0,0.0
core_N128_s3,moment5,128,3,3,10.0,-0.0020608719244806645,-0.0019855703423923288,7.53015820883357e-05
core_N128_s3,moment5,128,3,3,100.0,-0.002515957208165928,-0.002452155057687977,6.380215047795124e-05
core_N128_s3,moment9,128,3,3,0.0001,0.001728460508563484,0.0017209425975772963,-7.517910986187815e-06
core_N128_s3,moment9,128,3,3,0.001,0.0017250126404526334,0.0017175256228446623,-7.487017607971103e-06
core_N128_s3,moment9,128,3,3,0.01,0.0016905758082427502,0.0016833910334124735,-7.184774830276686e-06
core_N128_s3,moment9,128,3,3,0.1,0.0013949155229836946,0.0013882238336043323,-6.6916893793622645e-06
core_N128_s3,moment9,128,3,3,1.0,0.0,0.0,0.0
core_N128_s3,moment9,128,3,3,10.0,-0.0019898105685286355,-0.001985570342392315,4.2402261363205795e-06
core_N128_s3,moment9,128,3,3,100.0,-0.0024585888000624723,-0.002452155057687991,6.433742374481466e-06
core_N128_s3,sine,128,3,5,0.0001,-0.06707711554730102,-0.06583611206447579,0.0012410034828252287
core_N128_s3,sine,128,3,5,0.001,-0.06706149533227633,-0.06582059137659578,0.0012409039556805501
core_N128_s3,sine,128,3,5,0.01,-0.06690647526544984,-0.06566657674429456,0.0012398985211552749
core_N128_s3,sine,128,3,5,0.1,-0.0654014317059035,-0.06417064890099594,0.001230782804907557
core_N128_s3,sine,128,3,5,1.0,0.0,0.0,0.0
core_N128_s3,sine,128,3,5,10.0,-0.019446424730103717,0.047792831692762966,0.06723925642286668
core_N128_s3,sine,128,3,5,100.0,-0.030042416514872494,-0.011540538084274882,0.018501878430597613
core_N128_s3,runge,128,3,5,0.0001,0.05632455357336105,0.05829054199812886,0.001965988424767806
core_N128_s3,runge,128,3,5,0.001,0.05505665749721897,0.058050128997027495,0.0029934714998085254
core_N128_s3,runge,128,3,5,0.01,0.04526039473224208,0.055722670913682854,0.010462276181440772
core_N128_s3,runge,128,3,5,0.1,0.01609564609044506,0.040117420068028486,0.024021773977583427
core_N128_s3,runge,128,3,5,1.0,0.0,0.0,0.0
core_N128_s3,runge,128,3,5,10.0,-0.002379385057413891,-0.019871970330703342,-0.01749258527328945
core_N128_s3,runge,128,3,5,100.0,-0.006707109236669562,-0.03234702929107752,-0.02563992005440796
core_N128_s3,moment3,128,3,5,0.0001,-0.0008656089805055833,-0.11680915174945415,-0.11594354276894857
core_N128_s3,moment3,128,3,5,0.001,0.014207677195121227,-0.11543143299257018,-0.12963911018769142
core_N128_s3,moment3,128,3,5,0.01,0.08252108582056311,-0.10197874084142096,-0.18449982666198406
core_N128_s3,moment3,128,3,5,0.1,0.09932202319481853,-0.024458496681123598,-0.12378051987594213
core_N128_s3,moment3,128,3,5,1.0,0.0,0.0,0.0
core_N128_s3,moment3,128,3,5,10.0,-0.0314419717006373,-0.07834790558545073,-0.04690593388481343
core_N128_s3,moment3,128,3,5,100.0,-0.07178204479217683,-0.08609399313676493,-0.014311948344588099
core_N128_s3,moment5,128,3,5,0.0001,0.0018162154730800156,0.0018317434983731312,1.5528025293115588e-05
core_N128_s3,moment5,128,3,5,0.001,0.0018124413227943448,0.0018284903244139977,1.6049001619652947e-05
core_N128_s3,moment5,128,3,5,0.01,0.001779724518765416,0.0017959889614980462,1.626444273263028e-05
core_N128_s3,moment5,128,3,5,0.1,0.0014883309784848864,0.0015032144931709651,1.4883514686078736e-05
core_N128_s3,moment5,128,3,5,1.0,0.0,0.0,0.0
core_N128_s3,moment5,128,3,5,10.0,-0.0020608719244806645,-0.002071058693653427,-1.0186769172762511e-05
core_N128_s3,moment5,128,3,5,100.0,-0.002515957208165928,-0.0025208927846669255,-4.935576500997296e-06
core_N128_s3,moment9,128,3,5,0.0001,0.001728460508563484,0.0017289243409346622,4.638323711780856e-07
core_N128_s3,moment9,128,3,5,0.001,0.0017250126404526334,0.0017254747340488819,4.620935962484918e-07
core_N128_s3,moment9,128,3,5,0.01,0.0016905758082427502,0.001691020894766762,4.450865240118729e-07
core_N128_s3,moment9,128,3,5,0.1,0.0013949155229836946,0.001395302603719839,3.870807361444628e-07
core_N128_s3,moment9,128,3,5,1.0,0.0,0.0,0.0
core_N128_s3,moment9,128,3,5,10.0,-0.0019898105685286355,-0.001990028933687979,-2.18365159343481e-07
core_N128_s3,moment9,128,3,5,100.0,-0.0024585888000624723,-0.0024588707628235285,-2.81962761056187e-07
core_N128_s3,sine,128,3,7,0.0001,-0.06707711554730102,-0.041517100065055976,0.02556001548224504
core_N128_s3,sine,128,3,7,0.001,-0.06706149533227633,-0.041501475261029916,0.025560020071246414
core_N128_s3,sine,128,3,7,0.01,-0.06690647526544984,-0.04134640877260823,0.025560066492841607
core_N128_s3,sine,128,3,7,0.1,-0.0654014317059035,-0.03984091889992643,0.02556051280597707
core_N128_s3,sine,128,3,7,1.0,0.0,0.0,0.0
core_N128_s3,sine,128,3,7,10.0,-0.019446424730103717,0.010611141630703813,0.03005756636080753
core_N128_s3,sine,128,3,7,100.0,-0.030042416514872494,-0.009855855230402527,0.020186561284469967
core_N128_s3,runge,128,3,7,0.0001,0.05632455357336105,0.013370202678004664,-0.04295435089535639
core_N128_s3,runge,128,3,7,0.001,0.05505665749721897,0.013271297391650658,-0.04178536010556831
core_N128_s3,runge,128,3,7,0.01,0.04526039473224208,0.012349386561326323,-0.03291100817091576
core_N128_s3,runge,128,3,7,0.1,0.01609564609044506,0.006699037019205309,-0.00939660907123975
core_N128_s3,runge,128,3,7,1.0,0.0,0.0,0.0
core_N128_s3,runge,128,3,7,10.0,-0.002379385057413891,-0.007562550247671204,-0.005183165190257313
core_N128_s3,runge,128,3,7,100.0,-0.006707109236669562,-0.019440518270050042,-0.01273340903338048
core_N128_s3,moment3,128,3,7,0.0001,-0.0008656089805055833,-0.08201068446033823,-0.08114507547983264
core_N128_s3,moment3,128,3,7,0.001,0.014207677195121227,-0.0815650509593499,-0.09577272815447113
core_N128_s3,moment3,128,3,7,0.01,0.08252108582056311,-0.07589482891928767,-0.15841591473985078
core_N128_s3,moment3,128,3,7,0.1,0.09932202319481853,-0.039588165561239314,-0.13891018875605785
core_N128_s3,moment3,128,3,7,1.0,0.0,0.0,0.0
core_N128_s3,moment3,128,3,7,10.0,-0.0314419717006373,-0.024055000126237375,0.007386971574399923
core_N128_s3,moment3,128,3,7,100.0,-0.07178204479217683,-0.06522421839292002,0.006557826399256811
core_N128_s3,moment5,128,3,7,0.0001,0.0018162154730800156,0.0018148117036335537,-1.4037694464619221e-06
core_N128_s3,moment5,128,3,7,0.001,0.0018124413227943448,0.001811041983298331,-1.399339496013785e-06
core_N128_s3,moment5,128,3,7,0.01,0.001779724518765416,0.001778218867527423,-1.5056512379929554e-06
core_N128_s3,moment5,128,3,7,0.1,0.0014883309784848864,0.0014869870314422745,-1.3439470426118705e-06
core_N128_s3,moment5,128,3,7,1.0,0.0,0.0,0.0
core_N128_s3,moment5,128,3,7,10.0,-0.0020608719244806645,-0.0020599353590395886,9.365654410758983e-07
core_N128_s3,moment5,128,3,7,100.0,-0.002515957208165928,-0.002515234180877124,7.230272888042455e-07
core_N128_s3,moment9,128,3,7,0.0001,0.001728460508563484,0.0017284297497484752,-3.075881500891331e-08
core_N128_s3,moment9,128,3,7,0.001,0.0017250126404526334,0.0017249819906355185,-3.064981711486947e-08
core_N128_s3,moment9,128,3,7,0.01,0.0016905758082427502,0.0016905462242188807,-2.9584023869544396e-08
core_N128_s3,moment9,128,3,7,0.1,0.0013949155229836946,0.001394890571564139,-2.4951419555496734e-08
core_N128_s3,moment9,128,3,7,1.0,0.0,0.0,0.0
core_N128_s3,moment9,128,3,7,10.0,-0.0019898105685286355,-0.0019897970741167004,1.3494411935099926e-08
core_N128_s3,moment9,128,3,7,100.0,-0.0024585888000624723,-0.002458573006012474,1.5794049998407722e-08
