seed,step,model,nodes,gradient_error,slope_error,effective_slope_error,reference_effective_slope_norm,analytic_truncation_bound
0,600000,full,64,2.5417191864863107e-16,9.386349958443258e-17,6.029050636179333e-17,5.669098039691428e-06,3.3554636670703705e-53
0,600000,full,128,2.5470616013970037e-16,1.3340412621400653e-16,5.5385335598595464e-17,5.669098039691428e-06,2.8459806078065364e-114
0,600000,five_mode,64,6.226711390411814e-16,2.413464934027826e-16,6.439801833836298e-17,5.668899737326087e-06,3.107570223863501e-46
0,600000,five_mode,128,4.679928915644307e-16,1.675531085202032e-16,6.375816971590338e-17,5.668899737326087e-06,2.6357265260554117e-107
0,600000,ten_mode,64,6.12342457485495e-16,2.3818264983858395e-16,6.894215457523899e-17,5.669098039691982e-06,3.710556241893367e-46
0,600000,ten_mode,128,4.642010618876829e-16,1.703642853319297e-16,6.764521164603504e-17,5.669098039691982e-06,3.147157041883284e-107
1,600000,full,64,2.3943378532238806e-16,8.942421349088599e-17,5.298733013559113e-17,5.283230568818851e-06,3.4308661500676468e-53
1,600000,full,128,2.9460392040787307e-16,1.3678106782344498e-16,5.081710763036544e-17,5.283230568818851e-06,2.9099342147243157e-114
1,600000,five_mode,64,5.688963679092588e-16,1.9138598942735633e-16,6.653914348727266e-17,5.283024490378302e-06,3.1062203610924096e-46
1,600000,five_mode,128,4.768823233188358e-16,2.347387477036885e-16,6.407468038522088e-17,5.283024490378302e-06,2.634581622205781e-107
1,600000,ten_mode,64,5.323806327790211e-16,1.6568577788902292e-16,5.4121580818387054e-17,5.283230568822176e-06,3.708944453259576e-46
1,600000,ten_mode,128,4.892035209145714e-16,2.516982726610095e-16,5.313339945878294e-17,5.283230568822176e-06,3.14578998217089e-107
2,600000,full,64,2.7371356918077186e-16,8.833017514160746e-17,5.203901225906934e-17,8.167779421148734e-06,3.387456958110774e-53
2,600000,full,128,2.842801838805497e-16,1.4872096204241773e-16,5.235192247415573e-17,8.167779421148734e-06,2.8731161380685567e-114
2,600000,five_mode,64,4.2996170349253974e-16,1.2896724705700326e-16,7.426391606368339e-17,8.167368546763967e-06,3.1062380610621594e-46
2,600000,five_mode,128,4.908284748232792e-16,2.935217752255057e-16,7.012898768940341e-17,8.167368546763967e-06,2.6345966346677425e-107
2,600000,ten_mode,64,4.2908801065847896e-16,1.1968285372694715e-16,6.963692350394823e-17,8.167779421150066e-06,3.70896558853478e-46
2,600000,ten_mode,128,4.526674531455228e-16,2.8880106253273865e-16,6.866415488303507e-17,8.167779421150066e-06,3.1458079083323204e-107
3,600000,full,64,2.422968021936412e-16,8.255084095974673e-17,6.067870944317878e-17,7.504169157863637e-06,3.367073037553625e-53
3,600000,full,128,2.7098488470724324e-16,1.4030541524329357e-16,6.286029035642037e-17,7.504169157863637e-06,2.855827247955983e-114
3,600000,five_mode,64,3.9419897623319037e-16,1.9449316697244198e-16,6.973236995024893e-17,7.5041040574431436e-06,3.104139104490271e-46
3,600000,five_mode,128,3.4221641248537163e-16,2.0812436992647325e-16,7.010971179264123e-17,7.5041040574431436e-06,2.6328163770661345e-107
3,600000,ten_mode,64,4.265559685269904e-16,2.009158308702393e-16,6.531311079180544e-17,7.504169157882077e-06,3.70645935544726e-46
3,600000,ten_mode,128,3.561138426185649e-16,2.15253267787248e-16,6.119331058866728e-17,7.504169157882077e-06,3.14368221380142e-107
4,600000,full,64,2.581227610308643e-16,8.189279887533925e-17,5.180501134158942e-17,9.67695785150422e-06,3.337667821485443e-53
4,600000,full,128,2.724856587773291e-16,1.3862832007427887e-16,5.0396840868661204e-17,9.67695785150422e-06,2.8308868274949637e-114
4,600000,five_mode,64,5.11351670595843e-16,1.412570845459461e-16,5.945380211775402e-17,9.67666270873234e-06,3.1041844963582142e-46
4,600000,five_mode,128,4.939348548268175e-16,2.6971719150545676e-16,5.937902165890264e-17,9.67666270873234e-06,2.632854876775485e-107
4,600000,ten_mode,64,5.040046629241946e-16,1.3024490557857714e-16,6.946983185975705e-17,9.676957851499618e-06,3.706513555623875e-46
4,600000,ten_mode,128,5.1986486250380245e-16,2.751104369340575e-16,6.834725259569426e-17,9.676957851499618e-06,3.143728184393533e-107
0,1000000,full,64,2.965854603398367e-16,1.045361268480119e-16,5.817813539067769e-17,5.106776523325415e-06,3.35266484143418e-53
0,1000000,full,128,2.5796366807932657e-16,1.3176634651607996e-16,5.824681909587474e-17,5.106776523325415e-06,2.843606747060136e-114
0,1000000,five_mode,64,6.146148251169783e-16,2.0290472081309695e-16,7.035591055009341e-17,5.10660418854062e-06,3.1075732037142283e-46
0,1000000,five_mode,128,4.3123695251481223e-16,1.9875228662185538e-16,6.550572549829217e-17,5.10660418854062e-06,2.6357290534549686e-107
0,1000000,ten_mode,64,6.316146800099275e-16,1.7927181805134585e-16,6.419409250152477e-17,5.106776523326674e-06,3.710559800002077e-46
0,1000000,ten_mode,128,4.25783214213959e-16,2.1410990638405067e-16,6.06802475948244e-17,5.106776523326674e-06,3.147160059739947e-107
1,1000000,full,64,3.3934770713375146e-16,1.0612299864353464e-16,5.719590701534199e-17,4.79249082198463e-06,3.426170566009635e-53
1,1000000,full,128,2.6209808430102694e-16,1.4096895529384612e-16,5.598910135505895e-17,4.79249082198463e-06,2.9059515933946403e-114
1,1000000,five_mode,64,5.632752019518034e-16,2.075497963916702e-16,6.656213485483479e-17,4.792321208796178e-06,3.106233476207504e-46
1,1000000,five_mode,128,4.104841156903724e-16,2.219397788897723e-16,6.609116859630574e-17,4.792321208796178e-06,2.634592745963011e-107
1,1000000,ten_mode,64,5.759114744076046e-16,2.1841976636520825e-16,6.655691722002232e-17,4.7924908219879546e-06,3.7089601132938346e-46
1,1000000,ten_mode,128,4.012594126699874e-16,2.1262094298701082e-16,6.547397506645435e-17,4.7924908219879546e-06,3.145803264434755e-107
2,1000000,full,64,2.8440145611016423e-16,1.010827587365976e-16,5.709519120454269e-17,7.3308006920905865e-06,3.382500027526677e-53
2,1000000,full,128,2.6650889451723243e-16,1.3629818699532934e-16,5.55575624520128e-17,7.3308006920905865e-06,2.868911852248082e-114
2,1000000,five_mode,64,5.903946441454781e-16,1.411684537510947e-16,6.477357121050595e-17,7.330440735208238e-06,3.106238742446742e-46
2,1000000,five_mode,128,5.106234975784728e-16,2.697564800796351e-16,6.199229288468431e-17,7.330440735208238e-06,2.6345972125930312e-107
2,1000000,ten_mode,64,5.737633761628106e-16,1.493060524901029e-16,5.704649945388397e-17,7.330800692099677e-06,3.708966402229909e-46
2,1000000,ten_mode,128,5.067474481334496e-16,2.668413150210623e-16,5.895340153265952e-17,7.330800692099677e-06,3.1458085984785385e-107
3,1000000,full,64,3.7528985230482783e-16,1.2090055674214436e-16,5.229165164561284e-17,6.745407144271955e-06,3.370055310975313e-53
3,1000000,full,128,2.7649786956381065e-16,1.1713714053708447e-16,5.4725724524637845e-17,6.745407144271955e-06,2.8583567023525818e-114
3,1000000,five_mode,64,7.304002702725354e-16,2.460005139217161e-16,6.950269535895982e-17,6.745373739053046e-06,3.1041453041381338e-46
3,1000000,five_mode,128,5.50116147146586e-16,2.0310515188386864e-16,6.801995803657205e-17,6.745373739053046e-06,2.632821635378947e-107
3,1000000,ten_mode,64,7.272964810555922e-16,2.526114279489629e-16,7.010712227185297e-17,6.745407144267449e-06,3.706466758003275e-46
3,1000000,ten_mode,128,5.431357427611133e-16,1.9400712573556317e-16,6.426501134201741e-17,6.745407144267449e-06,3.143688492376592e-107
4,1000000,full,64,2.508744786816369e-16,8.402675192883675e-17,5.321568899311463e-17,8.41669248500954e-06,3.3410145489180173e-53
4,1000000,full,128,2.6690077592276883e-16,1.467308181989842e-16,5.2676185877898504e-17,8.41669248500954e-06,2.833725398350668e-114
4,1000000,five_mode,64,5.537506536243501e-16,1.4325787597998252e-16,6.480534761021023e-17,8.416472712838225e-06,3.1041979452528253e-46
4,1000000,five_mode,128,5.266557105201436e-16,2.4916557719170845e-16,6.166112191536839e-17,8.416472712838225e-06,2.632866283632199e-107
4,1000000,ten_mode,64,5.645693337390202e-16,1.3395273684512314e-16,6.629915578284725e-17,8.41669248500453e-06,3.706529614047443e-46
4,1000000,ten_mode,128,5.580669141043139e-16,2.48059642195634e-16,6.365990297327171e-17,8.41669248500453e-06,3.143741804556526e-107
0,2000000,full,64,2.7060704087276106e-16,9.182066384235283e-17,5.981271483206343e-17,3.991923320423284e-06,3.3467433903091045e-53
0,2000000,full,128,2.8609323146117613e-16,1.4324760041749423e-16,6.326969782888727e-17,3.991923320423284e-06,2.8385843904667917e-114
0,2000000,five_mode,64,6.025512177127295e-16,1.6121522968412602e-16,6.936970698059305e-17,3.991801922735933e-06,3.1075832267483604e-46
0,2000000,five_mode,128,5.356284523109824e-16,2.3312042781698206e-16,6.776005551992876e-17,3.991801922735933e-06,2.6357375546230934e-107
0,2000000,ten_mode,64,5.442362893551307e-16,1.5146293361778e-16,7.109574585120424e-17,3.991923320419589e-06,3.710571767998579e-46
0,2000000,ten_mode,128,5.453280662428274e-16,2.3670371668171493e-16,7.038371102732974e-17,3.991923320419589e-06,3.1471702105534676e-107
1,2000000,full,64,2.299781317831273e-16,7.139945760063131e-17,5.103587407237284e-17,3.881888752696172e-06,3.415930369914081e-53
1,2000000,full,128,2.7959624984434397e-16,1.6746072837711665e-16,5.024929513539955e-17,3.881888752696172e-06,2.897266236496251e-114
1,2000000,five_mode,64,4.978250715412659e-16,1.642259633599654e-16,7.222172961208804e-17,3.8817843061167155e-06,3.106262344592695e-46
1,2000000,five_mode,128,4.2962473754521623e-16,2.5191342581610275e-16,6.708075872649852e-17,3.8817843061167155e-06,2.6346172310633084e-107
1,2000000,ten_mode,64,4.4159605442481024e-16,1.5959155151285278e-16,5.939574210541222e-17,3.881888752693949e-06,3.708994583435616e-46
1,2000000,ten_mode,128,4.262033317821263e-16,2.6040207479871467e-16,5.890693644548417e-17,3.881888752693949e-06,3.145832500738525e-107
2,2000000,full,64,3.1381553621046205e-16,8.31520175181409e-17,5.947704634854799e-17,5.687961596924627e-06,3.3723498828388137e-53
2,2000000,full,128,2.8983570029177197e-16,1.4473664482312272e-16,6.072865489791588e-17,5.687961596924627e-06,2.8603028736346104e-114
2,2000000,five_mode,64,7.196984354810098e-16,2.0060445833238843e-16,7.457944419526587e-17,5.687697955866204e-06,3.1062454389881977e-46
2,2000000,five_mode,128,5.370564307096362e-16,1.8820777682589608e-16,7.640301913272148e-17,5.687697955866204e-06,2.6346028923526753e-107
2,2000000,ten_mode,64,7.156417596457616e-16,2.0041273104676395e-16,6.88729959590782e-17,5.6879615969328954e-06,3.708974398350474e-46
2,2000000,ten_mode,128,5.637777992655489e-16,1.955170509012707e-16,6.988579709931899e-17,5.6879615969328954e-06,3.1458153804932834e-107
3,2000000,full,64,2.873849495219065e-16,8.208746791496833e-17,5.891942579386613e-17,5.2316606413018e-06,3.375888817059011e-53
3,2000000,full,128,2.715892379901282e-16,1.4712629186839444e-16,5.853746742555052e-17,5.2316606413018e-06,2.8633044672032803e-114
3,2000000,five_mode,64,4.689592065975655e-16,1.2647107188389285e-16,6.979272605887282e-17,5.231686536266655e-06,3.1041627738945684e-46
3,2000000,five_mode,128,4.912032102726903e-16,2.9647957027614576e-16,6.612911093320099e-17,5.231686536266655e-06,2.63283645258246e-107
3,2000000,ten_mode,64,4.817293062308743e-16,1.147329121883455e-16,7.596409383188527e-17,5.231660641299125e-06,3.706487617439585e-46
3,2000000,ten_mode,128,5.059882680221716e-16,2.992772216463108e-16,6.906283904265951e-17,5.231660641299125e-06,3.14370618458164e-107
4,2000000,full,64,2.77851683045752e-16,9.871271895094458e-17,6.307184005137594e-17,6.033681604479305e-06,3.3472959449596888e-53
4,2000000,full,128,2.6691945736917546e-16,1.4175624713657279e-16,5.880900664404837e-17,6.033681604479305e-06,2.839053046955535e-114
4,2000000,five_mode,64,5.936397379082478e-16,1.4561197760936857e-16,6.528302471782249e-17,6.033599575622214e-06,3.1042316617252434e-46
4,2000000,five_mode,128,5.725272321900725e-16,2.5577277275131097e-16,6.320381899847489e-17,6.033599575622214e-06,2.632894880701393e-107
4,2000000,ten_mode,64,5.850718628565562e-16,1.5255810347508955e-16,6.380924136656847e-17,6.033681604482842e-06,3.706569872668041e-46
4,2000000,ten_mode,128,5.308505145527436e-16,2.519339797633682e-16,6.019155947742425e-17,6.033681604482842e-06,3.143775950434679e-107
0,4000000,full,64,3.0776726980451427e-16,1.001627814337457e-16,5.053489671677332e-17,2.6388178289580183e-06,3.3402546475624274e-53
0,4000000,full,128,2.779695264315235e-16,1.4835770621527484e-16,5.175470621319635e-17,2.6388178289580183e-06,2.833080878029057e-114
0,4000000,five_mode,64,6.516744160031448e-16,1.8275575285555027e-16,7.351623267283804e-17,2.6387581538307997e-06,3.1076081503885133e-46
0,4000000,five_mode,128,5.678679291967309e-16,2.6598893781310876e-16,6.940448138065319e-17,2.6387581538307997e-06,2.6357586939360435e-107
0,4000000,ten_mode,64,5.966134559201629e-16,1.8065063662209794e-16,6.358993734562769e-17,2.6388178289577197e-06,3.710601527892889e-46
0,4000000,ten_mode,128,5.592439060037401e-16,2.7356361393640107e-16,6.050768712000741e-17,2.6388178289577197e-06,3.147195451798941e-107
1,4000000,full,64,3.081372585944512e-16,9.47509377738137e-17,4.843551972298488e-17,2.926976088024109e-06,3.4075025184916075e-53
1,4000000,full,128,2.796032773375758e-16,1.15298392068534e-16,5.0804257769732114e-17,2.926976088024109e-06,2.890118043550751e-114
1,4000000,five_mode,64,5.507174089845936e-16,1.5327841389279629e-16,6.465017099058117e-17,2.9269297183825255e-06,3.106306582927518e-46
1,4000000,five_mode,128,5.226357068987003e-16,2.5065451422796783e-16,6.385708306193535e-17,2.9269297183825255e-06,2.634654752388383e-107
1,4000000,ten_mode,64,5.851791465889181e-16,1.5958807375260543e-16,7.575948319024262e-17,2.9269760880353477e-06,3.709047405843043e-46
1,4000000,ten_mode,128,5.068801383413599e-16,2.499848102347095e-16,7.343038689270381e-17,2.9269760880353477e-06,3.1458773027575935e-107
2,4000000,full,64,2.418365196446756e-16,9.651918307469863e-17,5.115283219537723e-17,3.689937954652457e-06,3.3637428863459507e-53
2,4000000,full,128,2.60330232507753e-16,1.347919812941383e-16,5.0660517886177506e-17,3.689937954652457e-06,2.853002736443278e-114
2,4000000,five_mode,64,5.071437142097933e-16,1.7050405737661897e-16,7.479127218089146e-17,3.6897885846262363e-06,3.1062684889934273e-46
2,4000000,five_mode,128,4.663976425201749e-16,2.722896837814133e-16,7.125382278840002e-17,3.6897885846262363e-06,2.634622442517541e-107
2,4000000,ten_mode,64,4.43705510073825e-16,1.7156039195598187e-16,5.996733699332163e-17,3.68993795463985e-06,3.7090019210949676e-46
2,4000000,ten_mode,128,4.632670494817945e-16,2.6432160250628104e-16,6.013519859756879e-17,3.68993795463985e-06,3.145838724270738e-107
3,4000000,full,64,2.3491880785178833e-16,8.040836016917704e-17,5.83081168236363e-17,3.371866391478119e-06,3.381845255985168e-53
3,4000000,full,128,2.54528335265437e-16,1.4055225603926436e-16,5.830527860546655e-17,3.371866391478119e-06,2.8683564991599334e-114
3,4000000,five_mode,64,5.651857815252423e-16,1.8523477249804817e-16,7.969004060434693e-17,3.37194417853865e-06,3.1041986680018684e-46
3,4000000,five_mode,128,5.008314251675735e-16,2.5849987946498737e-16,7.866354632154689e-17,3.37194417853865e-06,2.6328668966412986e-107
3,4000000,ten_mode,64,5.364470331721985e-16,1.6727081172891216e-16,6.485386541003616e-17,3.3718663914860555e-06,3.706530476244848e-46
3,4000000,ten_mode,128,5.166721108710542e-16,2.613408084767533e-16,6.271762764526437e-17,3.3718663914860555e-06,3.1437425358405875e-107
4,4000000,full,64,3.2760082668303083e-16,9.945254320295641e-17,5.51185291772623e-17,3.4200693389021363e-06,3.3530542220141824e-53
4,4000000,full,128,2.653949671501688e-16,1.4434006842989894e-16,5.632336515097708e-17,3.4200693389021363e-06,2.8439370053164296e-114
4,4000000,five_mode,64,7.519555202715078e-16,1.9987105368758988e-16,7.015586726422352e-17,3.420118333110855e-06,3.1042906775069832e-46
4,4000000,five_mode,128,4.800368847321087e-16,2.341021610799649e-16,6.984546577777387e-17,3.420118333110855e-06,2.6329449357122802e-107
4,4000000,ten_mode,64,7.635949362385737e-16,1.9686184356829908e-16,7.035329125446316e-17,3.420069338902689e-06,3.706640339630379e-46
4,4000000,ten_mode,128,5.371598052244569e-16,2.4573240542029495e-16,6.757505305044633e-17,3.420069338902689e-06,3.143835717914885e-107
0,6000000,full,64,2.680539677580061e-16,8.471667491439421e-17,5.821636013946906e-17,1.986445880592696e-06,3.336335555310847e-53
0,6000000,full,128,2.861815821545756e-16,1.3561067017795704e-16,5.86485279258097e-17,1.986445880592696e-06,2.8297568484299105e-114
0,6000000,five_mode,64,5.800902426828211e-16,1.7603762858881038e-16,7.085227694281497e-17,1.9864155541077494e-06,3.1076344272312003e-46
0,6000000,five_mode,128,5.381041873515341e-16,2.2596401900269985e-16,7.076817346035443e-17,1.9864155541077494e-06,2.6357809809855074e-107
0,6000000,ten_mode,64,5.839073773577052e-16,1.891357859945353e-16,6.779976815896806e-17,1.986445880602239e-06,3.7106329035123116e-46
0,6000000,ten_mode,128,5.350564743388648e-16,2.1499783912642846e-16,6.270535674955595e-17,1.986445880602239e-06,3.147222063442903e-107
1,6000000,full,64,2.8178332988284425e-16,1.0118581645539956e-16,5.33805556981765e-17,2.522196922131686e-06,3.400253794768742e-53
1,6000000,full,128,2.637446134219901e-16,1.2816576363204633e-16,5.536190950067049e-17,2.522196922131686e-06,2.8839699432601482e-114
1,6000000,five_mode,64,5.750985886128968e-16,1.794273786942687e-16,8.306644825251652e-17,2.522164390821871e-06,3.1063391660436126e-46
1,6000000,five_mode,128,4.987052260593725e-16,2.4803947477894193e-16,7.899763983140348e-17,2.522164390821871e-06,2.6346823881865164e-107
1,6000000,ten_mode,64,5.517442107974425e-16,1.6435569870549736e-16,6.797255376061774e-17,2.522196922137913e-06,3.709086311455887e-46
1,6000000,ten_mode,128,4.893463790760526e-16,2.404082045940848e-16,6.831471267734761e-17,2.522196922137913e-06,3.145910301064437e-107
2,6000000,full,64,2.996869749560814e-16,9.860253260988718e-17,5.5502688477307726e-17,2.6852169573212615e-06,3.361573968312787e-53
2,6000000,full,128,3.124539113727973e-16,1.5107666052910322e-16,5.417800830492124e-17,2.6852169573212615e-06,2.8511631401088323e-114
2,6000000,five_mode,64,6.370724522220519e-16,9.995854388502786e-17,6.519120020293922e-17,2.685127704545373e-06,3.106294557622653e-46
2,6000000,five_mode,128,6.286980306486741e-16,3.073478757592791e-16,6.593981450156306e-17,2.685127704545373e-06,2.634644552968021e-107
2,6000000,ten_mode,64,5.987317984347237e-16,1.1649164588787426e-16,6.493921585916987e-17,2.6852169573214894e-06,3.709033048065689e-46
2,6000000,ten_mode,128,6.637648335831459e-16,3.150683241942316e-16,6.645560579631349e-17,2.6852169573214894e-06,3.145865125020036e-107
3,6000000,full,64,2.4671511680684285e-16,8.001590996460482e-17,5.080837424793055e-17,2.46561461222783e-06,3.3825251103283903e-53
3,6000000,full,128,3.0064357197803883e-16,1.2912619070508073e-16,4.8775068102655387e-17,2.46561461222783e-06,2.868933126556001e-114
3,6000000,five_mode,64,5.112083460080026e-16,1.6816482775057188e-16,7.108784752356105e-17,2.4656823613238574e-06,3.1042307963508397e-46
3,6000000,five_mode,128,5.29663150592527e-16,2.691070393670111e-16,7.183012679160759e-17,2.4656823613238574e-06,2.6328941467227194e-107
3,6000000,ten_mode,64,5.464490333275426e-16,1.6124662010602973e-16,7.064479317299198e-17,2.4656146122255117e-06,3.706568838694714e-46
3,6000000,ten_mode,128,5.135889864380659e-16,2.5016607598546984e-16,6.711516955274091e-17,2.4656146122255117e-06,3.1437750734566126e-107
4,6000000,full,64,2.6189119699687534e-16,9.328994101140479e-17,5.944346875218267e-17,2.3709052005747515e-06,3.353269902462801e-53
4,6000000,full,128,2.814032335329548e-16,1.4359109157498538e-16,5.81835734538014e-17,2.3709052005747515e-06,2.8441199375234672e-114
4,6000000,five_mode,64,5.511919721433848e-16,1.8909963898346814e-16,6.854195507396214e-17,2.370967549682226e-06,3.1043371731628402e-46
4,6000000,five_mode,128,5.053354650799053e-16,2.580586206181868e-16,6.47292367422365e-17,2.370967549682226e-06,2.6329843716138558e-107
4,6000000,ten_mode,64,5.807331264401717e-16,1.7237999447471397e-16,6.866063484904926e-17,2.370905200573182e-06,3.706695857196728e-46
4,6000000,ten_mode,128,4.857803827174779e-16,2.6776694583162527e-16,6.642576661019066e-17,2.370905200573182e-06,3.1438828058684136e-107
