target,kind,gamma,cutoff,rank,train_mse,heldout_mse,readout_l2,seed,arm,fork_step,step,archive,previous_step
sine,construction_centers,0.1,1e-10,5,0.3551148827738163,0.35511583230439886,23605.14029798362,,,,,,
sine,construction_centers,0.1,1e-12,6,0.04571545359171621,0.04571628015079472,4118251798.6628003,,,,,,
sine,construction_centers,0.1,1e-14,7,0.04571545337687933,0.04571627992235646,4118255763.200594,,,,,,
sine,construction_centers,0.25,1e-10,7,0.0412538057835721,0.041254551149920715,1379919.6632436493,,,,,,
sine,construction_centers,0.25,1e-12,9,0.00098994652728756,0.0009899933352806988,1178231744.5038295,,,,,,
sine,construction_centers,0.25,1e-14,10,6.7730370984325745e-06,6.777841841855803e-06,439841818490.08765,,,,,,
sine,construction_centers,0.5,1e-10,10,2.3302649133216587e-07,2.330497856528197e-07,7426988.586221812,,,,,,
sine,construction_centers,0.5,1e-12,12,3.5337959177572057e-10,3.534300385025413e-10,39166811.970124535,,,,,,
sine,construction_centers,0.5,1e-14,14,1.5801493469439963e-14,1.5786512619178308e-14,303355197.5271681,,,,,,
sine,construction_centers,1.0,1e-10,15,2.2748048795135645e-11,2.2752709327806364e-11,3268.2714657482866,,,,,,
sine,construction_centers,1.0,1e-12,18,1.1250276954661467e-15,1.1254340330345135e-15,22254.94895885867,,,,,,
sine,construction_centers,1.0,1e-14,21,3.787915057464226e-18,3.789658208209687e-18,47935.327613289934,,,,,,
sine,construction_centers,2.0,1e-10,25,2.7616479939792584e-18,2.762247115598366e-18,11.974533390513791,,,,,,
sine,construction_centers,2.0,1e-12,30,4.3877037706570886e-21,4.395787780075457e-21,16.147451786788395,,,,,,
sine,construction_centers,2.0,1e-14,35,4.00399686339137e-23,4.013181329343321e-23,68.7966432239988,,,,,,
sine,construction_centers,3.2,1e-10,36,2.6970714464796293e-19,2.702661158831765e-19,2.565808828050959,,,,,,
sine,construction_centers,3.2,1e-12,44,3.1319665234589663e-23,3.143474890967774e-23,3.761143361376734,,,,,,
sine,construction_centers,3.2,1e-14,51,3.6785187266822456e-26,3.6963898490332154e-26,5.492781562367722,,,,,,
sine,construction_centers,4.0,1e-10,44,1.4559891978684937e-20,1.4607409374256858e-20,1.3232448465062943,,,,,,
sine,construction_centers,4.0,1e-12,52,5.995321928883925e-24,6.027250313896081e-24,1.514611675125892,,,,,,
sine,construction_centers,4.0,1e-14,61,2.7143704440815612e-27,2.7351884966894347e-27,1.8395445712480998,,,,,,
sine,construction_centers,8.0,1e-10,78,1.6985657887614857e-22,1.7175733472570925e-22,0.5573957664213399,,,,,,
sine,construction_centers,8.0,1e-12,95,2.8492971145799954e-26,2.9038405327414105e-26,0.5593750706171001,,,,,,
sine,construction_centers,8.0,1e-14,111,5.965651787017673e-30,6.080856112425475e-30,0.5620290694737365,,,,,,
sine,construction_centers,16.0,1e-10,136,6.2348405188378166e-24,6.664285358961251e-24,0.4635501032383661,,,,,,
sine,construction_centers,16.0,1e-12,138,4.94425504613706e-27,5.303817738799998e-27,0.4645650474083181,,,,,,
sine,construction_centers,16.0,1e-14,140,4.474125850082194e-28,4.806082532593863e-28,0.46557127082140354,,,,,,
runge,construction_centers,0.1,1e-10,5,0.016744868395923592,0.016744910392022208,3654808.557914842,,,,,,
runge,construction_centers,0.1,1e-12,6,0.016744868396263816,0.016744910392004535,3654808.558127042,,,,,,
runge,construction_centers,0.1,1e-14,7,0.00755962684927905,0.007559657151494792,205566809088.60233,,,,,,
runge,construction_centers,0.25,1e-10,7,0.0072745961835566485,0.007274640844274849,11455726.808364775,,,,,,
runge,construction_centers,0.25,1e-12,9,0.0032393613777792142,0.0032394057470338028,18217005806.40041,,,,,,
runge,construction_centers,0.25,1e-14,10,0.003239359572698636,0.003239405537449373,18217112640.54476,,,,,,
runge,construction_centers,0.5,1e-10,10,0.002833406732224687,0.0028334384338730093,1727030.7553165164,,,,,,
runge,construction_centers,0.5,1e-12,12,0.0012189646574607012,0.0012189887001457123,226387381.72919446,,,,,,
runge,construction_centers,0.5,1e-14,14,0.0005242602247433124,0.0005242733771203031,29752787257.328217,,,,,,
runge,construction_centers,1.0,1e-10,15,0.0001471715479407594,0.00014717714370270416,5058743.624000205,,,,,,
runge,construction_centers,1.0,1e-12,18,5.947332748999293e-05,5.947655383471028e-05,85953009.33138138,,,,,,
runge,construction_centers,1.0,1e-14,21,9.70898216561931e-06,9.70985314714374e-06,24905965672.560146,,,,,,
runge,construction_centers,2.0,1e-10,25,6.255834031486634e-07,6.256563760726461e-07,602517.9714109092,,,,,,
runge,construction_centers,2.0,1e-12,30,8.795697737315524e-08,8.797272252581295e-08,10124203.319513801,,,,,,
runge,construction_centers,2.0,1e-14,35,4.636829498360344e-09,4.6383491888001014e-09,693280955.6799247,,,,,,
runge,construction_centers,3.2,1e-10,36,1.4277624192356076e-09,1.4280742768070998e-09,18734.59792772233,,,,,,
runge,construction_centers,3.2,1e-12,44,2.1938240399799353e-11,2.1947007559083996e-11,387842.02287006,,,,,,
runge,construction_centers,3.2,1e-14,51,3.361349535401666e-13,3.3641762196387056e-13,8055736.827258405,,,,,,
runge,construction_centers,4.0,1e-10,44,1.0607961250657738e-11,1.0611345708916668e-11,3432.1844552025514,,,,,,
runge,construction_centers,4.0,1e-12,52,1.4518290832447932e-13,1.4525979516319477e-13,27096.57370269902,,,,,,
runge,construction_centers,4.0,1e-14,61,6.707518148603178e-16,6.713868592508119e-16,361081.5659447229,,,,,,
runge,construction_centers,8.0,1e-10,78,4.920276169003118e-21,4.923274867228958e-21,0.48152537602870754,,,,,,
runge,construction_centers,8.0,1e-12,95,1.53702068137712e-25,1.5393335626415872e-25,0.5148118909282956,,,,,,
runge,construction_centers,8.0,1e-14,111,3.681811350192852e-29,3.6871996146997404e-29,0.5382756410163437,,,,,,
runge,construction_centers,16.0,1e-10,136,3.0892232900573386e-27,3.301087279520978e-27,0.14224249789746454,,,,,,
runge,construction_centers,16.0,1e-12,138,1.873241607456261e-29,1.8899382622121628e-29,0.14224422535947084,,,,,,
runge,construction_centers,16.0,1e-14,140,1.5511736560908493e-29,1.568107629637997e-29,0.1422468982235539,,,,,,
moment3,construction_centers,0.1,1e-10,5,4.640729799922634e-06,4.6407866656675915e-06,77844.56674180186,,,,,,
moment3,construction_centers,0.1,1e-12,6,2.4901610283936316e-11,2.4902305514349618e-11,15949618.430602947,,,,,,
moment3,construction_centers,0.1,1e-14,7,2.490166891501799e-11,2.4902317843341407e-11,15949618.437117798,,,,,,
moment3,construction_centers,0.25,1e-10,7,2.7884804374542635e-08,2.7885654351659027e-08,30528.03952879301,,,,,,
moment3,construction_centers,0.25,1e-12,9,5.095352567274054e-12,5.0956618467278516e-12,980905.7281039982,,,,,,
moment3,construction_centers,0.25,1e-14,10,1.0778510851074852e-15,1.0745208703709948e-15,31675472.652612194,,,,,,
moment3,construction_centers,0.5,1e-10,10,1.211033711411293e-11,1.2111577952604564e-11,30573.454598935714,,,,,,
moment3,construction_centers,0.5,1e-12,12,2.562679587624285e-14,2.56309133707006e-14,278829.4421476379,,,,,,
moment3,construction_centers,0.5,1e-14,14,5.556220010576936e-17,5.555596156349513e-17,2574114.6538365236,,,,,,
moment3,construction_centers,1.0,1e-10,15,2.9384230863915942e-12,2.939077275375362e-12,989.6322585567546,,,,,,
moment3,construction_centers,1.0,1e-12,18,6.470677633987827e-16,6.473470910790606e-16,10286.116750080428,,,,,,
moment3,construction_centers,1.0,1e-14,21,9.794913565859702e-18,9.801086431965878e-18,33619.62027740123,,,,,,
moment3,construction_centers,2.0,1e-10,25,1.909392729505051e-15,1.910982939562858e-15,51.105556273561504,,,,,,
moment3,construction_centers,2.0,1e-12,30,3.682401991282886e-19,3.688098830289782e-19,207.1087398094604,,,,,,
moment3,construction_centers,2.0,1e-14,35,1.2744761871258054e-21,1.277289211803692e-21,539.7790125056273,,,,,,
moment3,construction_centers,3.2,1e-10,36,3.327578725264775e-18,3.334738768288621e-18,6.065680176234128,,,,,,
moment3,construction_centers,3.2,1e-12,44,5.454506494264578e-22,5.475312933754867e-22,12.075084210149548,,,,,,
moment3,construction_centers,3.2,1e-14,51,8.264765009821443e-25,8.3086780440222e-25,21.26219047306867,,,,,,
moment3,construction_centers,4.0,1e-10,44,1.668213157516891e-19,1.6737702780793854e-19,2.8564617176953373,,,,,,
moment3,construction_centers,4.0,1e-12,52,8.039502198098055e-23,8.083171231640745e-23,3.843733046159055,,,,,,
moment3,construction_centers,4.0,1e-14,61,4.1473571220157766e-26,4.181881650507325e-26,5.495889570819685,,,,,,
moment3,construction_centers,8.0,1e-10,78,1.3418990382918501e-20,1.355903787257094e-20,1.1494796036819133,,,,,,
moment3,construction_centers,8.0,1e-12,95,1.3637150136040102e-24,1.3888323915350021e-24,1.2088780341529293,,,,,,
moment3,construction_centers,8.0,1e-14,111,1.5973678540336318e-28,1.6285942649794384e-28,1.261088164670982,,,,,,
moment3,construction_centers,16.0,1e-10,136,2.1914635866639007e-22,2.345194815091411e-22,0.8063671913371696,,,,,,
moment3,construction_centers,16.0,1e-12,138,2.1347580479396434e-25,2.359694130781403e-25,0.82661979882323,,,,,,
moment3,construction_centers,16.0,1e-14,140,1.773219736796094e-27,1.7774619547534425e-27,0.8505630000348348,,,,,,
moment5,construction_centers,0.1,1e-10,5,0.7499962520819277,0.7500054978232645,162.80705280699095,,,,,,
moment5,construction_centers,0.1,1e-12,6,1.2729053639352423e-05,1.272941421252704e-05,6411785876.266176,,,,,,
moment5,construction_centers,0.1,1e-14,7,1.2729036992087824e-05,1.2729400605088442e-05,6411785880.576089,,,,,,
moment5,construction_centers,0.25,1e-10,7,0.00041846887695835486,0.00041848181072421536,2144267.562999657,,,,,,
moment5,construction_centers,0.25,1e-12,9,1.3933910377446102e-07,1.3934770328578605e-07,120116093.26702824,,,,,,
moment5,construction_centers,0.25,1e-14,10,4.241834419689029e-11,4.231037982634737e-11,5236710549.801805,,,,,,
moment5,construction_centers,0.5,1e-10,10,4.2343214536413696e-08,4.23476301272775e-08,1499786.2590708844,,,,,,
moment5,construction_centers,0.5,1e-12,12,1.1774992994532882e-10,1.1776884626768923e-10,16451043.321540382,,,,,,
moment5,construction_centers,0.5,1e-14,14,3.1555562805559914e-13,3.160394153345229e-13,174192085.07452282,,,,,,
moment5,construction_centers,1.0,1e-10,15,2.139741229322893e-09,2.140228749115437e-09,24135.28333069083,,,,,,
moment5,construction_centers,1.0,1e-12,18,6.178339895656722e-13,6.181059056334079e-13,296203.66103955,,,,,,
moment5,construction_centers,1.0,1e-14,21,1.0416291999816994e-14,1.042276159972514e-14,1031608.0635903305,,,,,,
moment5,construction_centers,2.0,1e-10,25,4.957224008004336e-13,4.961421698723827e-13,777.6782892413206,,,,,,
moment5,construction_centers,2.0,1e-12,30,1.1133747769196823e-16,1.1151187232522712e-16,3454.96530469614,,,,,,
moment5,construction_centers,2.0,1e-14,35,4.187749901894267e-19,4.197112562629508e-19,9447.673507951298,,,,,,
moment5,construction_centers,3.2,1e-10,36,5.147378549064564e-16,5.158575072159659e-16,69.19015899976358,,,,,,
moment5,construction_centers,3.2,1e-12,44,9.253727980587252e-20,9.289316408657932e-20,149.7181971098113,,,,,,
moment5,construction_centers,3.2,1e-14,51,1.4869330376833195e-22,1.4949790669762136e-22,274.9240695302459,,,,,,
moment5,construction_centers,4.0,1e-10,44,2.1013567868357195e-17,2.1084286959519664e-17,26.93703378784153,,,,,,
moment5,construction_centers,4.0,1e-12,52,1.0854621735782614e-20,1.0913958839560144e-20,39.82185203772272,,,,,,
moment5,construction_centers,4.0,1e-14,61,5.906439897465426e-24,5.9535412802384075e-24,60.96863865057628,,,,,,
moment5,construction_centers,8.0,1e-10,78,7.533120420576625e-19,7.612789799031356e-19,5.82550277075001,,,,,,
moment5,construction_centers,8.0,1e-12,95,8.585701374552528e-23,8.745507562288632e-23,6.49381791857965,,,,,,
moment5,construction_centers,8.0,1e-14,111,1.0099544022858723e-26,1.034157107114619e-26,7.10339567001458,,,,,,
moment5,construction_centers,16.0,1e-10,136,6.18171121499837e-21,6.616608409890477e-21,2.7671920421942344,,,,,,
moment5,construction_centers,16.0,1e-12,138,6.365695160975735e-24,7.056302330375612e-24,2.930818085825434,,,,,,
moment5,construction_centers,16.0,1e-14,140,4.361992215775609e-27,4.457102958367854e-27,3.1307630202278864,,,,,,
moment9,construction_centers,0.1,1e-10,5,0.750000000003831,0.7500477815779841,30.715362866585313,,,,,,
moment9,construction_centers,0.1,1e-12,6,0.7499999999066931,0.7500477809283446,73380.4153211088,,,,,,
moment9,construction_centers,0.1,1e-14,7,0.7500000001121299,0.7500477811337509,31034899.718818065,,,,,,
moment9,construction_centers,0.25,1e-10,7,0.749999901407874,0.7500476664482358,793.0971440707898,,,,,,
moment9,construction_centers,0.25,1e-12,9,0.7491809787865886,0.7492309778233174,168058840.31562015,,,,,,
moment9,construction_centers,0.25,1e-14,10,0.0013711813376999422,0.0013703824182074653,12130171852958.404,,,,,,
moment9,construction_centers,0.5,1e-10,10,0.013097265488077102,0.013098763022155003,340199011.0014216,,,,,,
moment9,construction_centers,0.5,1e-12,12,0.00010353218021737748,0.0001035501896493687,9094207093.10026,,,,,,
moment9,construction_centers,0.5,1e-14,14,5.751891538681693e-07,5.760311925660566e-07,162623738405.07703,,,,,,
moment9,construction_centers,1.0,1e-10,15,8.563143093584448e-05,8.56527030613342e-05,3422439.978333668,,,,,,
moment9,construction_centers,1.0,1e-12,18,5.801573878852172e-08,5.80427113624583e-08,73530922.30379564,,,,,,
moment9,construction_centers,1.0,1e-14,21,1.3406441576126045e-09,1.3414881260045074e-09,310672264.4489161,,,,,,
moment9,construction_centers,2.0,1e-10,25,5.772697545506917e-09,5.7778335700893405e-09,72023.3873212822,,,,,,
moment9,construction_centers,2.0,1e-12,30,1.9765984013476276e-12,1.9798012648913957e-12,413909.186613136,,,,,,
moment9,construction_centers,2.0,1e-14,35,9.259169501126494e-15,9.279352301240485e-15,1286490.89373717,,,,,,
moment9,construction_centers,3.2,1e-10,36,2.9108113209435828e-12,2.9173453487688705e-12,4451.235033190815,,,,,,
moment9,construction_centers,3.2,1e-12,44,6.762889164415403e-16,6.789541423643149e-16,11536.631568075538,,,,,,
moment9,construction_centers,3.2,1e-14,51,1.2667281338682687e-18,1.2736182466442846e-18,23370.934339697316,,,,,,
moment9,construction_centers,4.0,1e-10,44,8.655173116495973e-14,8.685101756077155e-14,1384.2769872376261,,,,,,
moment9,construction_centers,4.0,1e-12,52,5.405833440699074e-17,5.436012914127034e-17,2400.2515480089683,,,,,,
moment9,construction_centers,4.0,1e-14,61,3.404713187669329e-20,3.432093484196139e-20,4130.5029013324465,,,,,,
moment9,construction_centers,8.0,1e-10,78,7.149580499550413e-16,7.227580415561342e-16,117.80561546325971,,,,,,
moment9,construction_centers,8.0,1e-12,95,1.0359602741198373e-19,1.0557353455221803e-19,149.9848526789027,,,,,,
moment9,construction_centers,8.0,1e-14,111,1.4513968863311603e-23,1.4921410100781974e-23,182.46031648076115,,,,,,
moment9,construction_centers,16.0,1e-10,136,1.5252973035601656e-18,1.6333470694027814e-18,27.368617566281483,,,,,,
moment9,construction_centers,16.0,1e-12,138,1.8260576086095594e-21,2.0283333608025954e-21,31.289423856646035,,,,,,
moment9,construction_centers,16.0,1e-14,140,7.091038109240196e-25,7.902777600098076e-25,36.41026612478952,,,,,,
sine,learned,,1e-10,8,0.0013541496119040528,0.0013542138313674971,597360839.4414235,0,joint,100000,100000,seed0_fork100000,
sine,learned,,1e-12,9,0.0013534119423895606,0.0013534760966660059,614827764.8364261,0,joint,100000,100000,seed0_fork100000,
sine,learned,,1e-14,10,1.3855117282715327e-05,1.3856059196868432e-05,81577444960.50525,0,joint,100000,100000,seed0_fork100000,
sine,learned,,1e-10,10,3.062710357287546e-06,3.0629040446454143e-06,5272379.036131637,0,joint,100000,600000,seed0_fork100000,
sine,learned,,1e-12,11,6.934066971137889e-08,6.934950755934056e-08,222297730.2955145,0,joint,100000,600000,seed0_fork100000,
sine,learned,,1e-14,12,6.171561561720858e-08,6.172365226260638e-08,411285718.0445373,0,joint,100000,600000,seed0_fork100000,
sine,new_slopes_old_biases,,1e-10,10,2.0814545119331562e-05,2.081576786745734e-05,117900453.35897943,0,joint,100000,600000,seed0_fork100000,100000
sine,new_slopes_old_biases,,1e-12,11,4.310292889892985e-06,4.310659913655198e-06,402767909.2144927,0,joint,100000,600000,seed0_fork100000,100000
sine,new_slopes_old_biases,,1e-14,12,2.2946599938540681e-07,2.2950006287412622e-07,10819246561.391537,0,joint,100000,600000,seed0_fork100000,100000
sine,old_slopes_new_biases,,1e-10,8,0.0013537237078370351,0.0013537879225721115,592422706.4989151,0,joint,100000,600000,seed0_fork100000,100000
sine,old_slopes_new_biases,,1e-12,9,0.0013530149563534643,0.0013530790946164324,609666287.5241867,0,joint,100000,600000,seed0_fork100000,100000
sine,old_slopes_new_biases,,1e-14,10,1.3850968964333784e-05,1.385245099731277e-05,80670034324.71144,0,joint,100000,600000,seed0_fork100000,100000
sine,learned,,1e-10,8,0.0013541496119040528,0.0013542138313674971,597360839.4414235,0,freeze_readout,100000,100000,seed0_fork100000,
sine,learned,,1e-12,9,0.0013534119423895606,0.0013534760966660059,614827764.8364261,0,freeze_readout,100000,100000,seed0_fork100000,
sine,learned,,1e-14,10,1.3855117282715327e-05,1.3856059196868432e-05,81577444960.50525,0,freeze_readout,100000,100000,seed0_fork100000,
sine,learned,,1e-10,9,0.001095778632761755,0.0010958294638680872,6137468.007458116,0,freeze_readout,100000,600000,seed0_fork100000,
sine,learned,,1e-12,10,1.1406954431323409e-05,1.1407954811380037e-05,899906589.2879158,0,freeze_readout,100000,600000,seed0_fork100000,
sine,learned,,1e-14,12,6.406939891286717e-08,6.406096271555372e-08,77781577835.72974,0,freeze_readout,100000,600000,seed0_fork100000,
sine,learned,,1e-10,8,0.0013541496119040528,0.0013542138313674971,597360839.4414235,0,freeze_slopes,100000,100000,seed0_fork100000,
sine,learned,,1e-12,9,0.0013534119423895606,0.0013534760966660059,614827764.8364261,0,freeze_slopes,100000,100000,seed0_fork100000,
sine,learned,,1e-14,10,1.3855117282715327e-05,1.3856059196868432e-05,81577444960.50525,0,freeze_slopes,100000,100000,seed0_fork100000,
sine,learned,,1e-10,8,0.0013531533467319532,0.001353217495212278,580520720.29193,0,freeze_slopes,100000,600000,seed0_fork100000,
sine,learned,,1e-12,9,0.0013524375067817522,0.001352501594241173,598301245.3612293,0,freeze_slopes,100000,600000,seed0_fork100000,
sine,learned,,1e-14,10,1.3846731995074681e-05,1.3848314656809826e-05,78428113415.47604,0,freeze_slopes,100000,600000,seed0_fork100000,
sine,learned,,1e-10,8,0.0013541496119040528,0.0013542138313674971,597360839.4414235,0,freeze_biases,100000,100000,seed0_fork100000,
sine,learned,,1e-12,9,0.0013534119423895606,0.0013534760966660059,614827764.8364261,0,freeze_biases,100000,100000,seed0_fork100000,
sine,learned,,1e-14,10,1.3855117282715327e-05,1.3856059196868432e-05,81577444960.50525,0,freeze_biases,100000,100000,seed0_fork100000,
sine,learned,,1e-10,9,0.0004982023290690269,0.000498222405719181,2120566.255127132,0,freeze_biases,100000,600000,seed0_fork100000,
sine,learned,,1e-12,11,4.5981734273134426e-06,4.598568291801593e-06,371123543.26098263,0,freeze_biases,100000,600000,seed0_fork100000,
sine,learned,,1e-14,12,1.9404407827241565e-07,1.9406779883280528e-07,11206451059.39415,0,freeze_biases,100000,600000,seed0_fork100000,
sine,learned,,1e-10,8,0.0013541496119040528,0.0013542138313674971,597360839.4414235,0,slow_readout,100000,100000,seed0_fork100000,
sine,learned,,1e-12,9,0.0013534119423895606,0.0013534760966660059,614827764.8364261,0,slow_readout,100000,100000,seed0_fork100000,
sine,learned,,1e-14,10,1.3855117282715327e-05,1.3856059196868432e-05,81577444960.50525,0,slow_readout,100000,100000,seed0_fork100000,
sine,learned,,1e-10,9,0.0010700551180868466,0.0010701045406128601,4824557.675823506,0,slow_readout,100000,600000,seed0_fork100000,
sine,learned,,1e-12,10,1.1114194006004574e-05,1.1115159464193924e-05,744107483.3145047,0,slow_readout,100000,600000,seed0_fork100000,
sine,learned,,1e-14,12,6.276151900640348e-08,6.275966813982729e-08,60026047352.59691,0,slow_readout,100000,600000,seed0_fork100000,
sine,learned,,1e-10,8,0.0013541496119040528,0.0013542138313674971,597360839.4414235,0,fast_readout,100000,100000,seed0_fork100000,
sine,learned,,1e-12,9,0.0013534119423895606,0.0013534760966660059,614827764.8364261,0,fast_readout,100000,100000,seed0_fork100000,
sine,learned,,1e-14,10,1.3855117282715327e-05,1.3856059196868432e-05,81577444960.50525,0,fast_readout,100000,100000,seed0_fork100000,
sine,learned,,1e-10,10,2.7593919523852965e-06,2.7595937915088998e-06,964448.2174624042,0,fast_readout,100000,600000,seed0_fork100000,
sine,learned,,1e-12,11,2.7593021355921004e-06,2.7595040352072727e-06,973036.5380269653,0,fast_readout,100000,600000,seed0_fork100000,
sine,learned,,1e-14,13,5.343639745584595e-08,5.344410280119044e-08,1247251259.5166934,0,fast_readout,100000,600000,seed0_fork100000,
runge,learned,,1e-10,10,0.0032020856847628193,0.0032021255304281763,24363697.082817033,0,joint,100000,100000,seed0_fork100000,
runge,learned,,1e-12,12,0.0013990360296604362,0.001399066482706551,6513960024.501061,0,joint,100000,100000,seed0_fork100000,
runge,learned,,1e-14,13,0.0006140070262439677,0.0006140413485584609,760863100838.1152,0,joint,100000,100000,seed0_fork100000,
runge,learned,,1e-10,11,0.0019152251253074719,0.0019152374372706487,1143376.2424949904,0,joint,100000,600000,seed0_fork100000,
runge,learned,,1e-12,13,0.0014122278144877405,0.0014122474402406453,4173507115.439595,0,joint,100000,600000,seed0_fork100000,
runge,learned,,1e-14,13,0.0014122278144877405,0.0014122474402406453,4173507115.439595,0,joint,100000,600000,seed0_fork100000,
runge,new_slopes_old_biases,,1e-10,11,0.0005298895941501171,0.0005298978058747965,27613712.156237226,0,joint,100000,600000,seed0_fork100000,100000
runge,new_slopes_old_biases,,1e-12,12,0.0004691577174539958,0.00046916713609882247,1424269541.0274267,0,joint,100000,600000,seed0_fork100000,100000
runge,new_slopes_old_biases,,1e-14,14,0.00012634161189170015,0.00012634658378370343,71039437589.46289,0,joint,100000,600000,seed0_fork100000,100000
runge,old_slopes_new_biases,,1e-10,10,0.0032158873361013227,0.0032159271448850162,27271912.181744747,0,joint,100000,600000,seed0_fork100000,100000
runge,old_slopes_new_biases,,1e-12,11,0.0016214772168202558,0.0016215140354314268,6071394119.879615,0,joint,100000,600000,seed0_fork100000,100000
runge,old_slopes_new_biases,,1e-14,12,0.0014117643474344942,0.0014117954020651223,9951920043.517723,0,joint,100000,600000,seed0_fork100000,100000
runge,learned,,1e-10,10,0.0032020856847628193,0.0032021255304281763,24363697.082817033,0,freeze_readout,100000,100000,seed0_fork100000,
runge,learned,,1e-12,12,0.0013990360296604362,0.001399066482706551,6513960024.501061,0,freeze_readout,100000,100000,seed0_fork100000,
runge,learned,,1e-14,13,0.0006140070262439677,0.0006140413485584609,760863100838.1152,0,freeze_readout,100000,100000,seed0_fork100000,
runge,learned,,1e-10,12,0.0005704468491960503,0.0005704563405528511,2369758.82888315,0,freeze_readout,100000,600000,seed0_fork100000,
runge,learned,,1e-12,14,0.00023768310184919082,0.00023769017711478227,724116652.6510893,0,freeze_readout,100000,600000,seed0_fork100000,
runge,learned,,1e-14,15,0.00012445707613390112,0.0001244626721499664,22708561259.699463,0,freeze_readout,100000,600000,seed0_fork100000,
runge,learned,,1e-10,10,0.0032020856847628193,0.0032021255304281763,24363697.082817033,0,freeze_slopes,100000,100000,seed0_fork100000,
runge,learned,,1e-12,12,0.0013990360296604362,0.001399066482706551,6513960024.501061,0,freeze_slopes,100000,100000,seed0_fork100000,
runge,learned,,1e-14,13,0.0006140070262439677,0.0006140413485584609,760863100838.1152,0,freeze_slopes,100000,100000,seed0_fork100000,
runge,learned,,1e-10,10,0.003164598220541633,0.003164636849007552,38296280.36196275,0,freeze_slopes,100000,600000,seed0_fork100000,
runge,learned,,1e-12,11,0.0020782185173580385,0.002078265720867744,4411245664.622341,0,freeze_slopes,100000,600000,seed0_fork100000,
runge,learned,,1e-14,13,0.0006806676307744002,0.0006807159896301822,523623678055.56714,0,freeze_slopes,100000,600000,seed0_fork100000,
runge,learned,,1e-10,10,0.0032020856847628193,0.0032021255304281763,24363697.082817033,0,freeze_biases,100000,100000,seed0_fork100000,
runge,learned,,1e-12,12,0.0013990360296604362,0.001399066482706551,6513960024.501061,0,freeze_biases,100000,100000,seed0_fork100000,
runge,learned,,1e-14,13,0.0006140070262439677,0.0006140413485584609,760863100838.1152,0,freeze_biases,100000,100000,seed0_fork100000,
runge,learned,,1e-10,11,0.0004596397016488262,0.0004596459306469668,25001693.224153414,0,freeze_biases,100000,600000,seed0_fork100000,
runge,learned,,1e-12,12,0.00043484603661352755,0.0004348521745436173,448679519.2568662,0,freeze_biases,100000,600000,seed0_fork100000,
runge,learned,,1e-14,14,0.00021049564045233515,0.00021050032004635,41852103488.14289,0,freeze_biases,100000,600000,seed0_fork100000,
runge,learned,,1e-10,10,0.0032020856847628193,0.0032021255304281763,24363697.082817033,0,slow_readout,100000,100000,seed0_fork100000,
runge,learned,,1e-12,12,0.0013990360296604362,0.001399066482706551,6513960024.501061,0,slow_readout,100000,100000,seed0_fork100000,
runge,learned,,1e-14,13,0.0006140070262439677,0.0006140413485584609,760863100838.1152,0,slow_readout,100000,100000,seed0_fork100000,
runge,learned,,1e-10,11,0.002776487062289049,0.0027765211741330393,1381321.3533929565,0,slow_readout,100000,600000,seed0_fork100000,
runge,learned,,1e-12,13,0.0008479602939459486,0.0008480169351262638,938288405.6858875,0,slow_readout,100000,600000,seed0_fork100000,
runge,learned,,1e-14,15,0.00022186434481491425,0.0002219102847557934,473409431217.7593,0,slow_readout,100000,600000,seed0_fork100000,
runge,learned,,1e-10,10,0.0032020856847628193,0.0032021255304281763,24363697.082817033,0,fast_readout,100000,100000,seed0_fork100000,
runge,learned,,1e-12,12,0.0013990360296604362,0.001399066482706551,6513960024.501061,0,fast_readout,100000,100000,seed0_fork100000,
runge,learned,,1e-14,13,0.0006140070262439677,0.0006140413485584609,760863100838.1152,0,fast_readout,100000,100000,seed0_fork100000,
runge,learned,,1e-10,11,0.0010353851613480822,0.001035396553500866,76196675.47532332,0,fast_readout,100000,600000,seed0_fork100000,
runge,learned,,1e-12,12,0.000782094883876324,0.0007821063323449996,177825617.7899243,0,fast_readout,100000,600000,seed0_fork100000,
runge,learned,,1e-14,14,0.0003994476758325653,0.00039945856731433515,67501870754.379395,0,fast_readout,100000,600000,seed0_fork100000,
moment3,learned,,1e-10,8,1.2354698937717315e-14,1.2355443588531433e-14,6408.339256823566,0,joint,100000,100000,seed0_fork100000,
moment3,learned,,1e-12,10,5.662959062299212e-20,5.663979863499643e-20,13654.281840820746,0,joint,100000,100000,seed0_fork100000,
moment3,learned,,1e-14,11,5.620252346217896e-20,5.620584320627594e-20,13654.73533084606,0,joint,100000,100000,seed0_fork100000,
moment3,learned,,1e-10,10,1.3796919579494643e-14,1.379807004085001e-14,4599.619749660375,0,joint,100000,600000,seed0_fork100000,
moment3,learned,,1e-12,12,1.1097686897215136e-18,1.1098497251607396e-18,9817.98728275912,0,joint,100000,600000,seed0_fork100000,
moment3,learned,,1e-14,14,8.08153539295195e-23,8.084627927235133e-23,18669.368763484978,0,joint,100000,600000,seed0_fork100000,
moment3,new_slopes_old_biases,,1e-10,10,1.607971254416319e-14,1.608079218095886e-14,4594.0959575022525,0,joint,100000,600000,seed0_fork100000,100000
moment3,new_slopes_old_biases,,1e-12,12,2.305501944895698e-19,2.30578833249957e-19,9759.796521932356,0,joint,100000,600000,seed0_fork100000,100000
moment3,new_slopes_old_biases,,1e-14,14,5.271598352114922e-23,5.290699814472356e-23,18661.310703076575,0,joint,100000,600000,seed0_fork100000,100000
moment3,old_slopes_new_biases,,1e-10,8,5.415882444867853e-15,5.4162236959324356e-15,5274.789074753878,0,joint,100000,600000,seed0_fork100000,100000
moment3,old_slopes_new_biases,,1e-12,10,1.4812550597301873e-18,1.4813785299715615e-18,15422.070187697744,0,joint,100000,600000,seed0_fork100000,100000
moment3,old_slopes_new_biases,,1e-14,11,3.9825435149475897e-22,3.9823866638925196e-22,16730.699533764488,0,joint,100000,600000,seed0_fork100000,100000
moment3,learned,,1e-10,8,1.2354698937717315e-14,1.2355443588531433e-14,6408.339256823566,0,freeze_readout,100000,100000,seed0_fork100000,
moment3,learned,,1e-12,10,5.662959062299212e-20,5.663979863499643e-20,13654.281840820746,0,freeze_readout,100000,100000,seed0_fork100000,
moment3,learned,,1e-14,11,5.620252346217896e-20,5.620584320627594e-20,13654.73533084606,0,freeze_readout,100000,100000,seed0_fork100000,
moment3,learned,,1e-10,17,6.986077062052026e-13,6.986967662388638e-13,5393.682900612864,0,freeze_readout,100000,600000,seed0_fork100000,
moment3,learned,,1e-12,18,5.994725645709853e-17,5.995650098056952e-17,11090.991262124606,0,freeze_readout,100000,600000,seed0_fork100000,
moment3,learned,,1e-14,20,3.3932692578619425e-22,3.39177603011716e-22,24415.223430133232,0,freeze_readout,100000,600000,seed0_fork100000,
moment3,learned,,1e-10,8,1.2354698937717315e-14,1.2355443588531433e-14,6408.339256823566,0,freeze_slopes,100000,100000,seed0_fork100000,
moment3,learned,,1e-12,10,5.662959062299212e-20,5.663979863499643e-20,13654.281840820746,0,freeze_slopes,100000,100000,seed0_fork100000,
moment3,learned,,1e-14,11,5.620252346217896e-20,5.620584320627594e-20,13654.73533084606,0,freeze_slopes,100000,100000,seed0_fork100000,
moment3,learned,,1e-10,8,5.921548628945348e-14,5.921881646323535e-14,5084.12149462718,0,freeze_slopes,100000,600000,seed0_fork100000,
moment3,learned,,1e-12,10,7.581131278601417e-19,7.581935403893284e-19,9268.95670168607,0,freeze_slopes,100000,600000,seed0_fork100000,
moment3,learned,,1e-14,12,1.2407160749121334e-23,1.2470777444303405e-23,18253.687615248622,0,freeze_slopes,100000,600000,seed0_fork100000,
moment3,learned,,1e-10,8,1.2354698937717315e-14,1.2355443588531433e-14,6408.339256823566,0,freeze_biases,100000,100000,seed0_fork100000,
moment3,learned,,1e-12,10,5.662959062299212e-20,5.663979863499643e-20,13654.281840820746,0,freeze_biases,100000,100000,seed0_fork100000,
moment3,learned,,1e-14,11,5.620252346217896e-20,5.620584320627594e-20,13654.73533084606,0,freeze_biases,100000,100000,seed0_fork100000,
moment3,learned,,1e-10,11,1.5609345678718552e-13,1.5610728032070393e-13,2290.197228563845,0,freeze_biases,100000,600000,seed0_fork100000,
moment3,learned,,1e-12,13,2.848596485817744e-17,2.849017708352384e-17,3932.3989589442544,0,freeze_biases,100000,600000,seed0_fork100000,
moment3,learned,,1e-14,15,2.0053887468385336e-21,2.005788672361807e-21,6822.03498711617,0,freeze_biases,100000,600000,seed0_fork100000,
moment3,learned,,1e-10,8,1.2354698937717315e-14,1.2355443588531433e-14,6408.339256823566,0,slow_readout,100000,100000,seed0_fork100000,
moment3,learned,,1e-12,10,5.662959062299212e-20,5.663979863499643e-20,13654.281840820746,0,slow_readout,100000,100000,seed0_fork100000,
moment3,learned,,1e-14,11,5.620252346217896e-20,5.620584320627594e-20,13654.73533084606,0,slow_readout,100000,100000,seed0_fork100000,
moment3,learned,,1e-10,12,6.494707030773031e-17,6.495593261866692e-17,4567.698384619923,0,slow_readout,100000,600000,seed0_fork100000,
moment3,learned,,1e-12,13,3.388665231037732e-17,3.3891339485554104e-17,4986.893852891764,0,slow_readout,100000,600000,seed0_fork100000,
moment3,learned,,1e-14,15,1.2261046161036977e-21,1.2270211966212078e-21,8264.291777889008,0,slow_readout,100000,600000,seed0_fork100000,
moment3,learned,,1e-10,8,1.2354698937717315e-14,1.2355443588531433e-14,6408.339256823566,0,fast_readout,100000,100000,seed0_fork100000,
moment3,learned,,1e-12,10,5.662959062299212e-20,5.663979863499643e-20,13654.281840820746,0,fast_readout,100000,100000,seed0_fork100000,
moment3,learned,,1e-14,11,5.620252346217896e-20,5.620584320627594e-20,13654.73533084606,0,fast_readout,100000,100000,seed0_fork100000,
moment3,learned,,1e-10,10,3.062791552286839e-16,3.063059266051744e-16,10961.977559310359,0,fast_readout,100000,600000,seed0_fork100000,
moment3,learned,,1e-12,11,2.9864509706739394e-17,2.986737871322213e-17,11643.312726619988,0,fast_readout,100000,600000,seed0_fork100000,
moment3,learned,,1e-14,12,2.777663880973923e-21,2.7744098825079836e-21,23064.588591209496,0,fast_readout,100000,600000,seed0_fork100000,
moment5,learned,,1e-10,8,3.7487970225806453e-10,3.7490313933534083e-10,7790516.406952492,0,joint,100000,100000,seed0_fork100000,
moment5,learned,,1e-12,9,3.5002742546757055e-10,3.500495276392086e-10,7805258.211490393,0,joint,100000,100000,seed0_fork100000,
moment5,learned,,1e-14,10,1.9581915197811953e-15,1.9574635910900648e-15,28256480.862515148,0,joint,100000,100000,seed0_fork100000,
moment5,learned,,1e-10,8,4.51682158775102e-10,4.517093432287168e-10,7261764.412978521,0,joint,100000,600000,seed0_fork100000,
moment5,learned,,1e-12,9,3.7881195156108065e-10,3.788358959606066e-10,7298003.412100191,0,joint,100000,600000,seed0_fork100000,
moment5,learned,,1e-14,10,2.2201300394439375e-15,2.2178964841399797e-15,27246077.762191474,0,joint,100000,600000,seed0_fork100000,
moment5,new_slopes_old_biases,,1e-10,8,4.5509987561723335e-10,4.5512752200414145e-10,7261711.35727626,0,joint,100000,600000,seed0_fork100000,100000
moment5,new_slopes_old_biases,,1e-12,9,3.7882350702553406e-10,3.788477593735048e-10,7299460.424545756,0,joint,100000,600000,seed0_fork100000,100000
moment5,new_slopes_old_biases,,1e-14,10,2.20058020749666e-15,2.200513080579751e-15,27240521.232896425,0,joint,100000,600000,seed0_fork100000,100000
moment5,old_slopes_new_biases,,1e-10,8,3.73232917878475e-10,3.7325585622772597e-10,7791180.554301635,0,joint,100000,600000,seed0_fork100000,100000
moment5,old_slopes_new_biases,,1e-12,9,3.4993659343682087e-10,3.499586283052645e-10,7805057.539962865,0,joint,100000,600000,seed0_fork100000,100000
moment5,old_slopes_new_biases,,1e-14,10,1.959113066910739e-15,1.9589129783628245e-15,28261441.10229925,0,joint,100000,600000,seed0_fork100000,100000
moment5,learned,,1e-10,8,3.7487970225806453e-10,3.7490313933534083e-10,7790516.406952492,0,freeze_readout,100000,100000,seed0_fork100000,
moment5,learned,,1e-12,9,3.5002742546757055e-10,3.500495276392086e-10,7805258.211490393,0,freeze_readout,100000,100000,seed0_fork100000,
moment5,learned,,1e-14,10,1.9581915197811953e-15,1.9574635910900648e-15,28256480.862515148,0,freeze_readout,100000,100000,seed0_fork100000,
moment5,learned,,1e-10,8,4.4590436114332415e-10,4.459308088411986e-10,7299161.874786064,0,freeze_readout,100000,600000,seed0_fork100000,
moment5,learned,,1e-12,9,3.762335715614178e-10,3.762570823826869e-10,7334411.810808919,0,freeze_readout,100000,600000,seed0_fork100000,
moment5,learned,,1e-14,10,2.1930850921654678e-15,2.1937968477253697e-15,27371143.43515755,0,freeze_readout,100000,600000,seed0_fork100000,
moment5,learned,,1e-10,8,3.7487970225806453e-10,3.7490313933534083e-10,7790516.406952492,0,freeze_slopes,100000,100000,seed0_fork100000,
moment5,learned,,1e-12,9,3.5002742546757055e-10,3.500495276392086e-10,7805258.211490393,0,freeze_slopes,100000,100000,seed0_fork100000,
moment5,learned,,1e-14,10,1.9581915197811953e-15,1.9574635910900648e-15,28256480.862515148,0,freeze_slopes,100000,100000,seed0_fork100000,
moment5,learned,,1e-10,8,3.731765091273645e-10,3.7319953517653297e-10,7791447.243670887,0,freeze_slopes,100000,600000,seed0_fork100000,
moment5,learned,,1e-12,9,3.4992570620056606e-10,3.499476839126856e-10,7805298.2113626,0,freeze_slopes,100000,600000,seed0_fork100000,
moment5,learned,,1e-14,10,1.947818587680758e-15,1.95023160950361e-15,28262392.07800361,0,freeze_slopes,100000,600000,seed0_fork100000,
moment5,learned,,1e-10,8,3.7487970225806453e-10,3.7490313933534083e-10,7790516.406952492,0,freeze_biases,100000,100000,seed0_fork100000,
moment5,learned,,1e-12,9,3.5002742546757055e-10,3.500495276392086e-10,7805258.211490393,0,freeze_biases,100000,100000,seed0_fork100000,
moment5,learned,,1e-14,10,1.9581915197811953e-15,1.9574635910900648e-15,28256480.862515148,0,freeze_biases,100000,100000,seed0_fork100000,
moment5,learned,,1e-10,8,4.545484079897746e-10,4.5457537664373104e-10,7263065.010292568,0,freeze_biases,100000,600000,seed0_fork100000,
moment5,learned,,1e-12,9,3.787310940114159e-10,3.787549890640509e-10,7300652.296445201,0,freeze_biases,100000,600000,seed0_fork100000,
moment5,learned,,1e-14,10,2.2321974275242748e-15,2.2319752067593784e-15,27242121.10560369,0,freeze_biases,100000,600000,seed0_fork100000,
moment5,learned,,1e-10,8,3.7487970225806453e-10,3.7490313933534083e-10,7790516.406952492,0,slow_readout,100000,100000,seed0_fork100000,
moment5,learned,,1e-12,9,3.5002742546757055e-10,3.500495276392086e-10,7805258.211490393,0,slow_readout,100000,100000,seed0_fork100000,
moment5,learned,,1e-14,10,1.9581915197811953e-15,1.9574635910900648e-15,28256480.862515148,0,slow_readout,100000,100000,seed0_fork100000,
moment5,learned,,1e-10,8,4.468505394907758e-10,4.4687752134726394e-10,7292833.857361986,0,slow_readout,100000,600000,seed0_fork100000,
moment5,learned,,1e-12,9,3.766665973115304e-10,3.7669066275489165e-10,7328243.308765343,0,slow_readout,100000,600000,seed0_fork100000,
moment5,learned,,1e-14,10,2.2389245706035903e-15,2.2362024774169735e-15,27349345.087168176,0,slow_readout,100000,600000,seed0_fork100000,
moment5,learned,,1e-10,8,3.7487970225806453e-10,3.7490313933534083e-10,7790516.406952492,0,fast_readout,100000,100000,seed0_fork100000,
moment5,learned,,1e-12,9,3.5002742546757055e-10,3.500495276392086e-10,7805258.211490393,0,fast_readout,100000,100000,seed0_fork100000,
moment5,learned,,1e-14,10,1.9581915197811953e-15,1.9574635910900648e-15,28256480.862515148,0,fast_readout,100000,100000,seed0_fork100000,
moment5,learned,,1e-10,8,4.5941076219595157e-10,4.594385730201054e-10,7215314.216060561,0,fast_readout,100000,600000,seed0_fork100000,
moment5,learned,,1e-12,9,3.821112379421135e-10,3.82135405319628e-10,7252892.028285909,0,fast_readout,100000,600000,seed0_fork100000,
moment5,learned,,1e-14,10,2.2581718924410415e-15,2.258514926912633e-15,27096930.620973278,0,fast_readout,100000,600000,seed0_fork100000,
moment9,learned,,1e-10,8,0.7499522913597816,0.7500006186307173,11103893.536161508,0,joint,100000,100000,seed0_fork100000,
moment9,learned,,1e-12,9,0.7499173774387717,0.7499657028065827,590591827.9670781,0,joint,100000,100000,seed0_fork100000,
moment9,learned,,1e-14,10,6.856131894483075e-05,6.857154432837914e-05,1277991036581.5928,0,joint,100000,100000,seed0_fork100000,
moment9,learned,,1e-10,8,0.7499529367273716,0.7500012603295312,11310150.612209732,0,joint,100000,600000,seed0_fork100000,
moment9,learned,,1e-12,9,0.7499174783726273,0.7499658008844152,640638726.610866,0,joint,100000,600000,seed0_fork100000,
moment9,learned,,1e-14,10,6.746073586341267e-05,6.746166401112175e-05,1309766838519.7458,0,joint,100000,600000,seed0_fork100000,
moment9,new_slopes_old_biases,,1e-10,8,0.7499529381857708,0.750001261778205,11314339.10898993,0,joint,100000,600000,seed0_fork100000,100000
moment9,new_slopes_old_biases,,1e-12,9,0.7499170116805356,0.7499653325949612,643837199.4065942,0,joint,100000,600000,seed0_fork100000,100000
moment9,new_slopes_old_biases,,1e-14,10,6.735074925805679e-05,6.736916438935576e-05,1309386394428.0083,0,joint,100000,600000,seed0_fork100000,100000
moment9,old_slopes_new_biases,,1e-10,8,0.7499522889998945,0.7500006162881032,11098738.589312734,0,joint,100000,600000,seed0_fork100000,100000
moment9,old_slopes_new_biases,,1e-12,9,0.7499182078654327,0.7499665343518848,584725035.2986557,0,joint,100000,600000,seed0_fork100000,100000
moment9,old_slopes_new_biases,,1e-14,10,6.871230873327617e-05,6.874369827836872e-05,1278277742459.2446,0,joint,100000,600000,seed0_fork100000,100000
moment9,learned,,1e-10,8,0.7499522913597816,0.7500006186307173,11103893.536161508,0,freeze_readout,100000,100000,seed0_fork100000,
moment9,learned,,1e-12,9,0.7499173774387717,0.7499657028065827,590591827.9670781,0,freeze_readout,100000,100000,seed0_fork100000,
moment9,learned,,1e-14,10,6.856131894483075e-05,6.857154432837914e-05,1277991036581.5928,0,freeze_readout,100000,100000,seed0_fork100000,
moment9,learned,,1e-10,8,0.7499529044399975,0.7500012282308133,11296089.959922755,0,freeze_readout,100000,600000,seed0_fork100000,
moment9,learned,,1e-12,9,0.7499177922029693,0.7499661138484865,635964655.5505311,0,freeze_readout,100000,600000,seed0_fork100000,
moment9,learned,,1e-14,10,6.754424881911721e-05,6.75653792326785e-05,1308088478903.161,0,freeze_readout,100000,600000,seed0_fork100000,
moment9,learned,,1e-10,8,0.7499522913597816,0.7500006186307173,11103893.536161508,0,freeze_slopes,100000,100000,seed0_fork100000,
moment9,learned,,1e-12,9,0.7499173774387717,0.7499657028065827,590591827.9670781,0,freeze_slopes,100000,100000,seed0_fork100000,
moment9,learned,,1e-14,10,6.856131894483075e-05,6.857154432837914e-05,1277991036581.5928,0,freeze_slopes,100000,100000,seed0_fork100000,
moment9,learned,,1e-10,8,0.7499522889309614,0.7500006162141458,11098453.470048297,0,freeze_slopes,100000,600000,seed0_fork100000,
moment9,learned,,1e-12,9,0.7499182594341915,0.7499665850444314,584294708.9852929,0,freeze_slopes,100000,600000,seed0_fork100000,
moment9,learned,,1e-14,10,6.850827388653655e-05,6.851211811189937e-05,1278304208938.3772,0,freeze_slopes,100000,600000,seed0_fork100000,
moment9,learned,,1e-10,8,0.7499522913597816,0.7500006186307173,11103893.536161508,0,freeze_biases,100000,100000,seed0_fork100000,
moment9,learned,,1e-12,9,0.7499173774387717,0.7499657028065827,590591827.9670781,0,freeze_biases,100000,100000,seed0_fork100000,
moment9,learned,,1e-14,10,6.856131894483075e-05,6.857154432837914e-05,1277991036581.5928,0,freeze_biases,100000,100000,seed0_fork100000,
moment9,learned,,1e-10,8,0.7499529431745237,0.7500012667182868,11315786.957364932,0,freeze_biases,100000,600000,seed0_fork100000,
moment9,learned,,1e-12,9,0.7499170495660374,0.7499653703110081,644224812.8412639,0,freeze_biases,100000,600000,seed0_fork100000,
moment9,learned,,1e-14,10,6.751970034185568e-05,6.752374232908237e-05,1309601719978.832,0,freeze_biases,100000,600000,seed0_fork100000,
moment9,learned,,1e-10,8,0.7499522913597816,0.7500006186307173,11103893.536161508,0,slow_readout,100000,100000,seed0_fork100000,
moment9,learned,,1e-12,9,0.7499173774387717,0.7499657028065827,590591827.9670781,0,slow_readout,100000,100000,seed0_fork100000,
moment9,learned,,1e-14,10,6.856131894483075e-05,6.857154432837914e-05,1277991036581.5928,0,slow_readout,100000,100000,seed0_fork100000,
moment9,learned,,1e-10,8,0.7499529104376461,0.7500012341842835,11298589.609676227,0,slow_readout,100000,600000,seed0_fork100000,
moment9,learned,,1e-12,9,0.7499177380687541,0.7499660598733995,636845525.6205368,0,slow_readout,100000,600000,seed0_fork100000,
moment9,learned,,1e-14,10,6.752813247498624e-05,6.752729219919085e-05,1308372236713.6025,0,slow_readout,100000,600000,seed0_fork100000,
moment9,learned,,1e-10,8,0.7499522913597816,0.7500006186307173,11103893.536161508,0,fast_readout,100000,100000,seed0_fork100000,
moment9,learned,,1e-12,9,0.7499173774387717,0.7499657028065827,590591827.9670781,0,fast_readout,100000,100000,seed0_fork100000,
moment9,learned,,1e-14,10,6.856131894483075e-05,6.857154432837914e-05,1277991036581.5928,0,fast_readout,100000,100000,seed0_fork100000,
moment9,learned,,1e-10,8,0.749952928118603,0.750001251761814,11315483.671635939,0,fast_readout,100000,600000,seed0_fork100000,
moment9,learned,,1e-12,9,0.7499165522183836,0.749964874685005,647539900.1215897,0,fast_readout,100000,600000,seed0_fork100000,
moment9,learned,,1e-14,10,6.737678330792036e-05,6.739705427159994e-05,1309129651883.0408,0,fast_readout,100000,600000,seed0_fork100000,
