target,seed,start,eta,width,target_scale,cohort,nref,source_index,amplitude,pulse_status,reference_baseline_index,pulse_objective,parent_source_index,arm,kappa,nu,h,C,C_generated,C_target,D,coarse_disequilibrium_norm,coarse_min_eigenvalue,curvature_split_error,effective_fine_forcing_norm,gradient_norm,identity_error,k,k_jvp,k_pure,loaded,q,q_squared,tracking_fine_forcing_norm,tracking_norm,k_actual_arm,k_pure_arm
sine,0,600000,0.002,177,1.0,development,128,0,0.0,resolved,0,baseline,0,natural,1.0,1.0,0.015625,-3.722685758120835e-05,4.742863927860922e-06,4.1969721509069264e-05,8.978443703816772e-06,0.00010603119362101024,2.1155029840032187,-6.776263578034403e-21,0.0029964051301212213,0.03123435042998653,6.776263578034403e-21,0.029005022415264804,0.029005022415264804,0.028956075387874942,-4.775080425283879e-08,0.031233969687018047,0.0009755608624095623,6.895841004588108e-06,0.00015422183255711018,0.02900502241526479,0.028956075387874924
sine,0,600000,0.002,177,1.0,development,128,1,0.01,resolved,0,increase_intrinsic_k,0,natural,1.0,1.0,0.015625,-3.722847931957079e-05,4.7438692255708766e-06,4.197234854514168e-05,8.97828679457242e-06,0.00013107135069619132,2.115465625306057,1.3552527156068805e-20,0.0029963789470913754,0.03123477711691188,-2.0328790734103208e-20,0.029017910548038626,0.02901791054803864,0.028957481307543373,-5.8953251493101126e-08,0.031234194731378367,0.0009755749205176643,8.525921690205315e-06,0.00019073810709124503,0.029017910548038633,0.028957481307543394
sine,0,600000,0.002,177,1.0,development,128,2,-0.01,resolved,0,decrease_intrinsic_k,0,natural,1.0,1.0,0.015625,-3.7227220825684135e-05,4.741743641383853e-06,4.196896446706801e-05,8.978861350166151e-06,0.00013107261801280308,2.115405825283389,2.710505431213761e-20,0.0029964748205459947,0.031234776355947857,-6.776263578034403e-21,0.02901606749267088,0.029016067492670904,0.0289556030753395,-5.8987567684585246e-08,0.03123419434811676,0.000975574896575929,8.521576302278511e-06,0.00019067624432990185,0.029016067492670883,0.028955603075339485
sine,0,600000,0.002,177,1.0,development,128,3,0.005,resolved,0,increase_intrinsic_k,0,natural,1.0,1.0,0.015625,-3.722742087521621e-05,4.743381469455549e-06,4.197080234467177e-05,8.978332448175305e-06,0.00011228492958950213,2.115501117020523,6.776263578034403e-21,0.0029963865652107213,0.03123445291279185,1.3552527156068805e-20,0.029008481586686632,0.029008481586686636,0.028956662544406948,-5.055281164804358e-08,0.0312340259337447,0.0009755643760298366,7.301039920624769e-06,0.00016331788504345634,0.02900848158668663,0.02895666254440693
sine,0,600000,0.002,177,1.0,development,128,4,-0.005,resolved,0,decrease_intrinsic_k,0,natural,1.0,1.0,0.015625,-3.722679083242698e-05,4.74231760119017e-06,4.196910843361715e-05,8.978620123794913e-06,0.00011228740560622816,2.1154712114664225,0.0,0.0029964345685822864,0.031234452870784895,0.0,0.029007547713290623,0.029007547713290623,0.028955721928145096,-5.055938959258706e-08,0.03123402588581685,0.0009755643730358771,7.301670081820217e-06,0.00016331901728466481,0.02900754771329063,0.028955721928145082
sine,0,600000,0.002,177,1.0,development,128,5,0.0025,resolved,0,increase_intrinsic_k,0,natural,1.0,1.0,0.015625,-3.722707721918802e-05,4.743126362877931e-06,4.197020358206595e-05,8.978379904967358e-06,0.00010759434088674727,2.1155062554807755,0.0,0.002996394484203867,0.03123437579105436,-2.0328790734103208e-20,0.029006004750338817,0.029006004750338803,0.02895633985706054,-4.845116973645975e-08,0.031233983746302478,0.0009755617406642874,6.996901867310185e-06,0.000156494065429877,0.029006004750338838,0.02895633985706055
sine,0,600000,0.002,177,1.0,development,128,6,-0.0025,resolved,0,decrease_intrinsic_k,0,natural,1.0,1.0,0.015625,-3.722676209826101e-05,4.7425942942040595e-06,4.196935639246507e-05,8.978523792500582e-06,0.00010759473860996174,2.1154913020102573,0.0,0.0029964184942194876,0.031234375785891753,2.710505431213761e-20,0.02900553627048815,0.029005536270488123,0.028955869361341573,-4.845313632185978e-08,0.031233983740310892,0.0009755617402900052,6.9973218026953344e-06,0.00015649423086522963,0.029005536270488137,0.02895586936134156
moment9,0,600000,0.002,177,1.0,development,128,7,0.0,resolved,7,baseline,4,natural,1.0,1.0,0.015625,3.393849067920503e-16,3.394157295343478e-16,3.0822742438359574e-20,5.9899893952155754e-15,4.8389359865223346e-11,1.3300889299282517,1.4084451470603349e-28,7.73950217728219e-08,6.84373528993943e-06,-1.2720382096688815e-28,-0.00013513606914462156,-0.00013513606914461853,-0.00013513703109946325,-4.5054802559567724e-20,6.843735289255861e-06,4.683671270940601e-11,5.589505599696411e-13,9.712004210744318e-11,-0.00013513606914461888,-0.00013513703109946054
moment9,0,600000,0.002,177,1.0,development,128,8,0.01,resolved,7,increase_intrinsic_k,4,natural,1.0,1.0,0.015625,3.390263689512845e-16,3.39057274804656e-16,3.090585304368548e-20,5.853092313513823e-15,7.69028678789319e-05,1.3224069771139684,-3.2780653535866843e-28,7.65055051190032e-08,0.0001741462602825182,1.199561614001701e-28,0.0015965200350210348,0.0015965200350210294,-0.00013259497386147308,-8.074880245323688e-14,6.83370307682124e-06,4.6699497742156086e-11,1.0304381333741582e-06,0.0001740121273723315,0.001596520035021032,-0.00013259497386147563
moment9,0,600000,0.002,177,1.0,development,128,9,-0.01,resolved,7,decrease_intrinsic_k,4,natural,1.0,1.0,0.015625,3.3724855825935565e-16,3.372791507942686e-16,3.059253475665346e-20,6.088186558816302e-15,7.687441031578749e-05,1.3379799238374828,-1.5627356078769497e-28,7.802683230028182e-08,0.00017580209063799396,4.323943836742671e-29,0.0016948482966135704,0.0016948482966135593,-0.00013759762778027998,-8.557024261743747e-14,6.833540897749397e-06,4.669728120121363e-11,1.0718651984628063e-06,0.00017566922835684175,0.0016948482966135697,-0.0001375976277802809
moment9,0,600000,0.002,177,1.0,development,128,10,0.005,resolved,7,increase_intrinsic_k,4,natural,1.0,1.0,0.015625,3.395146336537542e-16,3.395455166335533e-16,3.0882979613937104e-20,5.926153149531568e-15,1.9224106067945054e-05,1.326221830374252,-1.8513102701744385e-28,7.698151173841398e-08,4.413887446624433e-05,4.8169819025058033e-29,0.00030428302341007284,0.0003042830234100656,-0.00013387536501776714,-2.050679673545891e-14,6.8412167135412e-06,4.680224612163545e-11,2.601380166740404e-07,4.360548122685116e-05,0.0003042830234100719,-0.0001338753650177682
moment9,0,600000,0.002,177,1.0,development,128,11,-0.005,resolved,7,decrease_intrinsic_k,4,natural,1.0,1.0,0.015625,3.386307750566205e-16,3.3866150075508217e-16,3.0725698432050215e-20,6.044145267861174e-15,1.9220548675501845e-05,1.3340082900349668,-2.962565348072311e-29,7.77441011772673e-08,4.434352805797945e-05,5.403697200763931e-29,0.00031468111310302237,0.00031468111310301993,-0.0001363783666476393,-2.111047163896594e-14,6.841196435463683e-06,4.680196866860101e-11,2.653165928710693e-07,4.3812629594218895e-05,0.00031468111310302123,-0.00013637836664764043
moment9,0,600000,0.002,177,1.0,development,128,12,0.0025,resolved,7,increase_intrinsic_k,4,natural,1.0,1.0,0.015625,3.395274828040019e-16,3.3955834030385817e-16,3.085749992612146e-20,5.9592533066815084e-15,4.805843201715792e-06,1.3281488484472241,6.98756513514098e-29,7.719620007928829e-08,1.288216926865744e-05,2.4553295675003992e-29,-2.419840593423082e-05,-2.419840593423165e-05,-0.00013450863598655366,-5.165615968381071e-15,6.843104353715516e-06,4.682807719584025e-11,6.535476042645618e-08,1.0914312065840902e-05,-2.4198405934231312e-05,-0.0001345086359865542
moment9,0,600000,0.002,177,1.0,development,128,13,-0.0025,resolved,7,decrease_intrinsic_k,4,natural,1.0,1.0,0.015625,3.39086186828739e-16,3.391169656100637e-16,3.077878131911051e-20,6.018305053452049e-15,4.805398518665251e-06,1.3320420765648968,-5.5998459433624794e-30,7.757773555248985e-08,1.290411376608244e-05,-1.3805065841367707e-29,-2.383794714905213e-05,-2.383794714905278e-05,-0.00013576034573677362,-5.241106838018761e-15,6.8431018187838335e-06,4.6828042502242615e-11,6.600209189658932e-08,1.0940206103439376e-05,-2.383794714905186e-05,-0.00013576034573677332
