target,seed,start,eta,width,target_scale,cohort,nref,parent_source_index,source_index,arm,kappa,nu,h,horizon,failed,actual_mean,predicted_mean,actual_norm,error_norm,skill,sign_match,q_ratio_to_natural,positive_ratio_to_natural
sine,20,600000,0.002,177,1.0,confirmation,128,0,0,projected_constant,0.0,0.0,0.015625,1,False,0.0,0.0,0.0,0.0,,True,1.0000059664676475,1.0
sine,20,600000,0.002,177,1.0,confirmation,128,0,0,no_geometry,0.0,1.0,0.015625,1,False,0.0,0.0,0.0,0.0,,True,1.0000036564589692,1.0
sine,20,600000,0.002,177,1.0,confirmation,128,0,0,double_geometry,2.0,1.0,0.015625,1,False,0.0,0.0,0.0,0.0,,True,0.9999963436064203,1.0
sine,20,600000,0.002,177,1.0,confirmation,128,0,0,no_relaxation,1.0,0.0,0.015625,1,False,0.0,0.0,0.0,0.0,,True,1.0000023100341424,1.0
sine,20,600000,0.002,177,1.0,confirmation,128,0,0,double_relaxation,1.0,2.0,0.015625,1,False,0.0,0.0,0.0,0.0,,True,0.9999976899900441,1.0
moment9,20,600000,0.002,177,1.0,confirmation,128,4,4,projected_constant,0.0,0.0,0.015625,1,False,0.0,0.0,0.0,0.0,,True,1.0000004586872042,1.0
moment9,20,600000,0.002,177,1.0,confirmation,128,4,4,no_geometry,0.0,1.0,0.015625,1,False,0.0,0.0,0.0,0.0,,True,1.000000043669217,1.0
moment9,20,600000,0.002,177,1.0,confirmation,128,4,4,double_geometry,2.0,1.0,0.015625,1,False,0.0,0.0,0.0,0.0,,True,0.9999999563307858,1.0
moment9,20,600000,0.002,177,1.0,confirmation,128,4,4,no_relaxation,1.0,0.0,0.015625,1,False,0.0,0.0,0.0,0.0,,True,1.0000004150179866,1.0
moment9,20,600000,0.002,177,1.0,confirmation,128,4,4,double_relaxation,1.0,2.0,0.015625,1,False,0.0,0.0,0.0,0.0,,True,0.9999995849820109,1.0
sine,20,600000,0.002,177,1.0,confirmation,128,0,0,projected_constant,0.0,0.0,0.015625,2,False,8.524974104283723e-17,5.920925554085721e-15,1.66460595910948e-12,1.0379537871015778e-12,0.37645676358334346,True,1.0000119328533137,1.0000003052996451
sine,20,600000,0.002,177,1.0,confirmation,128,0,0,no_geometry,0.0,1.0,0.015625,2,False,-1.8213580297494614e-14,3.628522773452992e-15,1.2482928006426373e-12,1.017399364507216e-12,0.18496736984828743,False,1.0000073128855183,0.99999766062527
sine,20,600000,0.002,177,1.0,confirmation,128,0,0,double_geometry,2.0,1.0,0.015625,2,False,1.821355379541291e-14,-3.628527405813969e-15,1.2482927278662314e-12,1.017399099884878e-12,0.18496753431867796,False,0.9999926875335433,1.0000023393741484
sine,20,600000,0.002,177,1.0,confirmation,128,0,0,no_relaxation,1.0,0.0,0.015625,2,False,1.829881425596875e-14,2.292346838174235e-15,6.595981527904852e-13,3.3148135117100637e-13,0.49744954595666047,True,1.000004620103669,1.00000264467695
sine,20,600000,0.002,177,1.0,confirmation,128,0,0,double_relaxation,1.0,2.0,0.015625,2,False,-1.8298834096638803e-14,-2.2923592804661156e-15,6.595982641182657e-13,3.3148168680453183e-13,0.49744912193235047,True,0.9999953800520908,0.9999973553231328
moment9,20,600000,0.002,177,1.0,confirmation,128,4,4,projected_constant,0.0,0.0,0.015625,2,False,-3.191457438360381e-18,-3.144521284989363e-18,2.7187828963710885e-16,2.780536858372235e-17,0.8977286173867147,True,1.0000009173746849,1.0000002167330226
moment9,20,600000,0.002,177,1.0,confirmation,128,4,4,no_geometry,0.0,1.0,0.015625,2,False,-1.140202056941831e-18,-2.882304769103193e-19,4.461861758409979e-17,3.555139772858889e-17,0.20321606420056537,True,1.0000000873386174,0.9999999924620774
moment9,20,600000,0.002,177,1.0,confirmation,128,4,4,double_geometry,2.0,1.0,0.015625,2,False,1.1580519602935743e-18,3.096886449074282e-19,4.4607502868942423e-17,3.5526814553230785e-17,0.20356863154592741,True,0.9999999126615111,1.0000000077168334
moment9,20,600000,0.002,177,1.0,confirmation,128,4,4,no_relaxation,1.0,0.0,0.015625,2,False,-2.045675492059801e-18,-2.8452458812865976e-18,2.458022000501285e-16,3.518260019263197e-17,0.8568662111833951,True,1.000000830036198,1.000000224350461
moment9,20,600000,0.002,177,1.0,confirmation,128,4,4,double_relaxation,1.0,2.0,0.015625,2,False,2.0555431866204697e-18,2.8542808993906434e-18,2.457833600207707e-16,3.517173851661582e-17,0.8568994316228588,True,0.9999991699640833,0.9999997756533251
sine,20,600000,0.002,177,1.0,confirmation,128,0,0,projected_constant,0.0,0.0,0.015625,10,False,3.7819350838211895e-15,2.664368262774282e-13,7.490579536730359e-11,4.6708675816150395e-11,0.37643441889759643,True,1.000059660986879,1.0000027457966767
sine,20,600000,0.002,177,1.0,confirmation,128,0,0,no_geometry,0.0,1.0,0.015625,10,False,-8.196081591468994e-13,1.6328018046089205e-13,5.6175816560140753e-11,4.57850066940684e-11,0.18496944953079864,False,1.000036563127934,0.999978945147862
sine,20,600000,0.002,177,1.0,confirmation,128,0,0,double_geometry,2.0,1.0,0.015625,10,False,8.196052796272895e-13,-1.6327635480069455e-13,5.6175253764873194e-11,4.578641292011196e-11,0.18493625125833357,False,0.9999634504948436,1.0000210560345981
sine,20,600000,0.002,177,1.0,confirmation,128,0,0,no_relaxation,1.0,0.0,0.015625,10,False,8.237678554106151e-13,1.0315426616121704e-13,2.9683915113115074e-11,1.4921585543484526e-11,0.4973174701981341,True,1.0000231019336334,1.000023809214117
sine,20,600000,0.002,177,1.0,confirmation,128,0,0,double_relaxation,1.0,2.0,0.015625,10,False,-8.231078502094127e-13,-1.031527233840208e-13,2.967280801835317e-11,1.490831954993454e-11,0.4975763823661895,True,0.9999769031368204,0.9999762055314901
moment9,20,600000,0.002,177,1.0,confirmation,128,4,4,projected_constant,0.0,0.0,0.015625,10,False,-1.4398352243911316e-16,-1.4183830861200876e-16,1.223458656794722e-14,1.2524021581511688e-15,0.8976342885641698,True,1.0000045868796068,1.000001949899172
moment9,20,600000,0.002,177,1.0,confirmation,128,4,4,no_geometry,0.0,1.0,0.015625,10,False,-5.1766480782905967e-17,-1.3505284730897651e-17,2.00939822244701e-15,1.5921786809164645e-15,0.20763407515234233,True,1.0000004366924795,0.999999930924375
moment9,20,600000,0.002,177,1.0,confirmation,128,4,4,double_geometry,2.0,1.0,0.015625,10,False,5.181821200414788e-17,1.3500403524082965e-17,2.0102873836731263e-15,1.5926773612339076e-15,0.2077364787895034,True,0.9999995633086813,1.0000000691136792
moment9,20,600000,0.002,177,1.0,confirmation,128,4,4,no_relaxation,1.0,0.0,0.015625,10,False,-9.216665994508462e-17,-1.283441262338661e-16,1.1056435177179135e-14,1.5921675002816204e-15,0.8559963066967634,True,1.0000041501858408,1.0000020188401875
moment9,20,600000,0.002,177,1.0,confirmation,128,4,4,double_relaxation,1.0,2.0,0.015625,10,False,9.21717517137619e-17,1.283404605432582e-16,1.1056354610781838e-14,1.5909266513099402e-15,0.8561074868421357,True,0.9999958498301769,0.9999979812506881
sine,20,600000,0.002,177,1.0,confirmation,128,0,0,projected_constant,0.0,0.0,0.015625,100,False,3.6202277155791623e-13,2.930279934342124e-11,8.238050313292214e-09,5.1387789134772764e-09,0.37621418684639707,True,1.0005962402504887,1.0000300033821699
sine,20,600000,0.002,177,1.0,confirmation,128,0,0,no_geometry,0.0,1.0,0.015625,100,False,-9.008449786568934e-11,1.795635583101104e-11,6.1823715231823336e-09,5.0384613285389256e-09,0.18502773415574159,False,1.0003654815229566,0.9997684938355141
sine,20,600000,0.002,177,1.0,confirmation,128,0,0,double_geometry,2.0,1.0,0.015625,100,False,9.008049744743437e-11,-1.795200129446706e-11,6.181639698650974e-09,5.040364401561e-09,0.18462339326231447,False,0.9996359469757411,1.0002316649646328
sine,20,600000,0.002,177,1.0,confirmation,128,0,0,no_relaxation,1.0,0.0,0.015625,100,False,9.095461821347869e-11,1.1343691869440895e-11,3.2672688166752837e-09,1.6466881829528218e-09,0.4960046830096878,True,1.0002311784712001,1.0002626607643597
sine,20,600000,0.002,177,1.0,confirmation,128,0,0,double_relaxation,1.0,2.0,0.015625,100,False,-9.006966584009923e-11,-1.134195386764114e-11,3.2524010622662187e-09,1.628886148830401e-09,0.4991742661357329,True,0.9997693504643502,0.9997393166845623
moment9,20,600000,0.002,177,1.0,confirmation,128,4,4,projected_constant,0.0,0.0,0.015625,100,False,-1.5838126845628006e-14,-1.560231164802521e-14,1.3457350187741977e-12,1.3768685461186467e-13,0.8976865038874586,True,1.0000458694978005,1.000021447108283
moment9,20,600000,0.002,177,1.0,confirmation,128,4,4,no_geometry,0.0,1.0,0.015625,100,False,-5.697912460302694e-15,-1.4854008593115046e-15,2.2107822039202383e-13,1.7514731092056845e-13,0.20775863578967224,True,1.0000043669073633,0.9999992402007865
moment9,20,600000,0.002,177,1.0,confirmation,128,4,4,double_geometry,2.0,1.0,0.015625,100,False,5.697854201663711e-15,1.4853929919546385e-15,2.2107669040032692e-13,1.751460933004038e-13,0.20775866065640725,True,0.9999956332155263,1.0000007597872667
moment9,20,600000,0.002,177,1.0,confirmation,128,4,4,no_relaxation,1.0,0.0,0.015625,100,False,-1.0140177336008491e-14,-1.4116892996236315e-14,1.2161841240294622e-12,1.7502279223468607e-13,0.856088573451526,True,1.0000415024485079,1.0000222068148958
moment9,20,600000,0.002,177,1.0,confirmation,128,4,4,double_relaxation,1.0,2.0,0.015625,100,False,1.0139883812772034e-14,1.4116482927008914e-14,1.216149647812994e-12,1.750209953380229e-13,0.8560859712842381,True,0.9999584993135173,0.9999777938326048
sine,20,600000,0.002,177,1.0,confirmation,128,0,0,projected_constant,0.0,0.0,0.015625,1000,False,2.9552717096250505e-11,2.9516337462332888e-09,8.296560637959928e-07,5.193176593576479e-07,0.3740566940696226,True,1.0059247734076773,1.0002928886927596
sine,20,600000,0.002,177,1.0,confirmation,128,0,0,no_geometry,0.0,1.0,0.015625,1000,False,-8.751962966826626e-09,1.8074674674895766e-09,6.252545206120899e-07,5.086993690710581e-07,0.18641232921743733,False,1.0036365852147866,0.9977314435776061
sine,20,600000,0.002,177,1.0,confirmation,128,0,0,double_geometry,2.0,1.0,0.015625,1000,False,8.74709368404028e-09,-1.8030712686529626e-09,6.246367104068124e-07,5.107367328565583e-07,0.1823459551009634,False,0.9965030709196363,1.0022845408628953
sine,20,600000,0.002,177,1.0,confirmation,128,0,0,no_relaxation,1.0,0.0,0.015625,1000,False,9.289516091679184e-09,1.1413826977442736e-09,3.299450953781815e-07,1.6785259069791553e-07,0.49127114465658683,True,1.0023277095667187,1.002676624164366
sine,20,600000,0.002,177,1.0,confirmation,128,0,0,double_relaxation,1.0,2.0,0.015625,1000,False,-8.434565160109047e-09,-1.1396280564201625e-09,3.1570637383719756e-07,1.5068933290047527e-07,0.5226915089836537,True,0.997721599379789,0.9975146967076904
moment9,20,600000,0.002,177,1.0,confirmation,128,4,4,projected_constant,0.0,0.0,0.015625,1000,False,-1.5978234097220326e-12,-1.5741987282254787e-12,1.357736029465492e-10,1.3890555233953668e-11,0.8976932560342967,True,1.0004587651293486,1.0002164343327056
moment9,20,600000,0.002,177,1.0,confirmation,128,4,4,no_geometry,0.0,1.0,0.015625,1000,False,-5.748720324324821e-13,-1.4985069801009934e-13,2.230438643743478e-11,1.7671379197371624e-11,0.20771731394894166,True,1.0000436673242412,0.9999923294044758
moment9,20,600000,0.002,177,1.0,confirmation,128,4,4,double_geometry,2.0,1.0,0.015625,1000,False,5.748589833204555e-13,1.4984631594975092e-13,2.230288554757304e-11,1.7670576151812744e-11,0.20770000302783131,True,0.9999563450191018,1.0000076720199014
moment9,20,600000,0.002,177,1.0,confirmation,128,4,4,no_relaxation,1.0,0.0,0.015625,1000,False,-1.0228579430950476e-12,-1.4243066032982913e-12,1.2270231522093405e-10,1.76639693706807e-11,0.8560420857676931,True,1.000415083471533,1.0002241032177566
moment9,20,600000,0.002,177,1.0,confirmation,128,4,4,double_relaxation,1.0,2.0,0.015625,1000,False,1.02257494322365e-12,1.4239127867380898e-12,1.2266785784941083e-10,1.765885073362651e-11,0.8560433756387528,True,0.9995850942877363,0.9997759598573829
sine,20,600000,0.002,177,1.0,confirmation,128,0,0,projected_constant,0.0,0.0,0.015625,10000,False,1.9680237761882096e-08,2.98116016660908e-07,8.161380486186984e-05,5.29397221742216e-05,0.3513386336561406,True,1.054748303145485,1.0024493811275272
sine,20,600000,0.002,177,1.0,confirmation,128,0,0,no_geometry,0.0,1.0,0.015625,10000,False,-5.360533052126285e-07,1.8128991476536355e-07,6.34231292545407e-05,5.146106809348199e-05,0.18860723684967495,False,1.03254243832808,0.9842746761651516
sine,20,600000,0.002,177,1.0,confirmation,128,0,0,double_geometry,2.0,1.0,0.015625,10000,False,5.258157689543399e-07,-1.76945876681296e-07,6.405450484421158e-05,5.440153318945638e-05,0.15069934079160252,False,0.9808279471548702,1.0172725033747532
sine,20,600000,0.002,177,1.0,confirmation,128,0,0,no_relaxation,1.0,0.0,0.015625,10000,False,9.212282241710892e-07,1.1401979396539817e-07,3.243793344250342e-05,1.672164704750935e-05,0.48450331840193683,True,1.0249087820261513,1.0267846324095362
sine,20,600000,0.002,177,1.0,confirmation,128,0,0,double_relaxation,1.0,2.0,0.015625,10000,False,-4.3855950269345886e-07,-1.1228603988155437e-07,2.4526999742413538e-05,6.911317306464384e-06,0.7182159506238781,True,0.9787504484602022,0.984378116928005
moment9,20,600000,0.002,177,1.0,confirmation,128,4,4,projected_constant,0.0,0.0,0.015625,10000,False,-1.595576582023274e-10,-1.5734511798083005e-10,1.3566394189064666e-08,1.3866731701713612e-09,0.897786165517061,True,1.0045946755381012,1.002167517668683
moment9,20,600000,0.002,177,1.0,confirmation,128,4,4,no_geometry,0.0,1.0,0.015625,10000,False,-5.7445254606610285e-11,-1.4959314756403883e-11,2.2280436252894483e-09,1.766156635996868e-09,0.20730607967004044,True,1.0004365028281808,0.9999228456263481
moment9,20,600000,0.002,177,1.0,confirmation,128,4,4,double_geometry,2.0,1.0,0.015625,10000,False,5.743298121010367e-11,1.4954962180123844e-11,2.2265458768289715e-09,1.7653566627719559e-09,0.20713214080000797,True,0.9995647340366566,1.0000773001129593
moment9,20,600000,0.002,177,1.0,confirmation,128,4,4,no_relaxation,1.0,0.0,0.015625,10000,False,-1.0201791453586033e-10,-1.4234436671360357e-10,1.2259750279905715e-08,1.7702477728817915e-09,0.8556049077293763,True,1.0041567422116262,1.0022445081797258
moment9,20,600000,0.002,177,1.0,confirmation,128,4,4,double_relaxation,1.0,2.0,0.015625,10000,False,1.0173681357230679e-10,1.419512444625094e-10,1.2225339444064405e-08,1.7651034840123128e-09,0.8556192658626507,True,0.9958610323238257,0.9977618108645898
sine,20,600000,0.002,177,1.0,confirmation,128,0,0,projected_constant,0.0,0.0,0.015625,20000,False,1.5525883214405796e-07,1.1693854716683858e-06,0.0003222577856781329,0.00021806930471903997,0.323307878318121,True,1.0957344698760756,1.0037807361299766
sine,20,600000,0.002,177,1.0,confirmation,128,0,0,no_geometry,0.0,1.0,0.015625,20000,False,-1.3276717439741467e-06,7.056217592413154e-07,0.0002582516091848717,0.00021335730656324445,0.17383939160467832,False,1.0516429416322994,0.9756012980185021
sine,20,600000,0.002,177,1.0,confirmation,128,0,0,double_geometry,2.0,1.0,0.015625,20000,False,1.1993000076798579e-06,-6.72374499927639e-07,0.00027508123215862836,0.0002464272093020871,0.10416567728625559,False,1.0142608422112718,1.0295679857681255
sine,20,600000,0.002,177,1.0,confirmation,128,0,0,no_relaxation,1.0,0.0,0.015625,20000,False,3.6564253261075728e-06,4.4180417137416583e-07,0.0001274308956510055,6.638591216584409e-05,0.4790438235037213,True,1.053417100091295,1.0537246948926595
sine,20,600000,0.002,177,1.0,confirmation,128,0,0,double_relaxation,1.0,2.0,0.015625,20000,False,-1.146251027428817e-06,-4.2853639922132173e-07,8.562676429287489e-05,1.5201062003184615e-05,0.8224730067903603,True,0.9599357426674537,0.9756813963427446
moment9,20,600000,0.002,177,1.0,confirmation,128,4,4,projected_constant,0.0,0.0,0.015625,20000,False,-6.366411777810168e-10,-6.284514369958612e-10,5.4165633546698916e-08,5.530866716230681e-09,0.8978897438453805,True,1.0092049994177579,1.0043379332043818
moment9,20,600000,0.002,177,1.0,confirmation,128,4,4,no_geometry,0.0,1.0,0.015625,20000,False,-2.2937888965346034e-10,-5.966632462797395e-11,8.893158609570063e-09,7.053594366436403e-09,0.2068516175067514,True,1.00087264631323,0.9998448383184431
moment9,20,600000,0.002,177,1.0,confirmation,128,4,4,double_geometry,2.0,1.0,0.015625,20000,False,2.2928120785687744e-10,5.963162102137124e-11,8.881222820531291e-09,7.0472241716224306e-09,0.2065029428908245,True,0.9991323096799994,1.0001557442454996
moment9,20,600000,0.002,177,1.0,confirmation,128,4,4,no_relaxation,1.0,0.0,0.015625,20000,False,-4.065079746145612e-10,-5.68454164600595e-10,4.894616227038908e-08,7.091259973200597e-09,0.8551212261744453,True,1.0083266499050556,1.0044924436960707
moment9,20,600000,0.002,177,1.0,confirmation,128,4,4,double_relaxation,1.0,2.0,0.015625,20000,False,4.042763907989506e-10,5.653197403832525e-10,4.8671999709897404e-08,7.050038500806285e-09,0.8551520680714364,True,0.9917443767885722,0.9955328049438993
