bundle,target,seed,n,degree,kappa,count,last_step,last_gradient_absolute_error,last_gradient_relative_error,last_signed_change_actual,last_signed_change_reference,last_signed_change_absolute_error,last_slope_parameter_l2_error,last_signed_force_actual,last_signed_force_reference,last_residual_moment_l2_error,last_median_gamma_error,max_abs_gradient_absolute_error,max_abs_gradient_relative_error,max_abs_signed_change_actual,max_abs_signed_change_reference,max_abs_signed_change_absolute_error,max_abs_slope_parameter_l2_error,max_abs_signed_force_actual,max_abs_signed_force_reference,max_abs_residual_moment_l2_error,max_abs_median_gamma_error,first_gradient_error_above_5pct
refine_N128_s0,sine,0,128,1,0.0001,2019,39980,0.0006914728901989942,1.0000000000010618,-0.003934103097392769,-0.0032287982480144195,0.0007053048493783493,0.03252248958352878,-1.783405483326602e-05,5.17085252616997e-16,0.0007931463214663659,0.0013935393565012721,0.012725960046008932,1.000007883404996,0.003934103097392769,0.00339424654231979,0.0007053048493783493,0.03252248958352878,0.006613108593731057,0.006814621404901296,0.00510092348222478,0.0016546846916778435,2880
refine_N128_s0,sine,0,128,1,0.001,2019,39980,0.0006914646802183883,1.0000000000010851,-0.0039294781725077305,-0.0032241368017474903,0.0007053413707602402,0.03251818159062719,-1.7817277513200983e-05,5.114155193107842e-16,0.0007931665433442421,0.0013921516647550647,0.012725960046008932,1.0000084921489423,0.0039294781725077305,0.0033896225484008197,0.0007053413707602402,0.03251818159062719,0.006613108593731057,0.006814621404901296,0.005100101507889192,0.0016597549518272414,2880
refine_N128_s0,sine,0,128,1,0.01,2019,39980,0.000691368506417165,1.0000000000012816,-0.0038840609252575042,-0.0031783602024971352,0.000705700722760369,0.03247452592204051,-1.765019131062719e-05,4.616531978796076e-16,0.0007933181269365072,0.0013782546441080124,0.012725960046008932,1.000015953363895,0.0038840609252575042,0.003343966828248404,0.000705700722760369,0.03247452592204051,0.006613108593731057,0.006814621404901296,0.005092106451811652,0.001707685091722172,2860
refine_N128_s0,sine,0,128,1,0.1,2019,39980,0.0006892645110826296,1.0000000000017955,-0.003461686347781115,-0.00272692764511287,0.0007347587026682451,0.03199737450318181,-1.7224372575274482e-05,1.2014751308541148e-16,0.0007905177077052357,0.001081803784644994,0.012725960046008932,1.000257308035193,0.003461686347781115,0.0030869368660668,0.0007347587026682451,0.03199737450318181,0.006613108593731057,0.006814621404901296,0.005030849891457183,0.0013152631789963704,2680
refine_N128_s0,sine,0,128,1,1.0,2019,39980,0.0006529409939383334,1.000000000002492,-0.0014722476640256915,-0.0010438451248170472,0.00042840253920864435,0.02827911016642129,-1.119279067038343e-05,6.315656409167357e-17,0.000659544499996476,-0.000737637349192341,0.012725960046008932,1.0181992904096664,0.0016646875087983348,0.001659834387516032,0.00042840253920864435,0.02827911016642129,0.006613108593731057,0.006814621404901296,0.004696354810867374,0.000737637349192341,1700
refine_N128_s0,sine,0,128,1,10.0,2019,39980,0.0005802132300007662,1.0000000000000628,-0.00046640400229647216,-0.00012370298160196969,0.0003427010206945025,0.024100404165126616,-7.857126477504628e-06,9.977821821529873e-19,0.00042934614306861603,0.00019012111639468698,0.012725960046008932,1.0820633743016674,0.00046640400229647216,0.0002986205809964171,0.0003427010206945025,0.024100404165126616,0.006613108593731057,0.006814621404901296,0.004168020421893893,0.00019012111639468698,380
refine_N128_s0,sine,0,128,1,100.0,2019,39980,0.0006523487565536805,1.0,-0.00016598911339339717,-1.1313116311612026e-05,0.00015467599708178514,0.023507699126703283,1.1411626273615944e-06,-0.0,0.0003424251148087285,-5.868110337602095e-05,0.012725960046008932,1.0912200309820779,0.0001684852445622831,3.226087492813612e-05,0.00015717212825067106,0.023507699126703283,0.006613108593731057,0.006814621404901296,0.004179672809520317,5.868110337602095e-05,40
refine_N128_s0,runge,0,128,1,0.0001,2019,39980,0.0021020670627867337,0.9999999999997194,-0.00223371735157836,-0.0030291910807932892,0.0007954737292149294,0.07674707745138493,2.5438550708610966e-05,-4.841305646490915e-16,0.000985267119429263,0.0014689798659407172,0.008172119595279376,0.9999999999997194,0.0029447639282785265,0.0030291910807932892,0.0007954737292149294,0.07674707745138493,0.003061020049382076,0.0031971951853914517,0.005959490605231163,0.0017906613392439513,2200
refine_N128_s0,runge,0,128,1,0.001,2019,39980,0.0021024590919134236,0.9999999999997238,-0.0022317094016242878,-0.0030266354600862744,0.0007949260584619866,0.07676294437394038,2.5430489653006152e-05,-4.783511055045534e-16,0.0009851772154456282,0.001473035688762142,0.008172119595279376,0.9999999999997238,0.002942528455432483,0.0030266354600862744,0.0007949260584619866,0.07676294437394038,0.003061020049382076,0.0031971951853914517,0.005955085101252201,0.0017747466120765498,2200
refine_N128_s0,runge,0,128,1,0.01,2019,39980,0.002106312555728841,0.9999999999997657,-0.002211841115843813,-0.0030013368228870713,0.0007894957070432584,0.07691899353617611,2.535060308692079e-05,-4.177911253384948e-16,0.0009842890767143167,0.0015134811114750762,0.008172119595279376,0.9999999999997657,0.0029194968831104118,0.0030013368228870713,0.0007894957070432584,0.07691899353617611,0.003061020049382076,0.0031971951853914517,0.0059110273863714966,0.0015969936330242906,2180
refine_N128_s0,runge,0,128,1,0.1,2019,39980,0.0021390489429999986,0.999999999999911,-0.002014899356475461,-0.002772331250011667,0.0007574318935362062,0.0782503352313151,2.4745655625811377e-05,-1.85524788762095e-16,0.0009763236787743513,0.0023768902568228334,0.008172119595279376,0.999999999999911,0.002701919622683277,0.002772331250011667,0.0007574318935362062,0.0782503352313151,0.003061020049382076,0.0031971951853914517,0.00551169643982245,0.0023768902568228334,2040
refine_N128_s0,runge,0,128,1,1.0,2019,39980,0.0022567210144437758,0.9999999999999519,-0.0009590699963698546,-0.0015881668626091666,0.000629096866239312,0.08275673004942571,2.2733412322092092e-05,-2.236823137548887e-17,0.0009494520821021846,0.0023889616711007255,0.008172119595279376,0.9999999999999519,0.001560090708314657,0.0015881668626091666,0.000629096866239312,0.08275673004942571,0.003061020049382076,0.0031971951853914517,0.004031089949379963,0.0023889616711007255,1220
refine_N128_s0,runge,0,128,1,10.0,2019,39980,0.0028990155413923862,0.9999999999999939,0.0006699183278936482,-0.0002876601573719023,0.0009575784852655506,0.09180946268247012,4.454690489746683e-05,-7.811109913976277e-19,0.0017753219602281484,-0.00017901066033643165,0.008172119595279376,0.999999999999994,0.0006699183278936482,0.0002876601573719023,0.0009575784852655506,0.09180946268247012,0.003061020049382076,0.0031971951853914517,0.004031089949379963,0.002323057803742451,240
refine_N128_s0,runge,0,128,1,100.0,2019,39980,0.019502502078456968,1.0,0.006457063691542697,-3.0161322039548577e-05,0.006487225013582246,0.30044140703639344,0.0003706633047161908,-4.2278974850601904e-20,0.0275881248680317,-0.003225912184172397,0.019502502078456968,1.0000000000000002,0.006457063691542697,3.0161322039548577e-05,0.006487225013582246,0.30044140703639344,0.003061020049382076,0.0031971951853914517,0.0275881248680317,0.003225912184172397,40
refine_N128_s0,moment3,0,128,1,0.0001,2019,39980,0.001785526240949032,1.0000000000000415,0.0023605394456204104,0.003283062505007303,0.0009225230593868927,0.07643956725285533,-2.1777567825857076e-05,1.2491912179966762e-15,0.002196137902866324,-0.0008599614407159839,0.006925933495954563,1.0000003502971098,0.003152578109078416,0.003283062505007317,0.0009225230593868927,0.07643956725285533,0.0020805995578162015,0.0020518242562539805,0.0072138636800422925,0.0009596395635281946,0
refine_N128_s0,moment3,0,128,1,0.001,2019,39980,0.0017854334688303698,1.0000000000000568,0.0023581860786349024,0.0032806550272961726,0.0009224689486612703,0.07643425978006844,-2.1763251069389395e-05,1.2406948834657266e-15,0.002195206500389748,-0.0008565048089328176,0.006925933495954563,1.0000006748808188,0.003150257202446022,0.0032806550272961726,0.0009224689486612703,0.07643425978006844,0.0020805995578162015,0.0020518242562539805,0.007209097676504456,0.0009615647376147313,0
refine_N128_s0,moment3,0,128,1,0.01,2019,39980,0.0017845352701406365,1.0000000000001947,0.002334803988889106,0.003256783819035769,0.0009219798301466631,0.07638256066236893,-2.1622764712342153e-05,1.1503931842192754e-15,0.002185983850947986,-0.0008223627360548769,0.006925933495954563,1.0000099266281546,0.0031272224304726703,0.003256783819035769,0.0009219798301466631,0.07638256066236893,0.0020805995578162015,0.0020518242562539805,0.007161463749532014,0.0009821587114123287,0
refine_N128_s0,moment3,0,128,1,0.1,2019,39980,0.0017780801117678693,1.0000000000007976,0.0021150355280842026,0.0030373835668255356,0.000922348038741333,0.07598347178149586,-2.0446258002082664e-05,6.068124576530671e-16,0.002101959445833233,-0.0023355144548666967,0.006925933495954563,1.000659278647842,0.0029130370738311012,0.0030373835668255356,0.000922348038741333,0.07598347178149586,0.0020805995578162015,0.0020518242562539805,0.0067417061055350365,0.0024763990910002392,0
refine_N128_s0,moment3,0,128,1,1.0,2019,39980,0.0017955921259392418,1.0000000000010114,0.0008770334215953274,0.0018788182569946382,0.0010017848353993108,0.0760138687590724,-2.0987609558355523e-05,1.5700589893566639e-16,0.0016650893065132358,-0.0002655929344832497,0.006925933495954563,1.0238411577945334,0.00180601867200067,0.0018788182569946382,0.0010017848353993108,0.0760138687590724,0.0020805995578162015,0.0020518242562539805,0.004895649394493563,0.000488919980693503,0
refine_N128_s0,moment3,0,128,1,10.0,2019,39980,0.001953790638514863,1.0000000000001497,-0.0006137761973414868,0.0003848894985308271,0.000998665695872314,0.07953789427272764,-1.3121371390631355e-05,1.548024833967736e-17,0.0012018968268060009,0.0005196915798198476,0.006925933495954563,1.0923528545276366,0.0006137761973414868,0.000384889498530841,0.000998665695872314,0.07953789427272764,0.0020805995578162015,0.0020518242562539805,0.004031089949379797,0.0005196915798198476,0
refine_N128_s0,moment3,0,128,1,100.0,2019,39980,0.007462109766267551,1.0,0.0009862178611539235,4.349659118056681e-05,0.0009427212699733567,0.11986846917392356,0.00011593626739536446,-0.0,0.0017015849618180188,0.0009414771504415859,0.007462109766267551,1.1125781421415004,0.0009862178611539235,4.349659118056681e-05,0.0009427212699733567,0.11986846917392356,0.0020805995578162015,0.0020518242562539805,0.004031089949379797,0.0009414771504415859,0
refine_N128_s0,moment5,0,128,1,0.0001,2019,39980,1.3798637082652169e-05,0.9999999999916883,0.003407209294947089,0.003283062505007317,0.0001241467899397719,0.007044098458628365,4.7713556474263776e-08,1.2483758190293155e-15,0.0006667750868798075,2.9837686052885948e-06,0.006455370267654214,0.9999999999916883,0.003407209294947089,0.003283062505007317,0.0001241467899397719,0.007044098458628365,0.0021208317718772814,0.002051824256253979,0.006987290009300652,0.0009061627240389142,2180
refine_N128_s0,moment5,0,128,1,0.001,2019,39980,1.3790716494103667e-05,0.999999999990684,0.003404644510237656,0.0032806550272961726,0.00012398948294148338,0.007036296108665168,4.7872075646232254e-08,1.2406948834657266e-15,0.0006662014231554268,2.5092305209195587e-06,0.006455370267654214,0.999999999990684,0.003404644510237656,0.0032806550272961726,0.00012398948294148338,0.007036296108665168,0.0021208317718772814,0.002051824256253979,0.006982590719676041,0.0009074782491356459,2180
refine_N128_s0,moment5,0,128,1,0.01,2019,39980,1.3712677056463498e-05,0.9999999999815599,0.0033792082521846983,0.003256783819035769,0.00012242443314892937,0.006959352507904606,4.9425129876061804e-08,1.151211969403773e-15,0.0006605466208918809,-2.1317478996890626e-06,0.006455370267654214,0.9999999999815599,0.0033792082521846983,0.003256783819035769,0.00012242443314892937,0.006959352507904606,0.0021208317718772814,0.002051824256253979,0.006935584759849917,0.0009174359247200031,2160
refine_N128_s0,moment5,0,128,1,0.1,2019,39980,1.3035477228165314e-05,0.9999999999369419,0.0031491977740177313,0.003037383566825508,0.00011181420719222346,0.006283304587349514,6.645002342927211e-08,6.059924408184008e-16,0.0006111460637206745,-0.0004985686521880583,0.006455370267654214,0.9999999999369419,0.0031491977740177313,0.003037383566825508,0.00011181420719222346,0.006283304587349514,0.0021208317718772814,0.002051824256253979,0.006516411977813156,0.0004985686521880583,2040
refine_N128_s0,moment5,0,128,1,1.0,2019,39980,1.0528516504367391e-05,0.9999999998763125,0.0019509145740490563,0.0018788182569946243,7.209631705443198e-05,0.003322632572507952,1.1092963258806196e-07,1.5793492792345135e-16,0.0004096113424048956,-4.939485015537093e-06,0.006455370267654214,0.9999999998763128,0.0019509145740490563,0.0018788182569946382,7.209631705443198e-05,0.003322632572507952,0.0021208317718772814,0.002051824256253979,0.004684303524903745,0.00027009524329786594,1280
refine_N128_s0,moment5,0,128,1,10.0,2019,39980,9.370841844894998e-06,0.9999999999736442,0.0004031798358145322,0.0003848894985308271,1.8290337283705105e-05,0.0007899732869548761,1.33107768114694e-07,1.4512732818447523e-17,0.0002713418804398631,6.242226669912754e-05,0.006455370267654214,0.9999999999736455,0.0004031798358145322,0.000384889498530841,1.8290337283705105e-05,0.0007899732869548761,0.0021208317718772814,0.002051824256253979,0.004031089949379793,6.242226669912754e-05,280
refine_N128_s0,moment5,0,128,1,100.0,2019,39980,9.225053876670593e-06,0.9999999999980079,5.0403389130815324e-05,4.349659118056681e-05,6.906797950248511e-06,0.0003970501427804307,1.3648268174890214e-07,1.0030444702354913e-18,0.00024460655560564024,-1.006798758970695e-05,0.006455370267654214,0.9999999999980282,5.0403389130815324e-05,4.349659118056681e-05,6.906797950248511e-06,0.0003970501427804307,0.0021208317718772814,0.002051824256253979,0.004031089949379793,1.0471111225721086e-05,40
refine_N128_s0,moment9,0,128,1,0.0001,2019,39980,1.1867694016702016e-05,1.0000000000084914,0.0033998941375347758,0.003283062505007317,0.00011683163252745876,0.007082124936610201,-1.3527249775993408e-07,1.2483758190293155e-15,0.0006682763324841485,-2.3134170514513275e-05,0.006455365104758748,1.0000004975640144,0.0034031805858888015,0.003283062505007317,0.00012033724996159123,0.007082124936610201,0.0021206845365959754,0.0020518242562539814,0.00698791641453797,0.0009076747489085851,2180
refine_N128_s0,moment9,0,128,1,0.001,2019,39980,1.1856790353412174e-05,1.0000000000089382,0.003397331924987826,0.003280655027296145,0.00011667689769168099,0.0070741917906419725,-1.3504851058132213e-07,1.2415105934482814e-15,0.0006677027552115788,-2.3601574658804747e-05,0.006455365104758748,1.0000005581917808,0.0034006144056384635,0.003280655027296145,0.0001201779886742943,0.0070741917906419725,0.0021206845365959754,0.0020518242562539814,0.006983217733363558,0.0009090027870659878,2180
refine_N128_s0,moment9,0,128,1,0.01,2019,39980,1.1749091793107682e-05,1.000000000012874,0.003371920927516134,0.003256783819035769,0.00011513710848036485,0.006995948405606919,-1.3285277602217812e-07,1.151211969403773e-15,0.0006620488009121363,-2.8171000314936023e-05,0.006455365104758748,1.0000013592313142,0.0033751644220130356,0.003256783819035769,0.00011859372657201106,0.006995948405606919,0.0021206845365959754,0.0020518242562539814,0.0069362178874136675,0.000917326649578637,2160
refine_N128_s0,moment9,0,128,1,0.1,2019,39980,1.0791978960554106e-05,1.000000000032422,0.0031418832020415066,0.003037383566825508,0.00010449963521599881,0.0063076789386430085,-1.1669680461986699e-07,6.059924408184008e-16,0.0006126547584154547,-0.0005244706265501858,0.006455365104758748,1.0000284848583683,0.0031448572543537473,0.003037383566825508,0.00010764869343783678,0.0063076789386430085,0.0021206845365959754,0.0020518242562539814,0.00651703435929894,0.0005244706265501858,2040
refine_N128_s0,moment9,0,128,1,1.0,2019,39980,6.633517150363522e-06,1.0000000000812732,0.00194406023045679,0.0018788182569946382,6.524197346215177e-05,0.0032736654455545514,-6.077321676159316e-08,1.579349279234514e-16,0.0004110465124151878,-1.9309851689103263e-05,0.006455365104758748,1.0014477794927137,0.0019459530119078916,0.0018788182569946382,6.719081740196031e-05,0.0032736654455545514,0.0021206845365959754,0.0020518242562539814,0.00468482525727703,0.00027033874677478975,1280
refine_N128_s0,moment9,0,128,1,10.0,2019,39980,3.620312037564369e-06,1.0000000000362823,0.0003963463167357406,0.0003848894985308271,1.145681820491351e-05,0.0006142090204549854,-3.810938294201833e-08,1.451273281844753e-17,0.00027229198266681947,6.843662865706202e-05,0.006455365104758748,1.0116852709880826,0.0003978045367186156,0.000384889498530841,1.2922042619795127e-05,0.0006142090204549854,0.0021206845365959754,0.0020518242562539814,0.00403108994937987,6.843662865706202e-05,280
refine_N128_s0,moment9,0,128,1,100.0,2019,39980,2.9921264493742135e-06,1.0000000000037008,4.361863127914922e-05,4.349659118056681e-05,1.2204009858240994e-07,0.00014216920225107243,-3.405223881024531e-08,1.0030444702354917e-18,0.00024503116759951786,-1.3567545122356028e-05,0.006455365104758748,1.01659601935796,4.499618920135451e-05,4.349659118056681e-05,1.5002876563585676e-06,0.00014216920225107243,0.0021206845365959754,0.0020518242562539814,0.00403108994937987,1.3567545122356028e-05,40
refine_N128_s0,sine,0,128,3,0.0001,2019,39980,6.251125751681786e-05,0.09040304891619765,-0.003934103097392769,-0.003988019860850317,5.3916763457548256e-05,0.0030541514167259664,-1.783405483326602e-05,-1.9122743908231535e-05,4.938047448193284e-05,-9.572333310410575e-05,0.0004910447810061517,0.09522159166550483,0.003934103097392769,0.003988019860850317,5.3916763457548256e-05,0.0030541514167259664,0.006613108593731057,0.006608344937555624,0.00017006261624504313,9.572333310410575e-05,8440
refine_N128_s0,sine,0,128,3,0.001,2019,39980,6.251595685828909e-05,0.09041091851374426,-0.0039294781725077305,-0.003983359293077499,5.3881120569768126e-05,0.0030541808329092777,-1.7817277513200983e-05,-1.910526606151905e-05,4.93828865077814e-05,-9.5693688298773e-05,0.0004910447810061517,0.09523592643315244,0.0039294781725077305,0.003983359293077499,5.3881120569768126e-05,0.0030541808329092777,0.006613108593731057,0.006608344937555624,0.00017004317777191133,9.5693688298773e-05,8440
refine_N128_s0,sine,0,128,3,0.01,2019,39980,6.256020545997354e-05,0.0904874967248009,-0.0038840609252575042,-0.0039375855879835026,5.352466272599832e-05,0.003054355194223642,-1.765019131062719e-05,-1.8931145130605313e-05,4.940332192459233e-05,-9.538916913161277e-05,0.0004910447810061517,0.0953767285794096,0.0038840609252575042,0.0039375855879835026,5.352466272599832e-05,0.003054355194223642,0.006613108593731057,0.006608344937555624,0.00016984983523932892,9.538916913161277e-05,8380
refine_N128_s0,sine,0,128,3,0.1,2019,39980,6.277070090327811e-05,0.0910691032166979,-0.003461686347781115,-0.0035151634211955385,5.347707341442354e-05,0.003046151222910582,-1.7224372575274482e-05,-1.8496244144558127e-05,4.929445893150007e-05,0.00020468530403618124,0.0004910447810061517,0.09657469388412426,0.003461686347781115,0.0035151634211955385,5.347707341442354e-05,0.003046151222910582,0.006613108593731057,0.006608344937555624,0.00016799267965130607,0.00020468530403618124,7780
refine_N128_s0,sine,0,128,3,1.0,2019,39980,5.883739629909588e-05,0.09011135285648701,-0.0014722476640256915,-0.0015120959919980581,3.984832797236659e-05,0.002755194384634401,-1.119279067038343e-05,-1.2135386050035333e-05,4.06037810883509e-05,2.8303692864578567e-06,0.0004910447810061517,0.10083671746979005,0.0016646875087983348,0.0016656872996841932,3.984832797236659e-05,0.002755194384634401,0.006613108593731057,0.006608344937555624,0.00014967237683046288,2.8424409686728103e-05,4520
refine_N128_s0,sine,0,128,3,10.0,2019,39980,4.723114404096875e-05,0.08140308010713466,-0.00046640400229647216,-0.0004976110219573199,3.120701966084771e-05,0.0021321932224064033,-7.857126477504628e-06,-8.52403987476549e-06,2.4492766358063714e-05,9.336414808414073e-05,0.0004910447810061517,0.1044772013698626,0.00046640400229647216,0.0004976110219573199,3.120701966084771e-05,0.0021321932224064033,0.006613108593731057,0.006608344937555624,0.00011789582304477106,9.336414808414073e-05,880
refine_N128_s0,sine,0,128,3,100.0,2019,39980,7.108723709000811e-05,0.10897121574287616,-0.00016598911339339717,-0.0001763248922385663,1.0335778845169119e-05,0.001904014584657221,1.1411626273615944e-06,1.4617102542168356e-06,4.4286727281429134e-05,-1.4120592673791399e-05,0.0004910447810061517,0.10897121574287616,0.0001684852445622831,0.00018000634038932428,1.2085928684069103e-05,0.001904014584657221,0.006613108593731057,0.006608344937555624,0.00011422702649931281,1.4120592673791399e-05,100
refine_N128_s0,runge,0,128,3,0.0001,2019,39980,0.00017516573735131138,0.08333023263256076,-0.00223371735157836,-0.002146879052607048,8.683829897131179e-05,0.005288537002579617,2.5438550708610966e-05,2.8441759546690264e-05,0.00010574304509051369,-8.384841016838285e-05,0.00030890549786294623,0.08333023263256076,0.0029447639282785265,0.00293871428189163,8.683829897131179e-05,0.005288537002579617,0.003061020049382076,0.0030577209449262686,0.00014715264233036452,0.00022203990560483444,7220
refine_N128_s0,runge,0,128,3,0.001,2019,39980,0.0001752122836880292,0.08333683369245588,-0.0022317094016242878,-0.0021448917137580487,8.681768786623911e-05,0.005289397063836545,2.5430489653006152e-05,2.8433530751629424e-05,0.00010576026092764074,-8.39285838214604e-05,0.00030890549786294623,0.08333683369245588,0.002942528455432483,0.002936487270563906,8.681768786623911e-05,0.005289397063836545,0.003061020049382076,0.0030577209449262686,0.0001470347753976724,0.0002232177521821338,7220
refine_N128_s0,runge,0,128,3,0.01,2019,39980,0.00017566912426848102,0.08340126150349686,-0.002211841115843813,-0.0021252304124651927,8.661070337862009e-05,0.005297792481335246,2.535060308692079e-05,2.835188645740267e-05,0.00010592862254562502,-8.473938908493128e-05,0.00030890549786294623,0.08340126150349686,0.0029194968831104118,0.0029133741744442887,8.661070337862009e-05,0.005297792481335246,0.003061020049382076,0.0030577209449262686,0.00014587031815596212,0.00023353082888422083,7160
refine_N128_s0,runge,0,128,3,0.1,2019,39980,0.0001794967855544415,0.0839142957162461,-0.002014899356475461,-0.0019300603503782099,8.483900609725092e-05,0.005364349363451358,2.4745655625811377e-05,2.77448348016911e-05,0.00010729007677805101,9.592517634701703e-06,0.00030890549786294623,0.0839142957162461,0.002701919622683277,0.0026965939169811964,8.483900609725092e-05,0.005364349363451358,0.003061020049382076,0.0030577209449262686,0.0001354023619798802,0.00023980743293475215,6760
refine_N128_s0,runge,0,128,3,1.0,2019,39980,0.00019391736738763826,0.08592881714066222,-0.0009590699963698546,-0.0008848736167506172,7.419637961923742e-05,0.005507319051553813,2.2733412322092092e-05,2.5676830507140987e-05,0.00011261729215335111,-0.00012071445234357325,0.00030890549786294623,0.08592881714066222,0.001560090708314657,0.0015578449104001607,7.419637961923742e-05,0.005507319051553813,0.003061020049382076,0.0030577209449262686,0.00011261729215335111,0.0001699577252299994,4360
refine_N128_s0,runge,0,128,3,10.0,2019,39980,0.00036271940053410334,0.12511812901833855,0.0006699183278936482,0.0007818841872323373,0.00011196585933868908,0.00745258066363003,4.454690489746683e-05,5.045755635203807e-05,0.00024869403422091775,0.00032046644284949855,0.00036271940053410334,0.12511812901833855,0.0006699183278936482,0.0007818841872323373,0.00011196585933868908,0.00745258066363003,0.003061020049382076,0.0030577209449262686,0.00024869403422091775,0.00032046644284949855,1700
refine_N128_s0,runge,0,128,3,100.0,2019,39980,0.009989363708089359,0.5122093394941309,0.006457063691542697,0.0074065524844018765,0.0009494887928591794,0.08808882040549704,0.0003706633047161908,0.0003999501515932849,0.021250233220420314,0.00021135942392083718,0.010010050639471222,0.5306905369692191,0.006457063691542697,0.0074065524844018765,0.0009494887928591794,0.08808882040549704,0.003061020049382076,0.0030577209449262686,0.021250233220420314,0.00023735590654770655,480
refine_N128_s0,moment3,0,128,3,0.0001,2019,39980,0.00016978288586051105,0.09508842937546308,0.0023605394456204104,0.002343611493866457,1.692795175395334e-05,0.007001291706893973,-2.1777567825857076e-05,-2.178626074719858e-05,0.00011988967831485123,-0.00038137470500376747,0.0003046784286043936,0.09508842937546308,0.003152578109078416,0.0031469054323412515,1.692795175395334e-05,0.007001291706893973,0.0020805995578162015,0.0020811640090563055,0.0001733027176733651,0.00038137470500376747,5380
refine_N128_s0,moment3,0,128,3,0.001,2019,39980,0.00016977878534388973,0.09509107357280626,0.0023581860786349024,0.002341307952542504,1.687812609239836e-05,0.007000404168016141,-2.1763251069389395e-05,-2.1770252532374854e-05,0.00011984296522372764,-0.0003426327711847643,0.0003046784286043936,0.09509107357280626,0.003150257202446022,0.0031445953253420172,1.687812609239836e-05,0.007000404168016141,0.0020805995578162015,0.0020811640090563055,0.00017316482318315072,0.0003426327711847643,5380
refine_N128_s0,moment3,0,128,3,0.01,2019,39980,0.00016973989080437687,0.09511713982040432,0.002334803988889106,0.0023184146712559167,1.6389317633189182e-05,0.006991686147870423,-2.1622764712342153e-05,-2.1613119444644667e-05,0.00011937894810117578,4.100177172360053e-05,0.0003046784286043936,0.09511713982040432,0.0031272224304726703,0.003121666014919866,1.6391464502954478e-05,0.006991686147870423,0.0020805995578162015,0.0020811640090563055,0.00017179208460207,0.0002387900050522529,5320
refine_N128_s0,moment3,0,128,3,0.1,2019,39980,0.0001695346822671829,0.09534704378350929,0.0021150355280842026,0.0021027324077261406,1.2303120358062025e-05,0.006918383413371174,-2.0446258002082664e-05,-2.0293166899961523e-05,0.00011504629066142212,-7.774024226106513e-05,0.0003046784286043936,0.09534704378350929,0.0029130370738311012,0.0029083469707179566,1.693506185450333e-05,0.006918383413371174,0.0020805995578162015,0.0020811640090563055,0.0001596291009875803,0.00019719065200131392,4900
refine_N128_s0,moment3,0,128,3,1.0,2019,39980,0.0001738858662913727,0.09684040366382873,0.0008770334215953274,0.000868506257819382,8.527163775945423e-06,0.006727066187252228,-2.0987609558355523e-05,-2.0484242193917766e-05,9.221321228030815e-05,0.00011648465313579548,0.0003046784286043936,0.09684040366382873,0.00180601867200067,0.001803290282231862,1.3673888668283563e-05,0.006727066187252228,0.0020805995578162015,0.0020811640090563055,0.00011315837789379287,0.00014997826480853127,2800
refine_N128_s0,moment3,0,128,3,10.0,2019,39980,0.0002643584199198254,0.13530539798307767,-0.0006137761973414868,-0.0005906300420479293,2.3146155293557458e-05,0.007623306724905024,-1.3121371390631355e-05,-1.0670232628403065e-05,9.00844860279266e-05,0.00014602068705285576,0.0003046784286043936,0.13530539798307767,0.0006137761973414868,0.0005906300420479293,2.3146155293557458e-05,0.007623306724905024,0.0020805995578162015,0.0020811640090563055,9.00844860279266e-05,0.00014602068705285576,540
refine_N128_s0,moment3,0,128,3,100.0,2019,39980,0.00451115058165348,0.6045409037060974,0.0009862178611539235,0.0015093019171252275,0.000523084055971304,0.04416644913757469,0.00011593626739536446,0.00016909397916429797,0.0013474078973021682,0.0003876956238221818,0.00451115058165348,0.6045409037060974,0.0009862178611539235,0.0015093019171252275,0.000523084055971304,0.04416644913757469,0.0020805995578162015,0.0020811640090563055,0.0013474078973021682,0.0003876956238221818,60
refine_N128_s0,moment5,0,128,3,0.0001,2019,39980,1.2119269802348015e-05,0.8782946989368821,0.003407209294947089,0.003400818277851214,6.391017095874751e-06,0.0005695596091547845,4.7713556474263776e-08,-1.5528465175825114e-07,4.537351869647354e-05,1.2104920605188196e-05,0.00026831749778530024,0.8782946989368821,0.003407209294947089,0.003404620430932953,6.391017095874751e-06,0.0005695596091547845,0.0021208317718772814,0.002122760287917812,0.00016356344698728804,2.0316088918059805e-05,9080
refine_N128_s0,moment5,0,128,3,0.001,2019,39980,1.2117031831447721e-05,0.8786368595508127,0.003404644510237656,0.0033982581023400266,6.386407897629454e-06,0.0005692997396343629,4.7872075646232254e-08,-1.550248312101055e-07,4.533080850906835e-05,1.2136285191172158e-05,0.00026831749778530024,0.8786368595508127,0.003404644510237656,0.0034020555538303854,6.386407897629454e-06,0.0005692997396343629,0.0021208317718772814,0.002122760287917812,0.0001634247943915723,2.037247682697141e-05,9060
refine_N128_s0,moment5,0,128,3,0.01,2019,39980,1.2095003568407658e-05,0.8820308039328922,0.0033792082521846983,0.0033728668507531506,6.341401431547711e-06,0.0005667444620440995,4.9425129876061804e-08,-1.5247740294033752e-07,4.490911794869332e-05,1.2442362599063284e-05,0.00026831749778530024,0.8820308039328922,0.0033792082521846983,0.0033766181370447484,6.341401431547711e-06,0.0005667444620440995,0.0021208317718772814,0.002122760287917812,0.000162099519470182,2.0772183891487606e-05,8980
refine_N128_s0,moment5,0,128,3,0.1,2019,39980,1.1904801653668576e-05,0.9132616661855371,0.0031491977740177313,0.003142825643696917,6.372130320814184e-06,0.000544907749202619,6.645002342927211e-08,-1.335793459480624e-07,4.1175445363628055e-05,4.99774735347458e-05,0.00026831749778530024,0.9132616661855371,0.0031491977740177313,0.0031462527637314275,6.372130320814184e-06,0.000544907749202619,0.0021208317718772814,0.002122760287917812,0.0001501638215189887,4.99774735347458e-05,8320
refine_N128_s0,moment5,0,128,3,1.0,2019,39980,1.1159848124684796e-05,1.059963967257418,0.0019509145740490563,0.0019449424573313306,5.972116717725684e-06,0.00046586604093180314,1.1092963258806196e-07,-6.822235505347039e-08,2.524315988453443e-05,7.419408587727716e-06,0.00026831749778530024,1.059963967257418,0.0019509145740490563,0.0019470732670463786,5.972116717725684e-06,0.00046586604093180314,0.0021208317718772814,0.002122760287917812,9.87591539355266e-05,7.419408587727716e-06,4860
refine_N128_s0,moment5,0,128,3,10.0,2019,39980,1.072313815757155e-05,1.1443089462800649,0.0004031798358145322,0.0003964405855531178,6.73925026141442e-06,0.0004291010893860589,1.33107768114694e-07,-4.1633551883130216e-08,1.3787976030974735e-05,-8.303606350207327e-06,0.00026831749778530024,1.1443089462800649,0.0004031798358145322,0.0003980347431499359,6.73925026141442e-06,0.0004291010893860589,0.0021208317718772814,0.002122760287917812,6.795741378871248e-05,8.303606350207327e-06,980
refine_N128_s0,moment5,0,128,3,100.0,2019,39980,1.067451022111207e-05,1.157121721325202,5.0403389130815324e-05,4.352802851199933e-05,6.8753606188159955e-06,0.0004265599309926336,1.3648268174890214e-07,-3.690460991097691e-08,1.0897389053794056e-05,4.081063787769734e-06,0.00026831749778530024,1.157121721325202,5.0403389130815324e-05,4.502391882173218e-05,6.8753606188159955e-06,0.0004265599309926336,0.0021208317718772814,0.002122760287917812,6.795741378871248e-05,4.081063787769734e-06,120
refine_N128_s0,moment9,0,128,3,0.0001,2019,39980,1.515942431759722e-06,0.12773689898299798,0.0033998941375347758,0.003400818277851214,9.241403164383932e-07,0.00024049358459367852,-1.3527249775993408e-07,-1.5528465175818283e-07,4.385874290425747e-05,-1.4013018514558162e-05,0.0002683132882734397,0.12810313871511417,0.0034031805858888015,0.003404620430932953,1.4965758868973333e-06,0.00024049358459367852,0.0021206845365959754,0.002122760287917814,0.00016308765114524029,1.8816469709859174e-05,12160
refine_N128_s0,moment9,0,128,3,0.001,2019,39980,1.5143001447862833e-06,0.1277158572989384,0.003397331924987826,0.0033982581023400266,9.261773522006855e-07,0.00024018065653153112,-1.3504851058132213e-07,-1.5502483121004204e-07,4.381619856930905e-05,-1.3974519988510514e-05,0.0002683132882734397,0.1280824853129757,0.0034006144056384635,0.0034020555538303854,1.4977273069538555e-06,0.00024018065653153112,0.0021206845365959754,0.002122760287917814,0.00016295467865129948,1.886036435749805e-05,12160
refine_N128_s0,moment9,0,128,3,0.01,2019,39980,1.4980920744480562e-06,0.1275070533831527,0.003371920927516134,0.0033728668507531506,9.459232370168102e-07,0.00023709910721319484,-1.3285277602217812e-07,-1.5247740294026486e-07,4.339612933581562e-05,-1.3596889816183677e-05,0.0002683132882734397,0.12787754603154136,0.0033751644220130356,0.003376618137044776,1.5087716414285968e-06,0.00023709910721319484,0.0021206845365959754,0.002122760287917814,0.00016163531267080324,1.9159422844097773e-05,12080
refine_N128_s0,moment9,0,128,3,0.1,2019,39980,1.3551607534116766e-06,0.1255711078022741,0.0031418832020415066,0.003142825643696931,9.42441655424342e-07,0.00021039793071096197,-1.1669680461986699e-07,-1.335793459479722e-07,3.967609265666218e-05,2.407549917261831e-05,0.0002683132882734397,0.1259791252767165,0.0031448572543537473,0.0031462527637314275,1.438944255111041e-06,0.00021039793071096197,0.0021206845365959754,0.002122760287917814,0.00014969953683936454,2.407549917261831e-05,11260
refine_N128_s0,moment9,0,128,3,1.0,2019,39980,7.614238027547668e-07,0.1147843271611838,0.00194406023045679,0.0019449424573313306,8.822268745406481e-07,0.00010327481167753846,-6.077321676159316e-08,-6.822235505341582e-08,2.38606242039877e-05,-6.9509580858384545e-06,0.0002683132882734397,0.11560843506809265,0.0019459530119078916,0.0019470732670463786,1.1306637676816722e-06,0.00010327481167753846,0.0021206845365959754,0.002122760287917814,9.831213924023183e-05,6.9509580858384545e-06,6900
refine_N128_s0,moment9,0,128,3,10.0,2019,39980,3.636884025756685e-07,0.1004577502754547,0.0003963463167357406,0.0003964405855531178,9.426881737717441e-08,2.486620843091715e-05,-3.810938294201833e-08,-4.163355188307796e-08,1.2819399567276407e-05,-2.289244392258971e-06,0.0002683132882734397,0.10352622829451265,0.0003978045367186156,0.0003980347431499359,2.311004237143255e-07,2.486620843091715e-05,0.0021206845365959754,0.002122760287917814,6.795741378872015e-05,2.289244392258971e-06,1480
refine_N128_s0,moment9,0,128,3,100.0,2019,39980,2.7543857517345043e-07,0.09205445686698041,4.361863127914922e-05,4.352802851199933e-05,9.060276714989435e-08,1.2521222904781216e-05,-3.405223881024531e-08,-3.690460990993819e-08,1.0210888803919956e-05,5.815062550651451e-07,0.0002683132882734397,0.1007463175829415,4.499618920135451e-05,4.502391882173218e-05,9.060276714989435e-08,1.2521222904781216e-05,0.0021206845365959754,0.002122760287917814,6.795741378872015e-05,5.815062550651451e-07,180
refine_N128_s0,sine,0,128,5,0.0001,2019,39980,4.432540944280215e-06,0.006410288829992035,-0.003934103097392769,-0.003931017986479102,3.085110913667033e-06,0.00021180751904246764,-1.783405483326602e-05,-1.7762254591084322e-05,2.8243865480753312e-06,4.4227940196872595e-06,2.1721223804253868e-05,0.006763664070165909,0.003934103097392769,0.003931017986479102,3.085110913667033e-06,0.00021180751904246764,0.006613108593731057,0.006613234617216208,7.02573151392108e-06,4.4227940196872595e-06,
refine_N128_s0,sine,0,128,5,0.001,2019,39980,4.432273364698638e-06,0.006409977966341801,-0.0039294781725077305,-0.003926394862615104,3.0833098926263958e-06,0.00021178619136689384,-1.7817277513200983e-05,-1.7745511845398395e-05,2.82406208945158e-06,4.421622919026369e-06,2.1721223804253868e-05,0.006763799726395662,0.0039294781725077305,0.003926394862615104,3.0833098926263958e-06,0.00021178619136689384,0.006613108593731057,0.006613234617216208,7.024793144515587e-06,4.421622919026369e-06,
refine_N128_s0,sine,0,128,5,0.01,2019,39980,4.429423372436921e-06,0.006406747387723685,-0.0038840609252575042,-0.00388099566069168,3.0652645658241218e-06,0.00021156540864077574,-1.765019131062719e-05,-1.757877363822519e-05,2.8206207729600103e-06,4.409449651951447e-06,2.1721223804253868e-05,0.006765002923814732,0.0038840609252575042,0.00388099566069168,3.0652645658241218e-06,0.00021156540864077574,0.006613108593731057,0.006613234617216208,7.015257635099824e-06,4.409449651951447e-06,
refine_N128_s0,sine,0,128,5,0.1,2019,39980,4.386876122406817e-06,0.006364575648214087,-0.003461686347781115,-0.0034586508967023033,3.0354510788116462e-06,0.00020876155490642866,-1.7224372575274482e-05,-1.715372625186124e-05,2.7702397981469063e-06,-9.549475009779096e-06,2.1721223804253868e-05,0.006764416704564132,0.003461686347781115,0.0034586508967023033,3.0354510788116462e-06,0.00020876155490642866,0.006613108593731057,0.006613234617216208,6.9069164249576065e-06,9.549475009779096e-06,
refine_N128_s0,sine,0,128,5,1.0,2019,39980,3.770571529078579e-06,0.005774750803047427,-0.0014722476640256915,-0.001470017399019266,2.230265006425425e-06,0.0001754587652106437,-1.119279067038343e-05,-1.1140678252101648e-05,2.0566051488415937e-06,-1.5989891061773953e-06,2.1721223804253868e-05,0.00649507938529608,0.0016646875087983348,0.0016646213819812294,2.230265006425425e-06,0.0001754587652106437,0.006613108593731057,0.006613234617216208,5.699573282647339e-06,1.5989891061773953e-06,
refine_N128_s0,sine,0,128,5,10.0,2019,39980,2.6766278072178396e-06,0.004613179549894912,-0.00046640400229647216,-0.00046479445232820715,1.6095499682650116e-06,0.00012187367974699023,-7.857126477504628e-06,-7.821871115775292e-06,1.0726720792814457e-06,-4.196106165546554e-06,2.1721223804253868e-05,0.0060265363836228,0.00046640400229647216,0.00046479445232820715,1.6095499682650116e-06,0.00012187367974699023,0.006613108593731057,0.006613234617216208,3.889411896884563e-06,4.196106165546554e-06,
refine_N128_s0,sine,0,128,5,100.0,2019,39980,3.4086633662093285e-06,0.0052252163156056184,-0.00016598911339339717,-0.00016523572504988093,7.53388343516237e-07,9.713775644927231e-05,1.1411626273615944e-06,1.1379396930044448e-06,2.609056131057369e-06,7.230569596949898e-07,2.1721223804253868e-05,0.005928185137157522,0.0001684852445622831,0.0001677281845994527,7.581673130974131e-07,9.713775644927231e-05,0.006613108593731057,0.006613234617216208,3.6356016924447183e-06,7.230569596949898e-07,
refine_N128_s0,runge,0,128,5,0.0001,2019,39980,1.3043389335872437e-05,0.006205030071008777,-0.00223371735157836,-0.0022392197460019553,5.502394423595458e-06,0.0003626953420005678,2.5438550708610966e-05,2.524385134472761e-05,6.361633555474837e-06,-1.6244957851963004e-06,1.3278929632011113e-05,0.006205030071008777,0.0029447639282785265,0.002945129349025924,5.502394423595458e-06,0.0003626953420005678,0.003061020049382076,0.003061109391197586,6.361633555474837e-06,7.186868564518223e-06,
refine_N128_s0,runge,0,128,5,0.001,2019,39980,1.3045212706966291e-05,0.006204740323908225,-0.0022317094016242878,-0.002237210250149807,5.500848525519242e-06,0.00036269637660937907,2.5430489653006152e-05,2.5235811038279157e-05,6.362253121213524e-06,-1.6240093186625781e-06,1.3278929632011113e-05,0.006204740323908225,0.002942528455432483,0.002942893374232633,5.500848525519242e-06,0.00036269637660937907,0.003061020049382076,0.003061109391197586,6.362253121213524e-06,7.2132349509534954e-06,
refine_N128_s0,runge,0,128,5,0.01,2019,39980,1.3062706323028082e-05,0.006201694182326598,-0.002211841115843813,-0.0022173263971706353,5.4852813268224665e-06,0.0003626927683770897,2.535060308692079e-05,2.5156139314908213e-05,6.368141082077716e-06,-1.6177952789908634e-06,1.3278929632011113e-05,0.006201694182326598,0.0029194968831104118,0.002919873797630451,5.4852813268224665e-06,0.0003626927683770897,0.003061020049382076,0.003061109391197586,6.368141082077716e-06,7.4390914348021475e-06,
refine_N128_s0,runge,0,128,5,0.1,2019,39980,1.317679399212221e-05,0.006160118044630008,-0.002014899356475461,-0.0020202602597480107,5.3609032725498995e-06,0.00036155741313166677,2.4745655625811377e-05,2.455209015142524e-05,6.401703928693338e-06,-4.191429443259342e-06,1.3278929632011113e-05,0.006160118044630008,0.002701919622683277,0.0027022455265961892,5.3609032725498995e-06,0.00036155741313166677,0.003061020049382076,0.003061109391197586,6.401703928693338e-06,6.905746815014102e-06,
refine_N128_s0,runge,0,128,5,1.0,2019,39980,1.2971106213508325e-05,0.005747766839803523,-0.0009590699963698546,-0.0009635063486272966,4.436352257441989e-06,0.0003361404688856872,2.2733412322092092e-05,2.2554953517594202e-05,6.242505231644515e-06,5.328025580023099e-06,1.3278929632011113e-05,0.005747766839803523,0.001560090708314657,0.0015602275964430173,4.436352257441989e-06,0.0003361404688856872,0.003061020049382076,0.003061109391197586,6.242505231644515e-06,5.328025580023099e-06,
refine_N128_s0,runge,0,128,5,10.0,2019,39980,2.180693673782178e-05,0.00752218690326436,0.0006699183278936482,0.0006642520437953187,5.666284098329588e-06,0.0004183870718884254,4.454690489746683e-05,4.4239289003435476e-05,1.2007769702773801e-05,-9.568404547327658e-06,2.180693673782178e-05,0.00752218690326436,0.0006699183278936482,0.0006642520437953187,5.666284098329588e-06,0.0004183870718884254,0.003061020049382076,0.003061109391197586,1.2007769702773801e-05,9.568404547327658e-06,
refine_N128_s0,runge,0,128,5,100.0,2019,39980,0.000986371350504505,0.05057665660213309,0.006457063691542697,0.006396423137441057,6.0640554101640265e-05,0.006320809573292585,0.0003706633047161908,0.00036485141621422906,0.0010579911761739178,-7.867339559666786e-06,0.000986371350504505,0.05057665660213309,0.006457063691542697,0.006396423137441057,6.0640554101640265e-05,0.006320809573292585,0.003061020049382076,0.003061109391197586,0.0010579911761739178,7.867339559666786e-06,39880
refine_N128_s0,moment3,0,128,5,0.0001,2019,39980,1.3436030444806401e-05,0.007524969466517346,0.0023605394456204104,0.0023597433909137017,7.960547067087376e-07,0.0005412495478110313,-2.1777567825857076e-05,-2.1823447306279596e-05,6.0276421480617425e-06,-1.9606215419312734e-05,1.5534466225863587e-05,0.007524969466517346,0.003152578109078416,0.003152657256457983,7.960547067087376e-07,0.0005412495478110313,0.0020805995578162015,0.002080587251278946,6.794861167423984e-06,1.9606215419312734e-05,
refine_N128_s0,moment3,0,128,5,0.001,2019,39980,1.3432665636307906e-05,0.007523475879002288,0.0023581860786349024,0.0023573879458479163,7.981327869860388e-07,0.0005410537622405964,-2.1763251069389395e-05,-2.1809206131219214e-05,6.024328277823463e-06,-1.9611591585380617e-05,1.5529602609822577e-05,0.007523475879002288,0.003150257202446022,0.003150336030367226,7.981327869860388e-07,0.0005410537622405964,0.0020805995578162015,0.002080587251278946,6.790715544504494e-06,1.9611591585380617e-05,
refine_N128_s0,moment3,0,128,5,0.01,2019,39980,1.339972377918424e-05,0.007508802993919441,0.002334803988889106,0.0023339856106072004,8.183782819054519e-07,0.0005391316464722572,-2.1622764712342153e-05,-2.1669460350881254e-05,5.991588260723826e-06,-1.966263885878894e-05,1.548207667444026e-05,0.007508802993919441,0.0031272224304726703,0.003127298107601914,8.183782819054519e-07,0.0005391316464722572,0.0020805995578162015,0.002080587251278946,6.749729514871379e-06,1.966263885878894e-05,
refine_N128_s0,moment3,0,128,5,0.1,2019,39980,1.3130853890006503e-05,0.007384849424451144,0.0021150355280842026,0.0021140584634461584,9.77064638044145e-07,0.0005230030047679042,-2.0446258002082664e-05,-2.0499093545388783e-05,5.699681774882256e-06,9.176024795803928e-06,1.508620691970945e-05,0.007384849424451144,0.0029130370738311012,0.002913089660906698,9.77064638044145e-07,0.0005230030047679042,0.0020805995578162015,0.002080587251278946,6.383885196127588e-06,9.558713924717743e-06,
refine_N128_s0,moment3,0,128,5,1.0,2019,39980,1.2577589594329602e-05,0.007004703023947163,0.0008770334215953274,0.0008761436170641318,8.898045311955816e-07,0.0004747046736810716,-2.0987609558355523e-05,-2.105119527069373e-05,4.418959587894161e-06,-1.0740426338307074e-06,1.3902467775760652e-05,0.007004703023947163,0.00180601867200067,0.0018060745837831932,8.898045311955816e-07,0.0004747046736810716,0.0020805995578162015,0.002080587251278946,4.729798805842435e-06,6.359649724618777e-06,
refine_N128_s0,moment3,0,128,5,10.0,2019,39980,1.8059092616618538e-05,0.009243105305463292,-0.0006137761973414868,-0.0006160950544042698,2.3188570627830085e-06,0.0005215149303755562,-1.3121371390631355e-05,-1.3280754055315845e-05,4.82008806902892e-06,-8.989040557252914e-06,1.8059092616618538e-05,0.009243105305463292,0.0006137761973414868,0.0006160950544042698,2.3188570627830085e-06,0.0005215149303755562,0.0020805995578162015,0.002080587251278946,4.82008806902892e-06,8.989040557252914e-06,
refine_N128_s0,moment3,0,128,5,100.0,2019,39980,0.0002209437239737656,0.029608747511667702,0.0009862178611539235,0.0009607180288996597,2.5499832254263777e-05,0.002572145524009648,0.00011593626739536446,0.00011372241858313025,6.23177156783339e-05,-1.9572752798679982e-05,0.0002209437239737656,0.029608747511667702,0.0009862178611539235,0.0009607180288996597,2.5499832254263777e-05,0.002572145524009648,0.0020805995578162015,0.002080587251278946,6.23177156783339e-05,1.9572752798679982e-05,
refine_N128_s0,moment5,0,128,5,0.0001,2019,39980,1.9347531900772197e-06,0.14021335429522502,0.003407209294947089,0.003407788504843398,5.792098963092185e-07,8.128877529835131e-05,4.7713556474263776e-08,6.284348119376969e-08,2.3441166363161554e-06,-1.232243768106711e-06,1.0579662320278098e-05,0.14021335429522502,0.003407209294947089,0.003407788504843398,5.792098963092185e-07,8.128877529835131e-05,0.0021208317718772814,0.0021207767344679405,4.786314766178767e-06,1.232243768106711e-06,11840
refine_N128_s0,moment5,0,128,5,0.001,2019,39980,1.934020615821797e-06,0.14024076389581974,0.003404644510237656,0.003405223143086375,5.786328487189518e-07,8.125332652376006e-05,4.7872075646232254e-08,6.298905183346758e-08,2.3417723158930093e-06,-1.2344790170926156e-06,1.0579662320278098e-05,0.14024076389581974,0.003404644510237656,0.003405223143086375,5.786328487189518e-07,8.125332652376006e-05,0.0021208317718772814,0.0021207767344679405,4.781657750109257e-06,1.2344790170926156e-06,11820
refine_N128_s0,moment5,0,128,5,0.01,2019,39980,1.92680089054193e-06,0.1405123800825017,0.0033792082521846983,0.0033797812271926797,5.729750079813689e-07,8.090432024792064e-05,4.9425129876061804e-08,6.441500990502189e-08,2.318646646090327e-06,-1.2562641610036618e-06,1.0579662320278098e-05,0.1405123800825017,0.0033792082521846983,0.0033797812271926797,5.729750079813689e-07,8.090432024792064e-05,0.0021208317718772814,0.0021207767344679405,4.735805631926293e-06,1.2562641610036618e-06,11720
refine_N128_s0,moment5,0,128,5,0.1,2019,39980,1.8639918002422419e-06,0.14299375216560833,0.0031491977740177313,0.0031497550911688266,5.573171510953046e-07,7.789249208874563e-05,6.645002342927211e-08,8.109597561551515e-08,2.1154650430752964e-06,-4.293765104287917e-06,1.0579662320278098e-05,0.14299375216560833,0.0031491977740177313,0.0031497550911688266,5.573171510953046e-07,7.789249208874563e-05,0.0021208317718772814,0.0021207767344679405,4.332850256846555e-06,4.293765104287917e-06,10860
refine_N128_s0,moment5,0,128,5,1.0,2019,39980,1.6266797412417495e-06,0.1545022739305939,0.0019509145740490563,0.0019513553639934622,4.407899444058838e-07,6.667542245614768e-05,1.1092963258806196e-07,1.2266639643547489e-07,1.277284808441657e-06,-3.376920115483184e-07,1.0579662320278098e-05,0.1545022739305939,0.0019509145740490563,0.0019513553639934622,4.407899444058838e-07,6.667542245614768e-05,0.0021208317718772814,0.0021207767344679405,2.6502605826271934e-06,3.376920115483184e-07,6380
refine_N128_s0,moment5,0,128,5,10.0,2019,39980,1.504306875275045e-06,0.16053060121326312,0.0004031798358145322,0.0004035952522401104,4.154164255781856e-07,6.045127675590925e-05,1.33107768114694e-07,1.4372795117195736e-07,7.432664634289783e-07,-2.1842645361869195e-07,1.0579662320278098e-05,0.16053060121326312,0.0004031798358145322,0.0004035952522401104,4.154164255781856e-07,6.045127675590925e-05,0.0021208317718772814,0.0021207767344679405,1.5512003921149987e-06,2.1842645361869195e-07,1280
refine_N128_s0,moment5,0,128,5,100.0,2019,39980,1.4824331813152034e-06,0.16069642531424153,5.0403389130815324e-05,5.0817501484348715e-05,4.1411235353339126e-07,5.9442765730842426e-05,1.3648268174890214e-07,1.4720754087840925e-07,1.3095408312388077e-06,-1.310506735754946e-06,1.0579662320278098e-05,0.16075403650367376,5.0403389130815324e-05,5.0817501484348715e-05,4.1411235353339126e-07,5.9442765730842426e-05,0.0021208317718772814,0.0021207767344679405,1.5985259032240634e-06,1.310506735754946e-06,140
refine_N128_s0,moment9,0,128,5,0.0001,2019,39980,7.365904188436063e-08,0.0062066852904466485,0.0033998941375347758,0.0033999123778730156,1.8240338239827736e-08,9.736104185470533e-06,-1.3527249775993408e-07,-1.342964505021103e-07,2.1224042125475905e-06,5.080512602145815e-07,1.0871696177104969e-05,0.006223970178980119,0.0034031805858888015,0.00340317373699002,4.3385466413914386e-08,9.736104185470533e-06,0.0021206845365959754,0.002120620343933546,4.7554422770387325e-06,5.563484965637189e-07,
refine_N128_s0,moment9,0,128,5,0.001,2019,39980,7.356197408057693e-08,0.006204206356745155,0.003397331924987826,0.003397350020171469,1.809518364315199e-08,9.721608965496826e-06,-1.3504851058132213e-07,-1.340743794509742e-07,2.1200296334083985e-06,5.065376399854271e-07,1.0871696177104969e-05,0.00622150364412276,0.0034006144056384635,0.00340060745269892,4.3269295174619415e-08,9.721608965496826e-06,0.0021206845365959754,0.002120620343933546,4.75090936168693e-06,5.557142222917255e-07,
refine_N128_s0,moment9,0,128,5,0.01,2019,39980,7.260637401224282e-08,0.006179743531816672,0.003371920927516134,0.003371937605932601,1.6678416467352797e-08,9.579187335004696e-06,-1.3285277602217812e-07,-1.318974364915124e-07,2.096608688809732e-06,4.917149408062427e-07,1.0871696177104969e-05,0.0061971642784128134,0.0033751644220130356,0.003375156438769983,4.2128162139332126e-08,9.579187335004696e-06,0.0021206845365959754,0.002120620343933546,4.70572377957281e-06,5.494209906753422e-07,
refine_N128_s0,moment9,0,128,5,0.1,2019,39980,6.436097421874794e-08,0.005963778696759995,0.0031418832020415066,0.003141892576749114,9.374707607423538e-09,8.369772229062851e-06,-1.1669680461986699e-07,-1.1588960765933882e-07,1.891141068306946e-06,-6.595618038535145e-07,1.0871696177104969e-05,0.005982419495988615,0.0031448572543537473,0.0031448450125293598,3.2754281259483875e-08,8.369772229062851e-06,0.0021206845365959754,0.002120620343933546,4.305011840634137e-06,6.595618038535145e-07,
refine_N128_s0,moment9,0,128,5,1.0,2019,39980,3.318785508747786e-08,0.005003055594475462,0.00194406023045679,0.0019440486903550547,1.1540101735318942e-08,3.954695250040123e-06,-6.077321676159316e-08,-6.04522627754813e-08,1.0545040262136721e-06,2.558952118536517e-07,1.0871696177104969e-05,0.005037652926119623,0.0019459530119078916,0.0019459312216503627,2.23371992291721e-08,3.954695250040123e-06,0.0021206845365959754,0.002120620343933546,2.630098617858479e-06,2.558952118536517e-07,
refine_N128_s0,moment9,0,128,5,10.0,2019,39980,1.4857704196235807e-08,0.004103984419743739,0.0003963463167357406,0.00039634628971281505,2.7022925563890965e-11,1.0149928162985723e-06,-3.810938294201833e-08,-3.7978640020326326e-08,5.061459155097603e-07,6.547415408453272e-08,1.0871696177104969e-05,0.004222983702081953,0.0003978045367186156,0.0003977994644439875,5.11117528856353e-09,1.0149928162985723e-06,0.0021206845365959754,0.002120620343933546,1.5365243894891002e-06,6.547415408453272e-08,
refine_N128_s0,moment9,0,128,5,100.0,2019,39980,1.1441240029655638e-08,0.003823782257628467,4.361863127914922e-05,4.362224677459392e-05,3.615495444697636e-09,5.213118530363462e-07,-3.405223881024531e-08,-3.394997358371982e-08,3.9043597574258664e-07,-2.088448659842701e-08,1.0871696177104969e-05,0.004080924820058529,4.499618920135451e-05,4.4995553613008665e-05,3.615495444697636e-09,5.213118530363462e-07,0.0021206845365959754,0.002120620343933546,1.5929836309499828e-06,2.088448659842701e-08,
refine_N128_s0,sine,0,128,7,0.0001,2019,39980,2.5812318088942835e-07,0.00037329472282770034,-0.003934103097392769,-0.003934260730778696,1.5763338592766907e-07,1.248376782423877e-05,-1.783405483326602e-05,-1.7837608528012094e-05,1.543806363025769e-07,-1.9499691487900872e-07,9.893879084801472e-07,0.00040159674687666717,0.003934103097392769,0.003934260730778696,1.5763338592766907e-07,1.248376782423877e-05,0.006613108593731057,0.006613104984361879,3.2733698353951587e-07,1.9499691487900872e-07,
refine_N128_s0,sine,0,128,7,0.001,2019,39980,2.580582960857731e-07,0.0003732053183172703,-0.0039294781725077305,-0.003929635703229753,1.5753072202251417e-07,1.2480294756862699e-05,-1.7817277513200983e-05,-1.7820829243975877e-05,1.543281940765496e-07,-1.9492595113024258e-07,9.893879084801472e-07,0.00040153440345768506,0.0039294781725077305,0.003929635703229753,1.5753072202251417e-07,1.2480294756862699e-05,0.006613108593731057,0.006613104984361879,3.2726822887172345e-07,1.9492595113024258e-07,
refine_N128_s0,sine,0,128,7,0.01,2019,39980,2.574033837570788e-07,0.00037230996403254447,-0.0038840609252575042,-0.003884217429314371,1.5650405686684632e-07,1.2445299280539931e-05,-1.765019131062719e-05,-1.7653723331725756e-05,1.5379615341525841e-07,-1.9419545721488518e-07,9.893879084801472e-07,0.00040090680947978775,0.0038840609252575042,0.003884217429314371,1.5650405686684632e-07,1.2445299280539931e-05,0.006613108593731057,0.006613104984361879,3.265676391168721e-07,1.9419545721488518e-07,
refine_N128_s0,sine,0,128,7,0.1,2019,39980,2.504403993023543e-07,0.0003633443986684249,-0.003461686347781115,-0.0034618392522515196,1.529044704046134e-07,1.2077894917354702e-05,-1.7224372575274482e-05,-1.722782629820909e-05,1.479167597835783e-07,4.1709941857315247e-07,9.893879084801472e-07,0.00039434487770331663,0.003461686347781115,0.0034618392522515196,1.529044704046134e-07,1.2077894917354702e-05,0.006613108593731057,0.006613104984361879,3.1856379867312446e-07,4.1709941857315247e-07,
refine_N128_s0,sine,0,128,7,1.0,2019,39980,1.9459231926978155e-07,0.00029802435607013614,-0.0014722476640256915,-0.0014723535637143348,1.0589968864327393e-07,9.208135353145144e-06,-1.119279067038343e-05,-1.1195207280487014e-05,9.698682323148972e-08,1.2718517061749424e-07,9.893879084801472e-07,0.00034370443861234833,0.0016646875087983348,0.00166469114672059,1.0589968864327393e-07,9.208135353145144e-06,0.006613108593731057,0.006613104984361879,2.397079470960606e-07,1.2718517061749424e-07,
refine_N128_s0,sine,0,128,7,10.0,2019,39980,1.230112505549182e-07,0.0002120104199533049,-0.00046640400229647216,-0.00046647251874017137,6.851644369920695e-08,5.704837947558851e-06,-7.857126477504628e-06,-7.858610898693551e-06,4.236257809429754e-08,1.4772760389969442e-07,9.893879084801472e-07,0.00028600931192665653,0.00046640400229647216,0.00046647251874017137,6.851644369920695e-08,5.704837947558851e-06,0.006613108593731057,0.006613104984361879,1.409209091915051e-07,1.4772760389969442e-07,
refine_N128_s0,sine,0,128,7,100.0,2019,39980,1.4386046872610118e-07,0.00022052693023607103,-0.00016598911339339717,-0.0001660206165153416,3.1503121944442825e-08,4.186565930063595e-06,1.1411626273615944e-06,1.1412933335313849e-06,1.1834321844217501e-07,-2.559210508790155e-08,9.893879084801472e-07,0.0002755281007435402,0.0001684852445622831,0.00016851689190314212,3.169443722750298e-08,4.186565930063595e-06,0.006613108593731057,0.006613104984361879,1.271351645768861e-07,2.559210508790155e-08,
refine_N128_s0,runge,0,128,7,0.0001,2019,39980,1.021150771845839e-06,0.00048578410742605016,-0.00223371735157836,-0.0022333728414244552,3.4451015390457584e-07,2.612131556441395e-05,2.5438550708610966e-05,2.5451491238702315e-05,4.0267271715006925e-07,2.560949596136508e-07,1.021150771845839e-06,0.00048578410742605016,0.0029447639282785265,0.002944743249062784,3.4451015390457584e-07,2.612131556441395e-05,0.003061020049382076,0.0030610174275460013,4.0267271715006925e-07,2.560949596136508e-07,
refine_N128_s0,runge,0,128,7,0.001,2019,39980,1.0211334096208887e-06,0.0004856852690014934,-0.0022317094016242878,-0.002231365014229894,3.4438739439368593e-07,2.6116407287730965e-05,2.5430489653006152e-05,2.544342797465091e-05,4.026777084335079e-07,2.5614446103050525e-07,1.0211334096208887e-06,0.0004856852690014934,0.002942528455432483,0.002942507775482925,3.4438739439368593e-07,2.6116407287730965e-05,0.003061020049382076,0.0030610174275460013,4.026777084335079e-07,2.5614446103050525e-07,
refine_N128_s0,runge,0,128,7,0.01,2019,39980,1.0209007582347724e-06,0.00048468626152269886,-0.002211841115843813,-0.0022114979627409076,3.4315310290522483e-07,2.6066519941976234e-05,2.535060308692079e-05,2.5363518760487828e-05,4.027049062830947e-07,2.5655175377170547e-07,1.0209007582347724e-06,0.00048468626152269886,0.0029194968831104118,0.0029194753315132382,3.4315310290522483e-07,2.6066519941976234e-05,0.003061020049382076,0.0030610174275460013,4.027049062830947e-07,2.5655175377170547e-07,
refine_N128_s0,runge,0,128,7,0.1,2019,39980,1.0139766664697234e-06,0.000474031540880752,-0.002014899356475461,-0.002014565945764643,3.3341071081771645e-07,2.551277337066577e-05,2.4745655625811377e-05,2.475843972907195e-05,4.0116747263887e-07,3.4729546102840736e-07,1.0139766664697234e-06,0.000474031540880752,0.002701919622683277,0.0027019011775294838,3.3341071081771645e-07,2.551277337066577e-05,0.003061020049382076,0.0030610174275460013,4.0116747263887e-07,3.4729546102840736e-07,
refine_N128_s0,runge,0,128,7,1.0,2019,39980,8.99919492739543e-07,0.00039877303706559717,-0.0009590699963698546,-0.0009588090782396835,2.609181301710395e-07,2.121563557822623e-05,2.2733412322092092e-05,2.2744518425976902e-05,3.6298667364972197e-07,-3.028252922449015e-07,8.99919492739543e-07,0.00039877303706559717,0.001560090708314657,0.0015600832198548464,2.609181301710395e-07,2.121563557822623e-05,0.003061020049382076,0.0030610174275460013,3.6298667364972197e-07,3.028252922449015e-07,
refine_N128_s0,runge,0,128,7,10.0,2019,39980,1.3982227230768038e-06,0.00048230949545211276,0.0006699183278936482,0.0006702170263347684,2.9869844112018207e-07,2.437523335216642e-05,4.454690489746683e-05,4.456427845685889e-05,6.364082085959085e-07,3.0808851564367856e-07,1.3982227230768038e-06,0.00048230949545211276,0.0006699183278936482,0.0006702170263347684,2.9869844112018207e-07,2.437523335216642e-05,0.003061020049382076,0.0030610174275460013,6.364082085959085e-07,3.0808851564367856e-07,
refine_N128_s0,runge,0,128,7,100.0,2019,39980,0.00014279287032109515,0.007321771829411997,0.006457063691542697,0.006461900672402404,4.836980859707074e-06,0.0006616299713855302,0.0003706633047161908,0.00037136227892618095,0.00011860709965682024,5.253964070334183e-07,0.00014279287032109515,0.007321771829411997,0.006457063691542697,0.006461900672402404,4.836980859707074e-06,0.0006616299713855302,0.003061020049382076,0.0030610174275460013,0.00011860709965682024,5.253964070334183e-07,
refine_N128_s0,moment3,0,128,7,0.0001,2019,39980,9.17567083925308e-07,0.0005138916823970318,0.0023605394456204104,0.0023606758910020564,1.3644538164603315e-07,3.589515761402874e-05,-2.1777567825857076e-05,-2.1772340328283212e-05,2.9696366341602926e-07,1.1556702299436727e-06,9.961143661303525e-07,0.0005138916823970318,0.003152578109078416,0.0031525869075084284,1.3644538164603315e-07,3.589515761402874e-05,0.0020805995578162015,0.002080599845868987,3.2662840562436444e-07,1.1556702299436727e-06,
refine_N128_s0,moment3,0,128,7,0.001,2019,39980,9.171758381523191e-07,0.0005136992524023924,0.0023581860786349024,0.002358322570857871,1.364922229685206e-07,3.5874300820755495e-05,-2.1763251069389395e-05,-2.175802120669325e-05,2.9674953767894685e-07,1.15533020093872e-06,9.955379891111228e-07,0.0005136992524023924,0.003150257202446022,0.0031502660090579337,1.364922229685206e-07,3.5874300820755495e-05,0.0020805995578162015,0.002080599845868987,3.263457041586718e-07,1.15533020093872e-06,
refine_N128_s0,moment3,0,128,7,0.01,2019,39980,9.133452514612356e-07,0.0005118112635506688,0.002334803988889106,0.0023349409250617015,1.3693617259558089e-07,3.5669860522624424e-05,-2.1622764712342153e-05,-2.1617511905116444e-05,2.94642472154248e-07,1.1519063226883564e-06,9.898715392075305e-07,0.0005118112635506688,0.0031272224304726703,0.003127231234902314,1.3693617259558089e-07,3.5669860522624424e-05,0.0020805995578162015,0.002080599845868987,3.235621900363151e-07,1.1519063226883564e-06,
refine_N128_s0,moment3,0,128,7,0.1,2019,39980,8.819678558132814e-07,0.0004960225638748536,0.0021150355280842026,0.0021151750242817263,1.3949619752373632e-07,3.3976736936562156e-05,-2.0446258002082664e-05,-2.0440831402655205e-05,2.765006273380401e-07,-6.109391639946837e-07,9.429327862753421e-07,0.0004960225638748536,0.0029130370738311012,0.0029130454389997423,1.3949619752373632e-07,3.3976736936562156e-05,0.0020805995578162015,0.002080599845868987,2.9946838984457846e-07,6.109391639946837e-07,
refine_N128_s0,moment3,0,128,7,1.0,2019,39980,8.041514262072617e-07,0.0004478474897451658,0.0008770334215953274,0.000877144840499347,1.114189040196667e-07,2.9091987223962965e-05,-2.0987609558355523e-05,-2.0982223568048535e-05,2.0826402554550918e-07,-1.96552315659404e-07,8.041514262072617e-07,0.0004478474897451658,0.00180601867200067,0.0018060201553468103,1.114189040196667e-07,2.9091987223962965e-05,0.0020805995578162015,0.002080599845868987,2.0826402554550918e-07,1.96552315659404e-07,
refine_N128_s0,moment3,0,128,7,10.0,2019,39980,1.165444351305117e-06,0.0005965042151042253,-0.0006137761973414868,-0.0006135995047046039,1.766926368829136e-07,3.205302538704356e-05,-1.3121371390631355e-05,-1.3110814360687493e-05,2.580071335211218e-07,4.239793763433086e-07,1.165444351305117e-06,0.0005965042151042253,0.0006137761973414868,0.0006135995047046039,1.766926368829136e-07,3.205302538704356e-05,0.0020805995578162015,0.002080599845868987,2.580071335211218e-07,4.239793763433086e-07,
refine_N128_s0,moment3,0,128,7,100.0,2019,39980,1.5956230700040158e-05,0.0021383001858496183,0.0009862178611539235,0.0009878183872411156,1.600526087192078e-06,0.00017421621033628036,0.00011593626739536446,0.00011608128673596782,4.080895425876373e-06,1.0549128633130511e-06,1.5956230700040158e-05,0.0021383001858496183,0.0009862178611539235,0.0009878183872411156,1.600526087192078e-06,0.00017421621033628036,0.0020805995578162015,0.002080599845868987,4.080895425876373e-06,1.0549128633130511e-06,
refine_N128_s0,moment5,0,128,7,0.0001,2019,39980,2.0043365276670994e-07,0.014525612316960772,0.003407209294947089,0.003407185501843407,2.3793103681724048e-08,8.154097755053198e-06,4.7713556474263776e-08,4.71053614196848e-08,1.1898875177770369e-07,1.1517786364934057e-07,4.199189120570518e-07,0.014525612316960772,0.003407209294947089,0.003407185501843407,2.3793103681724048e-08,8.154097755053198e-06,0.0021208317718772814,0.0021208334018865396,1.6227411246696243e-07,1.1517786364934057e-07,
refine_N128_s0,moment5,0,128,7,0.001,2019,39980,2.0030156860969885e-07,0.014524377228222581,0.003404644510237656,0.0034046207570093134,2.375322834258231e-08,8.148677190633192e-06,4.7872075646232254e-08,4.726481023443526e-08,1.1886153927149582e-07,1.1533739760483108e-07,4.199189120570518e-07,0.014524377228222581,0.003404644510237656,0.0034046207570093134,2.375322834258231e-08,8.148677190633192e-06,0.0021208317718772814,0.0021208334018865396,1.6209293071455411e-07,1.1533739760483108e-07,
refine_N128_s0,moment5,0,128,7,0.01,2019,39980,1.9900495618275022e-07,0.01451248033915297,0.0033792082521846983,0.0033791848880746628,2.3364110035561936e-08,8.095468003779539e-06,4.9425129876061804e-08,4.882693771174975e-08,1.1760935336856196e-07,1.1688893337968853e-07,4.199189120570518e-07,0.01451248033915297,0.0033792082521846983,0.0033791848880746628,2.3364110035561936e-08,8.095468003779539e-06,0.0021208317718772814,0.0021208334018865396,1.602913471350267e-07,1.1688893337968853e-07,
refine_N128_s0,moment5,0,128,7,0.1,2019,39980,1.8812513543836429e-07,0.01443177968352596,0.0031491977740177313,0.003149175300324769,2.2473692962154956e-08,7.649004535691095e-06,6.645002342927211e-08,6.586929695122038e-08,1.0680674486033035e-07,3.2003307616490506e-07,4.199189120570518e-07,0.01443177968352596,0.0031491977740177313,0.003149175300324769,2.2473692962154956e-08,7.649004535691095e-06,0.0021208317718772814,0.0021208334018865396,1.4473883331529567e-07,3.2003307616490506e-07,
refine_N128_s0,moment5,0,128,7,1.0,2019,39980,1.5418948759559434e-07,0.014644939532797698,0.0019509145740490563,0.001950897688545214,1.6885503842378746e-08,6.242877254713104e-06,1.1092963258806196e-07,1.1048342161921552e-07,6.522826149705733e-08,3.7587725057464105e-08,4.199189120570518e-07,0.014644939532797698,0.0019509145740490563,0.001950897688545214,1.6885503842378746e-08,6.242877254713104e-06,0.0021208317718772814,0.0021208334018865396,8.314521198067588e-08,3.7587725057464105e-08,
refine_N128_s0,moment5,0,128,7,10.0,2019,39980,1.41297321360102e-07,0.015078402100378342,0.0004031798358145322,0.0004031622539895502,1.758182498201588e-08,5.669267469396186e-06,1.33107768114694e-07,1.3265709923906447e-07,4.389671246437194e-08,2.4094674019869977e-08,4.199189120570518e-07,0.015094032104101731,0.0004031798358145322,0.0004031622539895502,1.758182498201588e-08,5.669267469396186e-06,0.0021208317718772814,0.0021208334018865396,4.962913307539995e-08,2.4094674019869977e-08,
refine_N128_s0,moment5,0,128,7,100.0,2019,39980,1.3861305522879192e-07,0.015025717690284376,5.0403389130815324e-05,5.038545629536262e-05,1.7932835452705298e-08,5.571134165557497e-06,1.3648268174890214e-07,1.3600658948295918e-07,1.296877943244421e-07,1.0792212055965589e-07,4.199189120570518e-07,0.015108722777400574,5.0403389130815324e-05,5.038545629536262e-05,1.7932835452705298e-08,5.571134165557497e-06,0.0021208317718772814,0.0021208334018865396,1.296877943244421e-07,1.0792212055965589e-07,
refine_N128_s0,moment9,0,128,7,0.0001,2019,39980,3.6902214840241262e-09,0.00031094680052097935,0.0033998941375347758,0.003399892116337233,2.0211975426676076e-09,4.3245725665410165e-07,-1.3527249775993408e-07,-1.353227181324678e-07,9.650887512124138e-08,-1.5002133008090723e-08,4.5554374590718694e-07,0.0003119393796393398,0.0034031805858888015,0.00340317985693879,2.3096345391770967e-09,4.3245725665410165e-07,0.0021206845365959754,0.002120686606566576,1.6416769523298308e-07,1.688625431151003e-08,
refine_N128_s0,moment9,0,128,7,0.001,2019,39980,3.6843908729824215e-09,0.00031074099846549545,0.003397331924987826,0.003397329911397101,2.013590724714298e-09,4.317125830587687e-07,-1.3504851058132213e-07,-1.35098629125158e-07,9.638561941948705e-08,-1.495049803401649e-08,4.5554374590718694e-07,0.0003117337735526848,0.0034006144056384635,0.0034006136816969595,2.3037192986574695e-09,4.317125830587687e-07,0.0021206845365959754,0.002120686606566576,1.6399278920915955e-07,1.6865048843572872e-08,
refine_N128_s0,moment9,0,128,7,0.01,2019,39980,3.6271549971009083e-09,0.00030871790441499365,0.003371920927516134,0.0033719189882344125,1.939281721319297e-09,4.244151214860621e-07,-1.3285277602217812e-07,-1.3290189755952996e-07,9.517191826722023e-08,-1.4445835069820667e-08,4.5554374590718694e-07,0.00030971266834188847,0.0033751644220130356,0.0033751637516937077,2.245713032200669e-09,4.244151214860621e-07,0.0021206845365959754,0.002120686606566576,1.6225136592651806e-07,1.6654798831727824e-08,
refine_N128_s0,moment9,0,128,7,0.1,2019,39980,3.1456147928348235e-09,0.0002914771057684958,0.0031418832020415066,0.00314188173857112,1.463470386542376e-09,3.6389447347613923e-07,-1.1669680461986699e-07,-1.1673813159039061e-07,8.467643377210994e-08,2.1071378017434306e-08,4.5554374590718694e-07,0.00029249380073937255,0.0031448572543537473,0.003144856898632184,1.7689804898690653e-09,3.6389447347613923e-07,0.0021206845365959754,0.002120686606566576,1.4692184898998111e-07,2.1071378017434306e-08,
refine_N128_s0,moment9,0,128,7,1.0,2019,39980,1.5160699640221787e-09,0.0002285469276373715,0.00194406023045679,0.0019440601387772233,9.167956671607413e-11,1.6554611074730945e-07,-6.077321676159316e-08,-6.078992848217203e-08,4.4374872898363446e-08,-7.47443094917255e-09,4.5554374590718694e-07,0.00023009214924992721,0.0019459530119078916,0.0019459534539751494,4.761083749471595e-10,1.6554611074730945e-07,0.0021206845365959754,0.002120686606566576,8.499066611067656e-08,7.47443094917255e-09,
refine_N128_s0,moment9,0,128,7,10.0,2019,39980,7.040354817698483e-10,0.00019446817691135955,0.0003963463167357406,0.00039634615751722724,1.592185133736379e-10,4.605884993333044e-08,-3.810938294201833e-08,-3.811677237337605e-08,1.9616596655750686e-08,-2.2706875268951876e-09,4.5554374590718694e-07,0.00019920463933519064,0.0003978045367186156,0.00039780466217138877,1.592185133736379e-10,4.605884993333044e-08,0.0021206845365959754,0.002120686606566576,4.486092072689485e-08,2.2706875268951876e-09,
refine_N128_s0,moment9,0,128,7,100.0,2019,39980,5.817356651291162e-10,0.00019442215259750666,4.361863127914922e-05,4.3618399756265025e-05,2.3152288419758804e-10,2.5747285843730922e-08,-3.405223881024531e-08,-3.405828326121239e-08,1.4706627129649944e-08,8.457076150492071e-10,4.5554374590718694e-07,0.00019892602680866755,4.499618920135451e-05,4.49962056583153e-05,2.3152288419758804e-10,2.5747285843730922e-08,0.0021206845365959754,0.002120686606566576,4.5464988868077686e-08,8.457076150492071e-10,
