target,seed,start,eta,width,nref,halo,target_scale,source_index,amplitude,pulse_status,reference_baseline_index,pulse_objective,parent_source_index,cohort,arm,kappa,nu,h,model,horizon,supported,surrogate_failed,actual_failed,truncated,actual_norm,error_norm,relative_error,actual_mean_lambda,predicted_mean_lambda
moment5,32,20000,0.002,177,128,24,1.0,1,0.01,resolved,0,increase_intrinsic_k,0,confirmation,natural,1.0,1.0,0.015625,anchored_fine,1,True,False,False,False,5.242874803842364e-09,5.260079949549345e-09,1.0032816243665348,1.656706013333208e-12,-8.156684025681653e-15
moment5,32,20000,0.002,177,128,24,1.0,2,-0.01,resolved,0,decrease_intrinsic_k,0,confirmation,natural,1.0,1.0,0.015625,anchored_fine,1,True,False,False,False,5.02657472525053e-09,5.04512951161314e-09,1.0036913380138173,1.5292982466672806e-12,-8.07793618610989e-15
moment5,32,20000,0.002,177,128,24,1.0,3,0.005,resolved,0,increase_intrinsic_k,0,confirmation,natural,1.0,1.0,0.015625,anchored_fine,1,True,False,False,False,1.2966861612169995e-09,1.3010652074697795e-09,1.0033771057205316,4.061231668598952e-13,-2.0340397286809156e-15
moment5,32,20000,0.002,177,128,24,1.0,4,-0.005,resolved,0,decrease_intrinsic_k,0,confirmation,natural,1.0,1.0,0.015625,anchored_fine,1,True,False,False,False,1.2696516383326307e-09,1.2742013676564339e-09,1.0035834469758793,3.9019637503638097e-13,-2.024054004625269e-15
moment5,32,20000,0.002,177,128,24,1.0,5,0.0025,resolved,0,increase_intrinsic_k,0,confirmation,natural,1.0,1.0,0.015625,anchored_fine,1,True,False,False,False,3.2244980432798045e-10,3.2355441853397894e-10,1.0034256935224402,1.0052969999414916e-13,-5.079004417169622e-16
moment5,32,20000,0.002,177,128,24,1.0,6,-0.0025,resolved,0,decrease_intrinsic_k,0,confirmation,natural,1.0,1.0,0.015625,anchored_fine,1,True,False,False,False,3.190705961067376e-10,3.2019745083856624e-10,1.0035316783983808,9.853884187112536e-14,-5.065811376538964e-16
mixed_sine,32,20000,0.002,177,128,24,0.8100925873009825,8,0.01,resolved,7,increase_intrinsic_k,1,confirmation,natural,1.0,1.0,0.015625,anchored_fine,1,True,False,False,False,9.216573225711396e-09,9.085114950194989e-09,0.9857367513611589,3.3364123636901038e-12,3.4946285408787417e-14
mixed_sine,32,20000,0.002,177,128,24,0.8100925873009825,9,-0.01,resolved,7,decrease_intrinsic_k,1,confirmation,natural,1.0,1.0,0.015625,anchored_fine,1,True,False,False,False,9.404346238112857e-09,9.259354666157235e-09,0.984582493212764,3.391158542602605e-12,3.573303971097257e-14
mixed_sine,32,20000,0.002,177,128,24,0.8100925873009825,10,0.005,resolved,7,increase_intrinsic_k,1,confirmation,natural,1.0,1.0,0.015625,anchored_fine,1,True,False,False,False,2.31591430349376e-09,2.282471999285194e-09,0.9855597833831263,8.37570415063956e-13,8.671644979920159e-15
mixed_sine,32,20000,0.002,177,128,24,0.8100925873009825,11,-0.005,resolved,7,decrease_intrinsic_k,1,confirmation,natural,1.0,1.0,0.015625,anchored_fine,1,True,False,False,False,2.33938870879105e-09,2.3037012258746693e-09,0.9847449537640869,8.4441432299943e-13,9.00077259070136e-15
mixed_sine,32,20000,0.002,177,128,24,0.8100925873009825,12,0.0025,resolved,7,increase_intrinsic_k,1,confirmation,natural,1.0,1.0,0.015625,anchored_fine,1,True,False,False,False,5.804479734235724e-10,5.720865413559187e-10,0.9855948638801568,2.0982320690966363e-13,2.1308665629109244e-15
mixed_sine,32,20000,0.002,177,128,24,0.8100925873009825,13,-0.0025,resolved,7,decrease_intrinsic_k,1,confirmation,natural,1.0,1.0,0.015625,anchored_fine,1,True,False,False,False,5.833823616211928e-10,5.744637070347721e-10,0.9847121627715378,2.1067872341350385e-13,2.2874001370492887e-15
gauss_left,32,20000,0.002,177,128,24,0.3713011646461742,15,0.01,resolved,14,increase_intrinsic_k,2,confirmation,natural,1.0,1.0,0.015625,anchored_fine,1,True,False,False,False,1.197187789131577e-08,5.769020400403818e-09,0.48188099250398997,-2.7730870515182284e-12,-8.778724991586643e-13
gauss_left,32,20000,0.002,177,128,24,0.3713011646461742,16,-0.01,resolved,14,decrease_intrinsic_k,2,confirmation,natural,1.0,1.0,0.015625,anchored_fine,1,True,False,False,False,1.2124069708831557e-08,6.150089580039982e-09,0.5072628026511644,-2.8552875973784856e-12,-8.681967106029961e-13
gauss_left,32,20000,0.002,177,128,24,0.3713011646461742,17,0.005,resolved,14,increase_intrinsic_k,2,confirmation,natural,1.0,1.0,0.015625,anchored_fine,1,True,False,False,False,3.003068755967608e-09,1.4722164858250929e-09,0.4902373556714439,-6.985424768187965e-13,-2.2018824093298507e-13
gauss_left,32,20000,0.002,177,128,24,0.3713011646461742,18,-0.005,resolved,14,decrease_intrinsic_k,2,confirmation,natural,1.0,1.0,0.015625,anchored_fine,1,True,False,False,False,3.0220905532516148e-09,1.5510806658277366e-09,0.5132475809365981,-7.088175010821833e-13,-2.1634276131303795e-13
gauss_left,32,20000,0.002,177,128,24,0.3713011646461742,19,0.0025,resolved,14,increase_intrinsic_k,2,confirmation,natural,1.0,1.0,0.015625,anchored_fine,1,True,False,False,False,7.519927513738029e-10,3.864771197937556e-10,0.5139372940599587,-1.7528613552170267e-13,-5.54661508305156e-14
gauss_left,32,20000,0.002,177,128,24,0.3713011646461742,20,-0.0025,resolved,14,decrease_intrinsic_k,2,confirmation,natural,1.0,1.0,0.015625,anchored_fine,1,True,False,False,False,7.543703710488485e-10,4.109415710382315e-10,0.5447477615894082,-1.7657049148391443e-13,-5.3667453032938323e-14
bump_right,32,20000,0.002,177,128,24,0.32889495195335533,22,0.01,resolved,21,increase_intrinsic_k,3,confirmation,natural,1.0,1.0,0.015625,anchored_fine,1,True,False,False,False,1.0295054031866348e-08,5.115817108231089e-09,0.49691988914250146,-2.4159362444970244e-12,-8.708663570216071e-13
bump_right,32,20000,0.002,177,128,24,0.32889495195335533,23,-0.01,resolved,21,decrease_intrinsic_k,3,confirmation,natural,1.0,1.0,0.015625,anchored_fine,1,True,False,False,False,1.0436426893451205e-08,5.388723887140916e-09,0.5163380093739082,-2.488154657836183e-12,-8.707568875363132e-13
bump_right,32,20000,0.002,177,128,24,0.32889495195335533,24,0.005,resolved,21,increase_intrinsic_k,3,confirmation,natural,1.0,1.0,0.015625,anchored_fine,1,True,False,False,False,2.5833180231820534e-09,1.294175950848198e-09,0.5009743048415196,-6.086523189891518e-13,-2.1777053727671856e-13
bump_right,32,20000,0.002,177,128,24,0.32889495195335533,25,-0.005,resolved,21,decrease_intrinsic_k,3,confirmation,natural,1.0,1.0,0.015625,anchored_fine,1,True,False,False,False,2.600988468887511e-09,1.3388049998122467e-09,0.5147293099630225,-6.176796302610389e-13,-2.1765904716322333e-13
bump_right,32,20000,0.002,177,128,24,0.32889495195335533,26,0.0025,resolved,21,increase_intrinsic_k,3,confirmation,natural,1.0,1.0,0.015625,anchored_fine,1,True,False,False,False,6.469788390053104e-10,3.2726367040649726e-10,0.5058336543273111,-1.5273694854580065e-13,-5.446088619469807e-14
bump_right,32,20000,0.002,177,128,24,0.32889495195335533,27,-0.0025,resolved,21,decrease_intrinsic_k,3,confirmation,natural,1.0,1.0,0.015625,anchored_fine,1,True,False,False,False,6.491876094012483e-10,3.3802166355715735e-10,0.520684096033376,-1.5386536378994016e-13,-5.4398002717539745e-14
step_right,32,20000,0.002,177,128,24,0.9636241118102141,29,0.01,resolved,28,increase_intrinsic_k,4,confirmation,natural,1.0,1.0,0.015625,anchored_fine,1,True,False,False,False,1.915451317736085e-08,1.0348600041062778e-08,0.540269540929603,-5.530282901565762e-12,-7.168081593762478e-13
step_right,32,20000,0.002,177,128,24,0.9636241118102141,30,-0.01,resolved,28,decrease_intrinsic_k,4,confirmation,natural,1.0,1.0,0.015625,anchored_fine,1,True,False,False,False,1.9404948066958845e-08,1.0993608430071554e-08,0.5665363489836167,-5.890439776278288e-12,-7.717981798748504e-13
step_right,32,20000,0.002,177,128,24,0.9636241118102141,31,0.005,resolved,28,increase_intrinsic_k,4,confirmation,natural,1.0,1.0,0.015625,anchored_fine,1,True,False,False,False,4.805405117959189e-09,2.6342734037815766e-09,0.5481896612496905,-1.4053177967021717e-12,-1.7886583695271586e-13
step_right,32,20000,0.002,177,128,24,0.9636241118102141,32,-0.005,resolved,28,decrease_intrinsic_k,4,confirmation,natural,1.0,1.0,0.015625,anchored_fine,1,True,False,False,False,4.8366855692436915e-09,2.7149201239602025e-09,0.5613183005371036,-1.4503387101130638e-12,-1.9334267291505529e-13
step_right,32,20000,0.002,177,128,24,0.9636241118102141,33,0.0025,resolved,28,increase_intrinsic_k,4,confirmation,natural,1.0,1.0,0.015625,anchored_fine,1,True,False,False,False,1.2033762679813149e-09,6.701008842467155e-10,0.5568506726252975,-3.5415809806355715e-13,-4.372248536969945e-14
step_right,32,20000,0.002,177,128,24,0.9636241118102141,34,-0.0025,resolved,28,decrease_intrinsic_k,4,confirmation,natural,1.0,1.0,0.015625,anchored_fine,1,True,False,False,False,1.2072855679731893e-09,6.801988648602389e-10,0.5634117419312549,-3.597857593914194e-13,-4.9333178550722565e-14
kink_abs,32,20000,0.002,177,128,24,0.6214766720163144,36,0.01,resolved,35,increase_intrinsic_k,5,confirmation,natural,1.0,1.0,0.015625,anchored_fine,1,True,False,False,False,1.131141926234061e-08,5.032829740311077e-09,0.44493353341317676,-1.6556722808627761e-12,-6.279035842090155e-13
kink_abs,32,20000,0.002,177,128,24,0.6214766720163144,37,-0.01,resolved,35,decrease_intrinsic_k,5,confirmation,natural,1.0,1.0,0.015625,anchored_fine,1,True,False,False,False,1.1333075833670677e-08,5.148194038098701e-09,0.4542627362294151,-1.7130690752442642e-12,-6.491076768205952e-13
kink_abs,32,20000,0.002,177,128,24,0.6214766720163144,38,0.005,resolved,35,increase_intrinsic_k,5,confirmation,natural,1.0,1.0,0.015625,anchored_fine,1,True,False,False,False,2.8295724501604703e-09,1.28006966109993e-09,0.45238978101703486,-4.1755323345587655e-13,-1.5709524604527627e-13
kink_abs,32,20000,0.002,177,128,24,0.6214766720163144,39,-0.005,resolved,35,decrease_intrinsic_k,5,confirmation,natural,1.0,1.0,0.015625,anchored_fine,1,True,False,False,False,2.8322747806572463e-09,1.2749006426520903e-09,0.4501331055019464,-4.2472793339316006e-13,-1.621863912967362e-13
kink_abs,32,20000,0.002,177,128,24,0.6214766720163144,40,0.0025,resolved,35,increase_intrinsic_k,5,confirmation,natural,1.0,1.0,0.015625,anchored_fine,1,True,False,False,False,7.075846917259949e-10,3.2930951378417295e-10,0.46539943223036084,-1.0483972881864833e-13,-3.8982820373381143e-14
kink_abs,32,20000,0.002,177,128,24,0.6214766720163144,41,-0.0025,resolved,35,decrease_intrinsic_k,5,confirmation,natural,1.0,1.0,0.015625,anchored_fine,1,True,False,False,False,7.079223359284026e-10,3.1905242789904155e-10,0.45068846073435614,-1.0573656254641728e-13,-4.083939531970071e-14
moment5,32,20000,0.002,177,128,24,1.0,1,0.01,resolved,0,increase_intrinsic_k,0,confirmation,natural,1.0,1.0,0.015625,anchored_full,1,True,False,False,False,5.242874803842364e-09,0.0,0.0,1.656706013333208e-12,1.656706013333208e-12
moment5,32,20000,0.002,177,128,24,1.0,2,-0.01,resolved,0,decrease_intrinsic_k,0,confirmation,natural,1.0,1.0,0.015625,anchored_full,1,True,False,False,False,5.02657472525053e-09,0.0,0.0,1.5292982466672806e-12,1.5292982466672806e-12
moment5,32,20000,0.002,177,128,24,1.0,3,0.005,resolved,0,increase_intrinsic_k,0,confirmation,natural,1.0,1.0,0.015625,anchored_full,1,True,False,False,False,1.2966861612169995e-09,0.0,0.0,4.061231668598952e-13,4.061231668598952e-13
moment5,32,20000,0.002,177,128,24,1.0,4,-0.005,resolved,0,decrease_intrinsic_k,0,confirmation,natural,1.0,1.0,0.015625,anchored_full,1,True,False,False,False,1.2696516383326307e-09,0.0,0.0,3.9019637503638097e-13,3.9019637503638097e-13
moment5,32,20000,0.002,177,128,24,1.0,5,0.0025,resolved,0,increase_intrinsic_k,0,confirmation,natural,1.0,1.0,0.015625,anchored_full,1,True,False,False,False,3.2244980432798045e-10,0.0,0.0,1.0052969999414916e-13,1.0052969999414916e-13
moment5,32,20000,0.002,177,128,24,1.0,6,-0.0025,resolved,0,decrease_intrinsic_k,0,confirmation,natural,1.0,1.0,0.015625,anchored_full,1,True,False,False,False,3.190705961067376e-10,6.938893903907228e-18,2.1747205755010982e-08,9.853884187112536e-14,9.853884248366896e-14
mixed_sine,32,20000,0.002,177,128,24,0.8100925873009825,8,0.01,resolved,7,increase_intrinsic_k,1,confirmation,natural,1.0,1.0,0.015625,anchored_full,1,True,False,False,False,9.216573225711396e-09,0.0,0.0,3.3364123636901038e-12,3.3364123636901038e-12
mixed_sine,32,20000,0.002,177,128,24,0.8100925873009825,9,-0.01,resolved,7,decrease_intrinsic_k,1,confirmation,natural,1.0,1.0,0.015625,anchored_full,1,True,False,False,False,9.404346238112857e-09,1.734723475976807e-18,1.8445976275804463e-10,3.391158542602605e-12,3.391158542755741e-12
mixed_sine,32,20000,0.002,177,128,24,0.8100925873009825,10,0.005,resolved,7,increase_intrinsic_k,1,confirmation,natural,1.0,1.0,0.015625,anchored_full,1,True,False,False,False,2.31591430349376e-09,0.0,0.0,8.37570415063956e-13,8.37570415063956e-13
mixed_sine,32,20000,0.002,177,128,24,0.8100925873009825,11,-0.005,resolved,7,decrease_intrinsic_k,1,confirmation,natural,1.0,1.0,0.015625,anchored_full,1,True,False,False,False,2.33938870879105e-09,0.0,0.0,8.4441432299943e-13,8.4441432299943e-13
mixed_sine,32,20000,0.002,177,128,24,0.8100925873009825,12,0.0025,resolved,7,increase_intrinsic_k,1,confirmation,natural,1.0,1.0,0.015625,anchored_full,1,True,False,False,False,5.804479734235724e-10,0.0,0.0,2.0982320690966363e-13,2.0982320690966363e-13
mixed_sine,32,20000,0.002,177,128,24,0.8100925873009825,13,-0.0025,resolved,7,decrease_intrinsic_k,1,confirmation,natural,1.0,1.0,0.015625,anchored_full,1,True,False,False,False,5.833823616211928e-10,3.469446951953614e-18,5.947123499435568e-09,2.1067872341350385e-13,2.1067872310723205e-13
gauss_left,32,20000,0.002,177,128,24,0.3713011646461742,15,0.01,resolved,14,increase_intrinsic_k,2,confirmation,natural,1.0,1.0,0.015625,anchored_full,1,True,False,False,False,1.197187789131577e-08,0.0,0.0,-2.7730870515182284e-12,-2.7730870515182284e-12
gauss_left,32,20000,0.002,177,128,24,0.3713011646461742,16,-0.01,resolved,14,decrease_intrinsic_k,2,confirmation,natural,1.0,1.0,0.015625,anchored_full,1,True,False,False,False,1.2124069708831557e-08,0.0,0.0,-2.8552875973784856e-12,-2.8552875973784856e-12
gauss_left,32,20000,0.002,177,128,24,0.3713011646461742,17,0.005,resolved,14,increase_intrinsic_k,2,confirmation,natural,1.0,1.0,0.015625,anchored_full,1,True,False,False,False,3.003068755967608e-09,0.0,0.0,-6.985424768187965e-13,-6.985424768187965e-13
gauss_left,32,20000,0.002,177,128,24,0.3713011646461742,18,-0.005,resolved,14,decrease_intrinsic_k,2,confirmation,natural,1.0,1.0,0.015625,anchored_full,1,True,False,False,False,3.0220905532516148e-09,8.673617379884035e-19,2.8700719674172793e-10,-7.088175010821833e-13,-7.088175011587513e-13
gauss_left,32,20000,0.002,177,128,24,0.3713011646461742,19,0.0025,resolved,14,increase_intrinsic_k,2,confirmation,natural,1.0,1.0,0.015625,anchored_full,1,True,False,False,False,7.519927513738029e-10,0.0,0.0,-1.7528613552170267e-13,-1.7528613552170267e-13
gauss_left,32,20000,0.002,177,128,24,0.3713011646461742,20,-0.0025,resolved,14,decrease_intrinsic_k,2,confirmation,natural,1.0,1.0,0.015625,anchored_full,1,True,False,False,False,7.543703710488485e-10,0.0,0.0,-1.7657049148391443e-13,-1.7657049148391443e-13
bump_right,32,20000,0.002,177,128,24,0.32889495195335533,22,0.01,resolved,21,increase_intrinsic_k,3,confirmation,natural,1.0,1.0,0.015625,anchored_full,1,True,False,False,False,1.0295054031866348e-08,4.336808689942018e-19,4.212516686671352e-11,-2.4159362444970244e-12,-2.415936244535308e-12
bump_right,32,20000,0.002,177,128,24,0.32889495195335533,23,-0.01,resolved,21,decrease_intrinsic_k,3,confirmation,natural,1.0,1.0,0.015625,anchored_full,1,True,False,False,False,1.0436426893451205e-08,4.336808689942018e-19,4.155453522760112e-11,-2.488154657836183e-12,-2.4881546578744673e-12
bump_right,32,20000,0.002,177,128,24,0.32889495195335533,24,0.005,resolved,21,increase_intrinsic_k,3,confirmation,natural,1.0,1.0,0.015625,anchored_full,1,True,False,False,False,2.5833180231820534e-09,4.336808689942018e-19,1.678774603445869e-10,-6.086523189891518e-13,-6.086523190274358e-13
bump_right,32,20000,0.002,177,128,24,0.32889495195335533,25,-0.005,resolved,21,decrease_intrinsic_k,3,confirmation,natural,1.0,1.0,0.015625,anchored_full,1,True,False,False,False,2.600988468887511e-09,4.336808689942018e-19,1.667369441202078e-10,-6.176796302610389e-13,-6.176796302993229e-13
bump_right,32,20000,0.002,177,128,24,0.32889495195335533,26,0.0025,resolved,21,increase_intrinsic_k,3,confirmation,natural,1.0,1.0,0.015625,anchored_full,1,True,False,False,False,6.469788390053104e-10,4.336808689942018e-19,6.703169297792784e-10,-1.5273694854580065e-13,-1.527369485840846e-13
bump_right,32,20000,0.002,177,128,24,0.32889495195335533,27,-0.0025,resolved,21,decrease_intrinsic_k,3,confirmation,natural,1.0,1.0,0.015625,anchored_full,1,True,False,False,False,6.491876094012483e-10,4.336808689942018e-19,6.680362698144988e-10,-1.5386536378994016e-13,-1.5386536382822414e-13
step_right,32,20000,0.002,177,128,24,0.9636241118102141,29,0.01,resolved,28,increase_intrinsic_k,4,confirmation,natural,1.0,1.0,0.015625,anchored_full,1,True,False,False,False,1.915451317736085e-08,0.0,0.0,-5.530282901565762e-12,-5.530282901565762e-12
step_right,32,20000,0.002,177,128,24,0.9636241118102141,30,-0.01,resolved,28,decrease_intrinsic_k,4,confirmation,natural,1.0,1.0,0.015625,anchored_full,1,True,False,False,False,1.9404948066958845e-08,0.0,0.0,-5.890439776278288e-12,-5.890439776278288e-12
step_right,32,20000,0.002,177,128,24,0.9636241118102141,31,0.005,resolved,28,increase_intrinsic_k,4,confirmation,natural,1.0,1.0,0.015625,anchored_full,1,True,False,False,False,4.805405117959189e-09,0.0,0.0,-1.4053177967021717e-12,-1.4053177967021717e-12
step_right,32,20000,0.002,177,128,24,0.9636241118102141,32,-0.005,resolved,28,decrease_intrinsic_k,4,confirmation,natural,1.0,1.0,0.015625,anchored_full,1,True,False,False,False,4.8366855692436915e-09,0.0,0.0,-1.4503387101130638e-12,-1.4503387101130638e-12
step_right,32,20000,0.002,177,128,24,0.9636241118102141,33,0.0025,resolved,28,increase_intrinsic_k,4,confirmation,natural,1.0,1.0,0.015625,anchored_full,1,True,False,False,False,1.2033762679813149e-09,0.0,0.0,-3.5415809806355715e-13,-3.5415809806355715e-13
step_right,32,20000,0.002,177,128,24,0.9636241118102141,34,-0.0025,resolved,28,decrease_intrinsic_k,4,confirmation,natural,1.0,1.0,0.015625,anchored_full,1,True,False,False,False,1.2072855679731893e-09,0.0,0.0,-3.597857593914194e-13,-3.597857593914194e-13
kink_abs,32,20000,0.002,177,128,24,0.6214766720163144,36,0.01,resolved,35,increase_intrinsic_k,5,confirmation,natural,1.0,1.0,0.015625,anchored_full,1,True,False,False,False,1.131141926234061e-08,0.0,0.0,-1.6556722808627761e-12,-1.6556722808627761e-12
kink_abs,32,20000,0.002,177,128,24,0.6214766720163144,37,-0.01,resolved,35,decrease_intrinsic_k,5,confirmation,natural,1.0,1.0,0.015625,anchored_full,1,True,False,False,False,1.1333075833670677e-08,0.0,0.0,-1.7130690752442642e-12,-1.7130690752442642e-12
kink_abs,32,20000,0.002,177,128,24,0.6214766720163144,38,0.005,resolved,35,increase_intrinsic_k,5,confirmation,natural,1.0,1.0,0.015625,anchored_full,1,True,False,False,False,2.8295724501604703e-09,5.421010862427522e-20,1.915840982308153e-11,-4.1755323345587655e-13,-4.1755323346066207e-13
kink_abs,32,20000,0.002,177,128,24,0.6214766720163144,39,-0.005,resolved,35,decrease_intrinsic_k,5,confirmation,natural,1.0,1.0,0.015625,anchored_full,1,True,False,False,False,2.8322747806572463e-09,0.0,0.0,-4.2472793339316006e-13,-4.2472793339316006e-13
kink_abs,32,20000,0.002,177,128,24,0.6214766720163144,40,0.0025,resolved,35,increase_intrinsic_k,5,confirmation,natural,1.0,1.0,0.015625,anchored_full,1,True,False,False,False,7.075846917259949e-10,0.0,0.0,-1.0483972881864833e-13,-1.0483972881864833e-13
kink_abs,32,20000,0.002,177,128,24,0.6214766720163144,41,-0.0025,resolved,35,decrease_intrinsic_k,5,confirmation,natural,1.0,1.0,0.015625,anchored_full,1,True,False,False,False,7.079223359284026e-10,2.168404344971009e-19,3.063054003130529e-10,-1.0573656254641728e-13,-1.0573656256555927e-13
moment5,32,20000,0.002,177,128,24,1.0,1,0.01,resolved,0,increase_intrinsic_k,0,confirmation,natural,1.0,1.0,0.015625,anchored_fine,1000,True,False,False,False,1.068572071272239e-06,1.0787292497072986e-06,1.009505375171341,3.4743531172650175e-10,-8.160611095381762e-12
moment5,32,20000,0.002,177,128,24,1.0,2,-0.01,resolved,0,decrease_intrinsic_k,0,confirmation,natural,1.0,1.0,0.015625,anchored_fine,1000,True,False,False,False,8.250498305861465e-07,8.373352650294684e-07,1.0148905362899037,2.645821298897758e-10,-8.071532730234361e-12
moment5,32,20000,0.002,177,128,24,1.0,3,0.005,resolved,0,increase_intrinsic_k,0,confirmation,natural,1.0,1.0,0.015625,anchored_fine,1000,True,False,False,False,2.516561346717337e-07,2.543233663624421e-07,1.0105987151641966,8.163512484157293e-11,-2.0362829257097153e-12
moment5,32,20000,0.002,177,128,24,1.0,4,-0.005,resolved,0,decrease_intrinsic_k,0,confirmation,natural,1.0,1.0,0.015625,anchored_fine,1000,True,False,False,False,2.2123275476026296e-07,2.241225755987852e-07,1.0130623552631424,7.127861139008148e-11,-2.021172873298284e-12
moment5,32,20000,0.002,177,128,24,1.0,5,0.0025,resolved,0,increase_intrinsic_k,0,confirmation,natural,1.0,1.0,0.015625,anchored_fine,1000,True,False,False,False,6.098629523553769e-08,6.167561454499866e-08,1.0113028559416295,1.9758340094343386e-11,-5.091005973593123e-13
moment5,32,20000,0.002,177,128,24,1.0,6,-0.0025,resolved,0,decrease_intrinsic_k,0,confirmation,natural,1.0,1.0,0.015625,anchored_fine,1000,True,False,False,False,5.720400159714322e-08,5.790058737195709e-08,1.0121772210923206,1.8464428545877938e-11,-5.052269496539187e-13
mixed_sine,32,20000,0.002,177,128,24,0.8100925873009825,8,0.01,resolved,7,increase_intrinsic_k,1,confirmation,natural,1.0,1.0,0.015625,anchored_fine,1000,True,False,False,False,3.3822355561189757e-06,3.2426347380170754e-06,0.9587252822029674,1.2193048145796197e-09,3.691985412014322e-11
mixed_sine,32,20000,0.002,177,128,24,0.8100925873009825,9,-0.01,resolved,7,decrease_intrinsic_k,1,confirmation,natural,1.0,1.0,0.015625,anchored_fine,1000,True,False,False,False,3.4885504415271358e-06,3.3425360905400996e-06,0.958144692635398,1.2510973979760933e-09,3.2973351045976126e-11
mixed_sine,32,20000,0.002,177,128,24,0.8100925873009825,10,0.005,resolved,7,increase_intrinsic_k,1,confirmation,natural,1.0,1.0,0.015625,anchored_fine,1000,True,False,False,False,8.507550213149033e-07,8.159806887908166e-07,0.9591253279112705,3.0717090746690657e-10,9.756565661320713e-12
mixed_sine,32,20000,0.002,177,128,24,0.8100925873009825,11,-0.005,resolved,7,decrease_intrinsic_k,1,confirmation,natural,1.0,1.0,0.015625,anchored_fine,1000,True,False,False,False,8.671449591273084e-07,8.304877463851223e-07,0.9577265457679904,3.104902522863171e-10,7.719279027429328e-12
mixed_sine,32,20000,0.002,177,128,24,0.8100925873009825,12,0.0025,resolved,7,increase_intrinsic_k,1,confirmation,natural,1.0,1.0,0.015625,anchored_fine,1000,True,False,False,False,2.1296620916920965e-07,2.0441897141560876e-07,0.9598657562298544,7.716586884768908e-11,2.697882421236057e-12
mixed_sine,32,20000,0.002,177,128,24,0.8100925873009825,13,-0.0025,resolved,7,decrease_intrinsic_k,1,confirmation,natural,1.0,1.0,0.015625,anchored_fine,1000,True,False,False,False,2.1656438169441697e-07,2.072413509803421e-07,0.9569503043800152,7.725321002332697e-11,1.6712385304276278e-12
gauss_left,32,20000,0.002,177,128,24,0.3713011646461742,15,0.01,resolved,14,increase_intrinsic_k,2,confirmation,natural,1.0,1.0,0.015625,anchored_fine,1000,True,False,False,False,6.11146126043288e-06,2.6180068081241842e-06,0.4283765692951065,-1.1200933670357986e-09,-7.202553314524723e-10
gauss_left,32,20000,0.002,177,128,24,0.3713011646461742,16,-0.01,resolved,14,decrease_intrinsic_k,2,confirmation,natural,1.0,1.0,0.015625,anchored_fine,1000,True,False,False,False,1.0209253757085504e-05,2.5089365607737755e-06,0.24575121947894615,-1.2655531258802203e-09,-1.039614424595228e-09
gauss_left,32,20000,0.002,177,128,24,0.3713011646461742,17,0.005,resolved,14,increase_intrinsic_k,2,confirmation,natural,1.0,1.0,0.015625,anchored_fine,1000,True,False,False,False,1.1076635536520358e-06,8.099208000507455e-07,0.7311974808418911,-2.6426843427517246e-10,-1.3954319480419167e-10
gauss_left,32,20000,0.002,177,128,24,0.3713011646461742,18,-0.005,resolved,14,decrease_intrinsic_k,2,confirmation,natural,1.0,1.0,0.015625,anchored_fine,1000,True,False,False,False,3.1086636729329563e-06,7.404978514368932e-07,0.23820455647369845,-3.3221727957313934e-10,-3.004382112856677e-10
gauss_left,32,20000,0.002,177,128,24,0.3713011646461742,19,0.0025,resolved,14,increase_intrinsic_k,2,confirmation,natural,1.0,1.0,0.015625,anchored_fine,1000,True,False,False,False,2.5862814837425726e-07,3.04576908121624e-07,1.1776634138093696,-5.787465662643126e-11,-1.469839463183229e-11
gauss_left,32,20000,0.002,177,128,24,0.3713011646461742,20,-0.0025,resolved,14,decrease_intrinsic_k,2,confirmation,natural,1.0,1.0,0.015625,anchored_fine,1000,True,False,False,False,1.0601439945921846e-06,2.795234373592801e-07,0.26366553862978487,-9.125140307606139e-11,-9.529782990767933e-11
bump_right,32,20000,0.002,177,128,24,0.32889495195335533,22,0.01,resolved,21,increase_intrinsic_k,3,confirmation,natural,1.0,1.0,0.015625,anchored_fine,1000,True,False,False,False,6.730417631563592e-06,8.868204889128907e-07,0.1317630699102497,-8.126214018744678e-10,-8.66368673416282e-10
bump_right,32,20000,0.002,177,128,24,0.32889495195335533,23,-0.01,resolved,21,decrease_intrinsic_k,3,confirmation,natural,1.0,1.0,0.015625,anchored_fine,1000,True,False,False,False,8.05232006100346e-06,9.849758502002743e-07,0.12232199449825756,-8.355827415871729e-10,-8.881958987853161e-10
bump_right,32,20000,0.002,177,128,24,0.32889495195335533,24,0.005,resolved,21,increase_intrinsic_k,3,confirmation,natural,1.0,1.0,0.015625,anchored_fine,1000,True,False,False,False,1.5179536930184202e-06,2.390525079399409e-07,0.15748339955258442,-2.029052356180019e-10,-2.138469288471581e-10
bump_right,32,20000,0.002,177,128,24,0.32889495195335533,25,-0.005,resolved,21,decrease_intrinsic_k,3,confirmation,natural,1.0,1.0,0.015625,anchored_fine,1000,True,False,False,False,2.190741613622253e-06,2.5673043997929206e-07,0.11718882700858751,-2.0921171314717673e-10,-2.2482041594781383e-10
bump_right,32,20000,0.002,177,128,24,0.32889495195335533,26,0.0025,resolved,21,increase_intrinsic_k,3,confirmation,natural,1.0,1.0,0.015625,anchored_fine,1000,True,False,False,False,3.04016930953085e-07,7.208555611071657e-08,0.23711033423280167,-5.0263512933956034e-11,-5.208713833735165e-11
bump_right,32,20000,0.002,177,128,24,0.32889495195335533,27,-0.0025,resolved,21,decrease_intrinsic_k,3,confirmation,natural,1.0,1.0,0.015625,anchored_fine,1000,True,False,False,False,6.371528195259383e-07,7.647186687165138e-08,0.1200212327845443,-5.2769844726922726e-11,-5.7581336075598665e-11
step_right,32,20000,0.002,177,128,24,0.9636241118102141,29,0.01,resolved,28,increase_intrinsic_k,4,confirmation,natural,1.0,1.0,0.015625,anchored_fine,1000,True,False,False,False,1.3228368767952709e-05,4.938184328669013e-06,0.37330259046242725,-2.7412209537865297e-09,-6.931791707721712e-10
step_right,32,20000,0.002,177,128,24,0.9636241118102141,30,-0.01,resolved,28,decrease_intrinsic_k,4,confirmation,natural,1.0,1.0,0.015625,anchored_fine,1000,True,False,False,False,1.6470535389115786e-05,5.012645441066192e-06,0.30434016397418967,-2.878166409419407e-09,-7.933221490445887e-10
step_right,32,20000,0.002,177,128,24,0.9636241118102141,31,0.005,resolved,28,increase_intrinsic_k,4,confirmation,natural,1.0,1.0,0.015625,anchored_fine,1000,True,False,False,False,2.942864001714499e-06,1.2682490699574024e-06,0.4309574174064878,-6.898265215952963e-10,-1.6708013409705284e-10
step_right,32,20000,0.002,177,128,24,0.9636241118102141,32,-0.005,resolved,28,decrease_intrinsic_k,4,confirmation,natural,1.0,1.0,0.015625,anchored_fine,1000,True,False,False,False,4.573983026174728e-06,1.2372949640383341e-06,0.2705071175292702,-7.152769344052319e-10,-2.046028919920673e-10
step_right,32,20000,0.002,177,128,24,0.9636241118102141,33,0.0025,resolved,28,increase_intrinsic_k,4,confirmation,natural,1.0,1.0,0.015625,anchored_fine,1000,True,False,False,False,6.039970209041802e-07,3.335085065100801e-07,0.5521691249582982,-1.7197284885112694e-10,-3.7865986883809026e-11
step_right,32,20000,0.002,177,128,24,0.9636241118102141,34,-0.0025,resolved,28,decrease_intrinsic_k,4,confirmation,natural,1.0,1.0,0.015625,anchored_fine,1000,True,False,False,False,1.3800189769630355e-06,3.1018441071996085e-07,0.22476822123314127,-1.7931905666997696e-10,-5.5058376407246614e-11
kink_abs,32,20000,0.002,177,128,24,0.6214766720163144,36,0.01,resolved,35,increase_intrinsic_k,5,confirmation,natural,1.0,1.0,0.015625,anchored_fine,1000,True,False,False,False,9.166865127221318e-06,2.010058269409422e-06,0.2192743365930503,-9.841597220634341e-10,-6.459313072680908e-10
kink_abs,32,20000,0.002,177,128,24,0.6214766720163144,37,-0.01,resolved,35,decrease_intrinsic_k,5,confirmation,natural,1.0,1.0,0.015625,anchored_fine,1000,True,False,False,False,1.0191086228211508e-05,2.071497300873938e-06,0.20326560432189347,-9.978254566337528e-10,-6.343559628417073e-10
kink_abs,32,20000,0.002,177,128,24,0.6214766720163144,38,0.005,resolved,35,increase_intrinsic_k,5,confirmation,natural,1.0,1.0,0.015625,anchored_fine,1000,True,False,False,False,2.1746947554133976e-06,5.154730592162591e-07,0.23703237336325414,-2.495977126360621e-10,-1.6565823416783112e-10
kink_abs,32,20000,0.002,177,128,24,0.6214766720163144,39,-0.005,resolved,35,decrease_intrinsic_k,5,confirmation,natural,1.0,1.0,0.015625,anchored_fine,1000,True,False,False,False,2.694204738223086e-06,5.255572217640355e-07,0.19506951877408443,-2.4597277691916695e-10,-1.5444575670626777e-10
kink_abs,32,20000,0.002,177,128,24,0.6214766720163144,40,0.0025,resolved,35,increase_intrinsic_k,5,confirmation,natural,1.0,1.0,0.015625,anchored_fine,1000,True,False,False,False,4.960766233032393e-07,1.3876521764448996e-07,0.2797253712954465,-6.350857304046116e-11,-4.315623372066474e-11
kink_abs,32,20000,0.002,177,128,24,0.6214766720163144,41,-0.0025,resolved,35,decrease_intrinsic_k,5,confirmation,natural,1.0,1.0,0.015625,anchored_fine,1000,True,False,False,False,7.509125613034562e-07,1.4112569379460146e-07,0.18793891734828794,-6.038868681359636e-11,-3.687177542133879e-11
moment5,32,20000,0.002,177,128,24,1.0,1,0.01,resolved,0,increase_intrinsic_k,0,confirmation,natural,1.0,1.0,0.015625,anchored_full,1000,True,False,False,False,1.068572071272239e-06,6.417530902058304e-09,0.006005707125039877,3.4743531172650175e-10,3.487572750714996e-10
moment5,32,20000,0.002,177,128,24,1.0,2,-0.01,resolved,0,decrease_intrinsic_k,0,confirmation,natural,1.0,1.0,0.015625,anchored_full,1000,True,False,False,False,8.250498305861465e-07,6.767967091640716e-09,0.008203101001587379,2.645821298897758e-10,2.658359357988316e-10
moment5,32,20000,0.002,177,128,24,1.0,3,0.005,resolved,0,increase_intrinsic_k,0,confirmation,natural,1.0,1.0,0.015625,anchored_full,1000,True,False,False,False,2.516561346717337e-07,1.6281651637435505e-09,0.0064698012065844065,8.163512484157293e-11,8.196239896184239e-11
moment5,32,20000,0.002,177,128,24,1.0,4,-0.005,resolved,0,decrease_intrinsic_k,0,confirmation,natural,1.0,1.0,0.015625,anchored_full,1000,True,False,False,False,2.2123275476026296e-07,1.6623645349292282e-09,0.0075140977055166884,7.127861139008148e-11,7.159657998215865e-11
moment5,32,20000,0.002,177,128,24,1.0,5,0.0025,resolved,0,increase_intrinsic_k,0,confirmation,natural,1.0,1.0,0.015625,anchored_full,1000,True,False,False,False,6.098629523553769e-08,4.1137745127500895e-10,0.006745408123025199,1.9758340094343386e-11,1.9839818705121674e-11
moment5,32,20000,0.002,177,128,24,1.0,6,-0.0025,resolved,0,decrease_intrinsic_k,0,confirmation,natural,1.0,1.0,0.015625,anchored_full,1000,True,False,False,False,5.720400159714322e-08,4.10964784003214e-10,0.0071841964290787945,1.8464428545877938e-11,1.8544341607003134e-11
mixed_sine,32,20000,0.002,177,128,24,0.8100925873009825,8,0.01,resolved,7,increase_intrinsic_k,1,confirmation,natural,1.0,1.0,0.015625,anchored_full,1000,True,False,False,False,3.3822355561189757e-06,9.483410228687393e-09,0.002803888159572585,1.2193048145796197e-09,1.2199417438804967e-09
mixed_sine,32,20000,0.002,177,128,24,0.8100925873009825,9,-0.01,resolved,7,decrease_intrinsic_k,1,confirmation,natural,1.0,1.0,0.015625,anchored_full,1000,True,False,False,False,3.4885504415271358e-06,6.865637497016172e-09,0.0019680487962245702,1.2510973979760933e-09,1.2511140970693581e-09
mixed_sine,32,20000,0.002,177,128,24,0.8100925873009825,10,0.005,resolved,7,increase_intrinsic_k,1,confirmation,natural,1.0,1.0,0.015625,anchored_full,1000,True,False,False,False,8.507550213149033e-07,4.293232141577098e-09,0.0050463788446897416,3.0717090746690657e-10,3.0741188969443764e-10
mixed_sine,32,20000,0.002,177,128,24,0.8100925873009825,11,-0.005,resolved,7,decrease_intrinsic_k,1,confirmation,natural,1.0,1.0,0.015625,anchored_full,1000,True,False,False,False,8.671449591273084e-07,3.6045529765606467e-09,0.004156805547469544,3.104902522863171e-10,3.1041091557677795e-10
mixed_sine,32,20000,0.002,177,128,24,0.8100925873009825,12,0.0025,resolved,7,increase_intrinsic_k,1,confirmation,natural,1.0,1.0,0.015625,anchored_full,1000,True,False,False,False,2.1296620916920965e-07,2.0453391955884506e-09,0.009604055045011163,7.716586884768908e-11,7.726673028594527e-11
mixed_sine,32,20000,0.002,177,128,24,0.8100925873009825,13,-0.0025,resolved,7,decrease_intrinsic_k,1,confirmation,natural,1.0,1.0,0.015625,anchored_full,1000,True,False,False,False,2.1656438169441697e-07,1.8710637565653275e-09,0.008639757571979175,7.725321002332697e-11,7.719264885518462e-11
gauss_left,32,20000,0.002,177,128,24,0.3713011646461742,15,0.01,resolved,14,increase_intrinsic_k,2,confirmation,natural,1.0,1.0,0.015625,anchored_full,1000,True,False,False,False,6.11146126043288e-06,1.1831332221360923e-06,0.19359252586545725,-1.1200933670357986e-09,-9.699182402428864e-10
gauss_left,32,20000,0.002,177,128,24,0.3713011646461742,16,-0.01,resolved,14,decrease_intrinsic_k,2,confirmation,natural,1.0,1.0,0.015625,anchored_full,1000,True,False,False,False,1.0209253757085504e-05,1.346794695732786e-06,0.1319190146290637,-1.2655531258802203e-09,-1.4439179476908313e-09
gauss_left,32,20000,0.002,177,128,24,0.3713011646461742,17,0.005,resolved,14,increase_intrinsic_k,2,confirmation,natural,1.0,1.0,0.015625,anchored_full,1000,True,False,False,False,1.1076635536520358e-06,6.101826482552083e-07,0.5508736350883786,-2.6426843427517246e-10,-1.8584604416852298e-10
gauss_left,32,20000,0.002,177,128,24,0.3713011646461742,18,-0.005,resolved,14,decrease_intrinsic_k,2,confirmation,natural,1.0,1.0,0.015625,anchored_full,1000,True,False,False,False,3.1086636729329563e-06,6.510505152411345e-07,0.20943099149316546,-3.3221727957313934e-10,-4.1768171703987365e-10
gauss_left,32,20000,0.002,177,128,24,0.3713011646461742,19,0.0025,resolved,14,increase_intrinsic_k,2,confirmation,natural,1.0,1.0,0.015625,anchored_full,1000,True,False,False,False,2.5862814837425726e-07,3.0996817008775504e-07,1.1985090255497028,-5.787465662643126e-11,-1.7806980109109294e-11
gauss_left,32,20000,0.002,177,128,24,0.3713011646461742,20,-0.0025,resolved,14,decrease_intrinsic_k,2,confirmation,natural,1.0,1.0,0.015625,anchored_full,1000,True,False,False,False,1.0601439945921846e-06,3.201821668463325e-07,0.3020176207001955,-9.125140307606139e-11,-1.3307925548925067e-10
bump_right,32,20000,0.002,177,128,24,0.32889495195335533,22,0.01,resolved,21,increase_intrinsic_k,3,confirmation,natural,1.0,1.0,0.015625,anchored_full,1000,True,False,False,False,6.730417631563592e-06,6.481991847125139e-08,0.00963089098175214,-8.126214018744678e-10,-8.107404001482376e-10
bump_right,32,20000,0.002,177,128,24,0.32889495195335533,23,-0.01,resolved,21,decrease_intrinsic_k,3,confirmation,natural,1.0,1.0,0.015625,anchored_full,1000,True,False,False,False,8.05232006100346e-06,8.348628598217472e-08,0.010367979085492394,-8.355827415871729e-10,-8.50820400399454e-10
bump_right,32,20000,0.002,177,128,24,0.32889495195335533,24,0.005,resolved,21,increase_intrinsic_k,3,confirmation,natural,1.0,1.0,0.015625,anchored_full,1000,True,False,False,False,1.5179536930184202e-06,3.337213145056256e-08,0.02198494697437229,-2.029052356180019e-10,-2.0032823886150742e-10
bump_right,32,20000,0.002,177,128,24,0.32889495195335533,25,-0.005,resolved,21,decrease_intrinsic_k,3,confirmation,natural,1.0,1.0,0.015625,anchored_full,1000,True,False,False,False,2.190741613622253e-06,3.816038368394994e-08,0.017418934048025022,-2.0921171314717673e-10,-2.1512661443705712e-10
bump_right,32,20000,0.002,177,128,24,0.32889495195335533,26,0.0025,resolved,21,increase_intrinsic_k,3,confirmation,natural,1.0,1.0,0.015625,anchored_full,1000,True,False,False,False,3.04016930953085e-07,1.711530177188051e-08,0.05629719936394494,-5.0263512933956034e-11,-4.8561952010853696e-11
bump_right,32,20000,0.002,177,128,24,0.32889495195335533,27,-0.0025,resolved,21,decrease_intrinsic_k,3,confirmation,natural,1.0,1.0,0.015625,anchored_full,1000,True,False,False,False,6.371528195259383e-07,1.832042218306832e-08,0.02875357625616299,-5.2769844726922726e-11,-5.5305803219998515e-11
step_right,32,20000,0.002,177,128,24,0.9636241118102141,29,0.01,resolved,28,increase_intrinsic_k,4,confirmation,natural,1.0,1.0,0.015625,anchored_full,1000,True,False,False,False,1.3228368767952709e-05,1.6857199930731137e-07,0.01274321893079493,-2.7412209537865297e-09,-2.7150500053455774e-09
step_right,32,20000,0.002,177,128,24,0.9636241118102141,30,-0.01,resolved,28,decrease_intrinsic_k,4,confirmation,natural,1.0,1.0,0.015625,anchored_full,1000,True,False,False,False,1.6470535389115786e-05,2.0682252878613735e-07,0.012557122394625482,-2.878166409419407e-09,-2.914742228624834e-09
step_right,32,20000,0.002,177,128,24,0.9636241118102141,31,0.005,resolved,28,increase_intrinsic_k,4,confirmation,natural,1.0,1.0,0.015625,anchored_full,1000,True,False,False,False,2.942864001714499e-06,8.809577007744229e-08,0.029935386081761883,-6.898265215952963e-10,-6.754703836961043e-10
step_right,32,20000,0.002,177,128,24,0.9636241118102141,32,-0.005,resolved,28,decrease_intrinsic_k,4,confirmation,natural,1.0,1.0,0.015625,anchored_full,1000,True,False,False,False,4.573983026174728e-06,9.767713284367595e-08,0.021354939947244272,-7.152769344052319e-10,-7.322335741917254e-10
step_right,32,20000,0.002,177,128,24,0.9636241118102141,33,0.0025,resolved,28,increase_intrinsic_k,4,confirmation,natural,1.0,1.0,0.015625,anchored_full,1000,True,False,False,False,6.039970209041802e-07,4.512451461612107e-08,0.07470982977460704,-1.7197284885112694e-10,-1.6447348751112835e-10
step_right,32,20000,0.002,177,128,24,0.9636241118102141,34,-0.0025,resolved,28,decrease_intrinsic_k,4,confirmation,natural,1.0,1.0,0.015625,anchored_full,1000,True,False,False,False,1.3800189769630355e-06,4.7521050694454846e-08,0.0344350704502868,-1.7931905666997696e-10,-1.8746849957446512e-10
kink_abs,32,20000,0.002,177,128,24,0.6214766720163144,36,0.01,resolved,35,increase_intrinsic_k,5,confirmation,natural,1.0,1.0,0.015625,anchored_full,1000,True,False,False,False,9.166865127221318e-06,3.4284949212625e-08,0.003740095303771262,-9.841597220634341e-10,-9.83109682853065e-10
kink_abs,32,20000,0.002,177,128,24,0.6214766720163144,37,-0.01,resolved,35,decrease_intrinsic_k,5,confirmation,natural,1.0,1.0,0.015625,anchored_full,1000,True,False,False,False,1.0191086228211508e-05,3.341611155022643e-08,0.0032789548436674165,-9.978254566337528e-10,-9.98883080580439e-10
kink_abs,32,20000,0.002,177,128,24,0.6214766720163144,38,0.005,resolved,35,increase_intrinsic_k,5,confirmation,natural,1.0,1.0,0.015625,anchored_full,1000,True,False,False,False,2.1746947554133976e-06,1.6968537948277183e-08,0.007802721695096724,-2.495977126360621e-10,-2.490682806622786e-10
kink_abs,32,20000,0.002,177,128,24,0.6214766720163144,39,-0.005,resolved,35,decrease_intrinsic_k,5,confirmation,natural,1.0,1.0,0.015625,anchored_full,1000,True,False,False,False,2.694204738223086e-06,1.675115133938231e-08,0.006217475272658836,-2.4597277691916695e-10,-2.4650396472130513e-10
kink_abs,32,20000,0.002,177,128,24,0.6214766720163144,40,0.0025,resolved,35,increase_intrinsic_k,5,confirmation,natural,1.0,1.0,0.015625,anchored_full,1000,True,False,False,False,4.960766233032393e-07,8.448921676933165e-09,0.017031485218299735,-6.350857304046116e-11,-6.324320947252305e-11
kink_abs,32,20000,0.002,177,128,24,0.6214766720163144,41,-0.0025,resolved,35,decrease_intrinsic_k,5,confirmation,natural,1.0,1.0,0.015625,anchored_full,1000,True,False,False,False,7.509125613034562e-07,8.394563241167555e-09,0.011179148776784375,-6.038868681359636e-11,-6.065448112780757e-11
moment5,32,20000,0.002,177,128,24,1.0,1,0.01,resolved,0,increase_intrinsic_k,0,confirmation,natural,1.0,1.0,0.015625,anchored_fine,10000,True,False,False,False,1.096771000252288e-06,1.1645671352307294e-06,1.0618143030430658,3.144054082761428e-10,-8.195484464549815e-11
moment5,32,20000,0.002,177,128,24,1.0,2,-0.01,resolved,0,decrease_intrinsic_k,0,confirmation,natural,1.0,1.0,0.015625,anchored_fine,10000,True,False,False,False,8.43209475171589e-07,9.130488482967539e-07,1.082825650305878,2.2622626021863877e-10,-8.014428908128375e-11
moment5,32,20000,0.002,177,128,24,1.0,3,0.005,resolved,0,increase_intrinsic_k,0,confirmation,natural,1.0,1.0,0.015625,anchored_fine,10000,True,False,False,False,2.5593019391792733e-07,2.7491197863587784e-07,1.0741678206364258,7.29478995234559e-11,-2.0563972242870946e-11
moment5,32,20000,0.002,177,128,24,1.0,4,-0.005,resolved,0,decrease_intrinsic_k,0,confirmation,natural,1.0,1.0,0.015625,anchored_fine,10000,True,False,False,False,2.289219465926041e-07,2.436721386554407e-07,1.064433280785815,6.210299678243208e-11,-1.995504165698166e-11
moment5,32,20000,0.002,177,128,24,1.0,5,0.0025,resolved,0,increase_intrinsic_k,0,confirmation,natural,1.0,1.0,0.015625,anchored_fine,10000,True,False,False,False,6.127904260342546e-08,6.669354475284189e-08,1.0883581387597228,1.7511131505292825e-11,-5.198393846495535e-12
moment5,32,20000,0.002,177,128,24,1.0,6,-0.0025,resolved,0,decrease_intrinsic_k,0,confirmation,natural,1.0,1.0,0.015625,anchored_fine,10000,True,False,False,False,6.025006791832193e-08,6.290730552492756e-08,1.0441034790235908,1.624490046886177e-11,-4.930998524080563e-12
mixed_sine,32,20000,0.002,177,128,24,0.8100925873009825,8,0.01,resolved,7,increase_intrinsic_k,1,confirmation,natural,1.0,1.0,0.015625,anchored_fine,10000,True,False,False,False,6.799843023360115e-06,3.420389052563661e-06,0.5030100019681762,1.7332526490744089e-09,5.363705273730351e-10
mixed_sine,32,20000,0.002,177,128,24,0.8100925873009825,9,-0.01,resolved,7,decrease_intrinsic_k,1,confirmation,natural,1.0,1.0,0.015625,anchored_fine,10000,True,False,False,False,8.613685984370755e-06,3.7454555355583393e-06,0.4348261060775077,1.4082529576159945e-09,5.7461152417837976e-11
mixed_sine,32,20000,0.002,177,128,24,0.8100925873009825,10,0.005,resolved,7,increase_intrinsic_k,1,confirmation,natural,1.0,1.0,0.015625,anchored_fine,10000,True,False,False,False,1.5746731511641173e-06,8.941773931840964e-07,0.5678495200880594,4.811341694377027e-10,1.9423493370525696e-10
mixed_sine,32,20000,0.002,177,128,24,0.8100925873009825,11,-0.005,resolved,7,decrease_intrinsic_k,1,confirmation,natural,1.0,1.0,0.015625,anchored_fine,10000,True,False,False,False,2.4124880761146084e-06,1.0119196291044215e-06,0.4194506240769287,3.043215321510009e-10,-4.5757614882203276e-11
mixed_sine,32,20000,0.002,177,128,24,0.8100925873009825,12,0.0025,resolved,7,increase_intrinsic_k,1,confirmation,natural,1.0,1.0,0.015625,anchored_fine,10000,True,False,False,False,3.864993158087396e-07,2.6635498321001295e-07,0.6891473602033995,1.4328224859468093e-10,7.859200056540725e-11
mixed_sine,32,20000,0.002,177,128,24,0.8100925873009825,13,-0.0025,resolved,7,decrease_intrinsic_k,1,confirmation,natural,1.0,1.0,0.015625,anchored_fine,10000,True,False,False,False,7.497493414848332e-07,3.1130728810943476e-07,0.4152151537644695,5.308663368821966e-11,-4.147145878563058e-11
gauss_left,32,20000,0.002,177,128,24,0.3713011646461742,15,0.01,resolved,14,increase_intrinsic_k,2,confirmation,natural,1.0,1.0,0.015625,anchored_fine,10000,True,False,False,False,0.00025884521736452466,0.0001806283630639762,0.6978238381341316,7.941450541095803e-09,2.3843915434186502e-08
gauss_left,32,20000,0.002,177,128,24,0.3713011646461742,16,-0.01,resolved,14,decrease_intrinsic_k,2,confirmation,natural,1.0,1.0,0.015625,anchored_fine,10000,True,False,False,False,0.000405106762006667,0.0001832284831516367,0.45229677787659645,-2.286746421960345e-08,-4.454213843463365e-08
gauss_left,32,20000,0.002,177,128,24,0.3713011646461742,17,0.005,resolved,14,increase_intrinsic_k,2,confirmation,natural,1.0,1.0,0.015625,anchored_fine,10000,True,False,False,False,0.0001472533695429341,9.066034222165992e-05,0.6156758415991727,5.853358459580233e-09,1.4533912702596672e-08
gauss_left,32,20000,0.002,177,128,24,0.3713011646461742,18,-0.005,resolved,14,decrease_intrinsic_k,2,confirmation,natural,1.0,1.0,0.015625,anchored_fine,10000,True,False,False,False,0.00018395456005291188,9.130841376137254e-05,0.4963639593120659,-9.585119841741835e-09,-1.9708510691661264e-08
gauss_left,32,20000,0.002,177,128,24,0.3713011646461742,19,0.0025,resolved,14,increase_intrinsic_k,2,confirmation,natural,1.0,1.0,0.015625,anchored_fine,10000,True,False,False,False,7.816567764602119e-05,4.5413761742784186e-05,0.5809936421000995,3.3952681782809125e-09,7.916867486192817e-09
gauss_left,32,20000,0.002,177,128,24,0.3713011646461742,20,-0.0025,resolved,14,decrease_intrinsic_k,2,confirmation,natural,1.0,1.0,0.015625,anchored_fine,10000,True,False,False,False,8.734910942116814e-05,4.557565714863327e-05,0.5217644169545304,-4.328224641825044e-09,-9.210519620197466e-09
bump_right,32,20000,0.002,177,128,24,0.32889495195335533,22,0.01,resolved,21,increase_intrinsic_k,3,confirmation,natural,1.0,1.0,0.015625,anchored_fine,10000,True,False,False,False,3.623676600340842e-05,7.4911170676847e-06,0.20672697632509723,-4.0770924166953e-09,-6.4687475006319135e-09
bump_right,32,20000,0.002,177,128,24,0.32889495195335533,23,-0.01,resolved,21,decrease_intrinsic_k,3,confirmation,natural,1.0,1.0,0.015625,anchored_fine,10000,True,False,False,False,0.00015937988595263414,9.953537315201682e-06,0.06245165289025089,-8.258494856805698e-09,-1.2330219654331692e-08
bump_right,32,20000,0.002,177,128,24,0.32889495195335533,24,0.005,resolved,21,increase_intrinsic_k,3,confirmation,natural,1.0,1.0,0.015625,anchored_fine,10000,True,False,False,False,2.776926675521378e-05,3.6143424842788884e-06,0.13015620888154286,-4.943733889793111e-10,-8.776292008810112e-10
bump_right,32,20000,0.002,177,128,24,0.32889495195335533,25,-0.005,resolved,21,decrease_intrinsic_k,3,confirmation,natural,1.0,1.0,0.015625,anchored_fine,10000,True,False,False,False,6.160250091869786e-05,4.295453499744935e-06,0.06972855705020832,-2.5901374844785468e-09,-3.8225402048090415e-09
bump_right,32,20000,0.002,177,128,24,0.32889495195335533,26,0.0025,resolved,21,increase_intrinsic_k,3,confirmation,natural,1.0,1.0,0.015625,anchored_fine,10000,True,False,False,False,1.7762869496689005e-05,1.8370970734965498e-06,0.10342344033090961,1.3867481556775097e-10,1.4957964105280422e-10
bump_right,32,20000,0.002,177,128,24,0.32889495195335533,27,-0.0025,resolved,21,decrease_intrinsic_k,3,confirmation,natural,1.0,1.0,0.015625,anchored_fine,10000,True,False,False,False,2.6341629941624564e-05,2.012191292653853e-06,0.07638826060168072,-9.09840918888682e-10,-1.3246487201988764e-09
step_right,32,20000,0.002,177,128,24,0.9636241118102141,29,0.01,resolved,28,increase_intrinsic_k,4,confirmation,natural,1.0,1.0,0.015625,anchored_fine,10000,True,False,False,False,0.00015143609491892221,2.057783859672546e-05,0.1358846357451484,-3.622334644893283e-09,-2.791707328780963e-09
step_right,32,20000,0.002,177,128,24,0.9636241118102141,30,-0.01,resolved,28,decrease_intrinsic_k,4,confirmation,natural,1.0,1.0,0.015625,anchored_fine,10000,True,False,False,False,0.000380514518058439,1.9539006921044176e-05,0.05134891309992907,-9.718301908864772e-09,-1.1546726516178273e-08
step_right,32,20000,0.002,177,128,24,0.9636241118102141,31,0.005,resolved,28,increase_intrinsic_k,4,confirmation,natural,1.0,1.0,0.015625,anchored_fine,10000,True,False,False,False,9.959350516631638e-05,9.867917022652206e-06,0.09908193316595552,-2.0340364955555817e-10,3.5582152799923033e-10
step_right,32,20000,0.002,177,128,24,0.9636241118102141,32,-0.005,resolved,28,decrease_intrinsic_k,4,confirmation,natural,1.0,1.0,0.015625,anchored_fine,10000,True,False,False,False,0.00015872486452544657,9.586249107903797e-06,0.060395383776603834,-3.1324666978579503e-09,-3.940777759546552e-09
step_right,32,20000,0.002,177,128,24,0.9636241118102141,33,0.0025,resolved,28,increase_intrinsic_k,4,confirmation,natural,1.0,1.0,0.015625,anchored_fine,10000,True,False,False,False,5.67499893076863e-05,4.8610254742576585e-06,0.0856568526894731,3.0782636899952114e-10,6.209627604930805e-10
step_right,32,20000,0.002,177,128,24,0.9636241118102141,34,-0.0025,resolved,28,decrease_intrinsic_k,4,confirmation,natural,1.0,1.0,0.015625,anchored_fine,10000,True,False,False,False,7.163258281737473e-05,4.789170676767812e-06,0.06685743398332668,-1.1418383953790882e-09,-1.517223536569125e-09
kink_abs,32,20000,0.002,177,128,24,0.6214766720163144,36,0.01,resolved,35,increase_intrinsic_k,5,confirmation,natural,1.0,1.0,0.015625,anchored_fine,10000,True,False,False,False,6.821764797271815e-05,4.426932767912851e-06,0.06489424510330942,-5.378174302411364e-09,-6.504712852444981e-09
kink_abs,32,20000,0.002,177,128,24,0.6214766720163144,37,-0.01,resolved,35,decrease_intrinsic_k,5,confirmation,natural,1.0,1.0,0.015625,anchored_fine,10000,True,False,False,False,0.00016623722955244567,4.699482164119441e-06,0.028269733421157718,-5.89631029270601e-09,-6.800046803152084e-09
kink_abs,32,20000,0.002,177,128,24,0.6214766720163144,38,0.005,resolved,35,increase_intrinsic_k,5,confirmation,natural,1.0,1.0,0.015625,anchored_fine,10000,True,False,False,False,3.115807903984758e-05,1.8963070081076627e-06,0.060860844652281205,-1.3033891422715609e-09,-1.6090858575729973e-09
kink_abs,32,20000,0.002,177,128,24,0.6214766720163144,39,-0.005,resolved,35,decrease_intrinsic_k,5,confirmation,natural,1.0,1.0,0.015625,anchored_fine,10000,True,False,False,False,6.204095656908757e-05,1.9704856128445773e-06,0.031761044990502106,-1.515877460421705e-09,-1.7176184946182495e-09
kink_abs,32,20000,0.002,177,128,24,0.6214766720163144,40,0.0025,resolved,35,increase_intrinsic_k,5,confirmation,natural,1.0,1.0,0.015625,anchored_fine,10000,True,False,False,False,1.7912275214363476e-05,9.084968795230009e-07,0.05071923408113428,-3.0221788304612914e-10,-3.9116695608464046e-10
kink_abs,32,20000,0.002,177,128,24,0.6214766720163144,41,-0.0025,resolved,35,decrease_intrinsic_k,5,confirmation,natural,1.0,1.0,0.015625,anchored_fine,10000,True,False,False,False,2.6092273683266727e-05,9.276137630408007e-07,0.03555128136018633,-4.026391063693558e-10,-4.4054128381980874e-10
moment5,32,20000,0.002,177,128,24,1.0,1,0.01,resolved,0,increase_intrinsic_k,0,confirmation,natural,1.0,1.0,0.015625,anchored_full,10000,True,False,False,False,1.096771000252288e-06,7.121391157433516e-08,0.06493052018876681,3.144054082761428e-10,3.275921073828349e-10
moment5,32,20000,0.002,177,128,24,1.0,2,-0.01,resolved,0,decrease_intrinsic_k,0,confirmation,natural,1.0,1.0,0.015625,anchored_full,10000,True,False,False,False,8.43209475171589e-07,7.295240755669178e-08,0.08651753769945046,2.2622626021863877e-10,2.3934096770239304e-10
moment5,32,20000,0.002,177,128,24,1.0,3,0.005,resolved,0,increase_intrinsic_k,0,confirmation,natural,1.0,1.0,0.015625,anchored_full,10000,True,False,False,False,2.5593019391792733e-07,1.8349150242359995e-08,0.07169591817776792,7.29478995234559e-11,7.6132821066817e-11
moment5,32,20000,0.002,177,128,24,1.0,4,-0.005,resolved,0,decrease_intrinsic_k,0,confirmation,natural,1.0,1.0,0.015625,anchored_full,10000,True,False,False,False,2.289219465926041e-07,1.7689120050700744e-08,0.07727140326209438,6.210299678243208e-11,6.550575750351892e-11
moment5,32,20000,0.002,177,128,24,1.0,5,0.0025,resolved,0,increase_intrinsic_k,0,confirmation,natural,1.0,1.0,0.015625,anchored_full,10000,True,False,False,False,6.127904260342546e-08,4.791749745352344e-09,0.07819557130425024,1.7511131505292825e-11,1.8264694342469006e-11
moment5,32,20000,0.002,177,128,24,1.0,6,-0.0025,resolved,0,decrease_intrinsic_k,0,confirmation,natural,1.0,1.0,0.015625,anchored_full,10000,True,False,False,False,6.025006791832193e-08,4.275537158674945e-09,0.07096319234811621,1.624490046886177e-11,1.7139029806222276e-11
mixed_sine,32,20000,0.002,177,128,24,0.8100925873009825,8,0.01,resolved,7,increase_intrinsic_k,1,confirmation,natural,1.0,1.0,0.015625,anchored_full,10000,True,False,False,False,6.799843023360115e-06,6.964056051291162e-07,0.10241495321828624,1.7332526490744089e-09,1.7900114117005317e-09
mixed_sine,32,20000,0.002,177,128,24,0.8100925873009825,9,-0.01,resolved,7,decrease_intrinsic_k,1,confirmation,natural,1.0,1.0,0.015625,anchored_full,10000,True,False,False,False,8.613685984370755e-06,7.519809505010824e-07,0.08730071561298226,1.4082529576159945e-09,1.3479362853488422e-09
mixed_sine,32,20000,0.002,177,128,24,0.8100925873009825,10,0.005,resolved,7,increase_intrinsic_k,1,confirmation,natural,1.0,1.0,0.015625,anchored_full,10000,True,False,False,False,1.5746731511641173e-06,3.5558853887260425e-07,0.22581736318405274,4.811341694377027e-10,5.09886246856421e-10
mixed_sine,32,20000,0.002,177,128,24,0.8100925873009825,11,-0.005,resolved,7,decrease_intrinsic_k,1,confirmation,natural,1.0,1.0,0.015625,anchored_full,10000,True,False,False,False,2.4124880761146084e-06,3.6961666154230676e-07,0.15320973612337457,3.043215321510009e-10,2.746665430625384e-10
mixed_sine,32,20000,0.002,177,128,24,0.8100925873009825,12,0.0025,resolved,7,increase_intrinsic_k,1,confirmation,natural,1.0,1.0,0.015625,anchored_full,10000,True,False,False,False,3.864993158087396e-07,1.7960636516694752e-07,0.4647003444006775,1.4328224859468093e-10,1.5776253414756756e-10
mixed_sine,32,20000,0.002,177,128,24,0.8100925873009825,13,-0.0025,resolved,7,decrease_intrinsic_k,1,confirmation,natural,1.0,1.0,0.015625,anchored_full,10000,True,False,False,False,7.497493414848332e-07,1.8312176723322247e-07,0.24424398542392967,5.308663368821966e-11,3.8379780454291764e-11
gauss_left,32,20000,0.002,177,128,24,0.3713011646461742,15,0.01,resolved,14,increase_intrinsic_k,2,confirmation,natural,1.0,1.0,0.015625,anchored_full,10000,True,False,False,False,0.00025884521736452466,0.00019113617601161995,0.7384188047115743,7.941450541095803e-09,2.7441083229921287e-08
gauss_left,32,20000,0.002,177,128,24,0.3713011646461742,16,-0.01,resolved,14,decrease_intrinsic_k,2,confirmation,natural,1.0,1.0,0.015625,anchored_full,10000,True,False,False,False,0.000405106762006667,0.00019017597494121218,0.46944655773996286,-2.286746421960345e-08,-4.2309351295812725e-08
gauss_left,32,20000,0.002,177,128,24,0.3713011646461742,17,0.005,resolved,14,increase_intrinsic_k,2,confirmation,natural,1.0,1.0,0.015625,anchored_full,10000,True,False,False,False,0.0001472533695429341,9.54568763146377e-05,0.6482491817398156,5.853358459580233e-09,1.559742166599314e-08
gauss_left,32,20000,0.002,177,128,24,0.3713011646461742,18,-0.005,resolved,14,decrease_intrinsic_k,2,confirmation,natural,1.0,1.0,0.015625,anchored_full,10000,True,False,False,False,0.00018395456005291188,9.521587888578707e-05,0.5176054285275646,-9.585119841741835e-09,-1.9314647217128735e-08
gauss_left,32,20000,0.002,177,128,24,0.3713011646461742,19,0.0025,resolved,14,increase_intrinsic_k,2,confirmation,natural,1.0,1.0,0.015625,anchored_full,10000,True,False,False,False,7.816567764602119e-05,4.769938683428711e-05,0.6102344183632255,3.3952681782809125e-09,8.26566295565891e-09
gauss_left,32,20000,0.002,177,128,24,0.3713011646461742,20,-0.0025,resolved,14,decrease_intrinsic_k,2,confirmation,natural,1.0,1.0,0.015625,anchored_full,10000,True,False,False,False,8.734910942116814e-05,4.7639078260175374e-05,0.5453871089912973,-4.328224641825044e-09,-9.194979249561157e-09
bump_right,32,20000,0.002,177,128,24,0.32889495195335533,22,0.01,resolved,21,increase_intrinsic_k,3,confirmation,natural,1.0,1.0,0.015625,anchored_full,10000,True,False,False,False,3.623676600340842e-05,9.146511816980503e-06,0.2524097160359229,-4.0770924166953e-09,-3.2538164457145786e-09
bump_right,32,20000,0.002,177,128,24,0.32889495195335533,23,-0.01,resolved,21,decrease_intrinsic_k,3,confirmation,natural,1.0,1.0,0.015625,anchored_full,10000,True,False,False,False,0.00015937988595263414,9.238089809698048e-06,0.057962708120167065,-8.258494856805698e-09,-9.225865743726143e-09
bump_right,32,20000,0.002,177,128,24,0.32889495195335533,24,0.005,resolved,21,increase_intrinsic_k,3,confirmation,natural,1.0,1.0,0.015625,anchored_full,10000,True,False,False,False,2.776926675521378e-05,4.5835825448244975e-06,0.16505954533221204,-4.943733889793111e-10,-6.449261526166014e-11
bump_right,32,20000,0.002,177,128,24,0.32889495195335533,25,-0.005,resolved,21,decrease_intrinsic_k,3,confirmation,natural,1.0,1.0,0.015625,anchored_full,10000,True,False,False,False,6.160250091869786e-05,4.606359207133696e-06,0.0747755227212789,-2.5901374844785468e-09,-3.056028358145109e-09
bump_right,32,20000,0.002,177,128,24,0.32889495195335533,26,0.0025,resolved,21,increase_intrinsic_k,3,confirmation,natural,1.0,1.0,0.015625,anchored_full,10000,True,False,False,False,1.7762869496689005e-05,2.2944956689375462e-06,0.1291737052600223,1.3867481556775097e-10,3.5814499126271066e-10
bump_right,32,20000,0.002,177,128,24,0.32889495195335533,27,-0.0025,resolved,21,decrease_intrinsic_k,3,confirmation,natural,1.0,1.0,0.015625,anchored_full,10000,True,False,False,False,2.6341629941624564e-05,2.3001824500335485e-06,0.08732118912652562,-9.09840918888682e-10,-1.1383127668207658e-09
step_right,32,20000,0.002,177,128,24,0.9636241118102141,29,0.01,resolved,28,increase_intrinsic_k,4,confirmation,natural,1.0,1.0,0.015625,anchored_full,10000,True,False,False,False,0.00015143609491892221,2.3974877911108063e-05,0.15831679972957596,-3.622334644893283e-09,-1.7716612182356086e-09
step_right,32,20000,0.002,177,128,24,0.9636241118102141,30,-0.01,resolved,28,decrease_intrinsic_k,4,confirmation,natural,1.0,1.0,0.015625,anchored_full,10000,True,False,False,False,0.000380514518058439,2.1464066060144666e-05,0.05640800821388959,-9.718301908864772e-09,-1.1487600780514674e-08
step_right,32,20000,0.002,177,128,24,0.9636241118102141,31,0.005,resolved,28,increase_intrinsic_k,4,confirmation,natural,1.0,1.0,0.015625,anchored_full,10000,True,False,False,False,9.959350516631638e-05,1.1682668038042282e-05,0.1173035131009074,-2.0340364955555817e-10,7.129312905232745e-10
step_right,32,20000,0.002,177,128,24,0.9636241118102141,32,-0.005,resolved,28,decrease_intrinsic_k,4,confirmation,natural,1.0,1.0,0.015625,anchored_full,10000,True,False,False,False,0.00015872486452544657,1.1053605438856504e-05,0.06964003700305192,-3.1324666978579503e-09,-4.028384718278849e-09
step_right,32,20000,0.002,177,128,24,0.9636241118102141,33,0.0025,resolved,28,increase_intrinsic_k,4,confirmation,natural,1.0,1.0,0.015625,anchored_full,10000,True,False,False,False,5.67499893076863e-05,5.763797504686423e-06,0.10156473287486181,3.0782636899952114e-10,7.635860013021568e-10
step_right,32,20000,0.002,177,128,24,0.9636241118102141,34,-0.0025,resolved,28,decrease_intrinsic_k,4,confirmation,natural,1.0,1.0,0.015625,anchored_full,10000,True,False,False,False,7.163258281737473e-05,5.606446841581597e-06,0.07826671356909015,-1.1418383953790882e-09,-1.5924892149349694e-09
kink_abs,32,20000,0.002,177,128,24,0.6214766720163144,36,0.01,resolved,35,increase_intrinsic_k,5,confirmation,natural,1.0,1.0,0.015625,anchored_full,10000,True,False,False,False,6.821764797271815e-05,4.530860452210043e-06,0.06641771721625526,-5.378174302411364e-09,-5.257093428281972e-09
kink_abs,32,20000,0.002,177,128,24,0.6214766720163144,37,-0.01,resolved,35,decrease_intrinsic_k,5,confirmation,natural,1.0,1.0,0.015625,anchored_full,10000,True,False,False,False,0.00016623722955244567,4.253488832303961e-06,0.025586860679496833,-5.89631029270601e-09,-5.987422571344076e-09
kink_abs,32,20000,0.002,177,128,24,0.6214766720163144,38,0.005,resolved,35,increase_intrinsic_k,5,confirmation,natural,1.0,1.0,0.015625,anchored_full,10000,True,False,False,False,3.115807903984758e-05,2.232784600667892e-06,0.07165989269789125,-1.3033891422715609e-09,-1.2463351546029048e-09
kink_abs,32,20000,0.002,177,128,24,0.6214766720163144,39,-0.005,resolved,35,decrease_intrinsic_k,5,confirmation,natural,1.0,1.0,0.015625,anchored_full,10000,True,False,False,False,6.204095656908757e-05,2.1633040842427246e-06,0.03486896727379941,-1.515877460421705e-09,-1.5654267110165552e-09
kink_abs,32,20000,0.002,177,128,24,0.6214766720163144,40,0.0025,resolved,35,increase_intrinsic_k,5,confirmation,natural,1.0,1.0,0.015625,anchored_full,10000,True,False,False,False,1.7912275214363476e-05,1.107956854265455e-06,0.06185461316365929,-3.0221788304612914e-10,-2.7459685971966444e-10
kink_abs,32,20000,0.002,177,128,24,0.6214766720163144,41,-0.0025,resolved,35,decrease_intrinsic_k,5,confirmation,natural,1.0,1.0,0.015625,anchored_full,10000,True,False,False,False,2.6092273683266727e-05,1.0905781162998797e-06,0.041796975209534154,-4.026391063693558e-10,-4.2838316276562015e-10
moment5,32,20000,0.002,177,128,24,1.0,1,0.01,resolved,0,increase_intrinsic_k,0,confirmation,natural,1.0,1.0,0.015625,anchored_fine,20000,True,False,False,False,1.1403587917892935e-06,1.205607786411356e-06,1.0572179520093696,2.5818480972394626e-10,-1.6466596607460564e-10
moment5,32,20000,0.002,177,128,24,1.0,2,-0.01,resolved,0,decrease_intrinsic_k,0,confirmation,natural,1.0,1.0,0.015625,anchored_fine,20000,True,False,False,False,9.427678291617917e-07,9.694756165285956e-07,1.0283291246695907,1.7219730806590366e-10,-1.5904127036689826e-10
moment5,32,20000,0.002,177,128,24,1.0,3,0.005,resolved,0,increase_intrinsic_k,0,confirmation,natural,1.0,1.0,0.015625,anchored_fine,20000,True,False,False,False,2.6529942564590985e-07,2.8557474184761663e-07,1.0764242747693238,5.876227456481303e-11,-4.1565221925579574e-11
moment5,32,20000,0.002,177,128,24,1.0,4,-0.005,resolved,0,decrease_intrinsic_k,0,confirmation,natural,1.0,1.0,0.015625,anchored_fine,20000,True,False,False,False,2.5974777538835366e-07,2.572297922977644e-07,0.9903060455981786,4.872430016828735e-11,-3.9350113910887076e-11
moment5,32,20000,0.002,177,128,24,1.0,5,0.0025,resolved,0,increase_intrinsic_k,0,confirmation,natural,1.0,1.0,0.015625,anchored_fine,20000,True,False,False,False,6.389453464363913e-08,6.933023245408692e-08,1.0850729697111727,1.3881866345917818e-11,-1.0630480946149619e-11
moment5,32,20000,0.002,177,128,24,1.0,6,-0.0025,resolved,0,decrease_intrinsic_k,0,confirmation,natural,1.0,1.0,0.015625,anchored_fine,20000,True,False,False,False,7.235007806945748e-08,6.639479612360611e-08,0.9176879679364798,1.2982963948344306e-11,-9.597636110964418e-12
mixed_sine,32,20000,0.002,177,128,24,0.8100925873009825,8,0.01,resolved,7,increase_intrinsic_k,1,confirmation,natural,1.0,1.0,0.015625,anchored_fine,20000,True,False,False,False,9.840181427716941e-06,4.035532575058439e-06,0.41010753762034435,2.5248019166264544e-09,1.4843520958625654e-09
mixed_sine,32,20000,0.002,177,128,24,0.8100925873009825,9,-0.01,resolved,7,decrease_intrinsic_k,1,confirmation,natural,1.0,1.0,0.015625,anchored_fine,20000,True,False,False,False,1.688223938795137e-05,4.8648372383993635e-06,0.2881630290038023,9.741451642889504e-10,-4.900602291006808e-10
mixed_sine,32,20000,0.002,177,128,24,0.8100925873009825,10,0.005,resolved,7,increase_intrinsic_k,1,confirmation,natural,1.0,1.0,0.015625,anchored_fine,20000,True,False,False,False,2.435444148023816e-06,1.4891431439331766e-06,0.6114462305126179,8.324954056446623e-10,6.183778713332908e-10
mixed_sine,32,20000,0.002,177,128,24,0.8100925873009825,11,-0.005,resolved,7,decrease_intrinsic_k,1,confirmation,natural,1.0,1.0,0.015625,anchored_fine,20000,True,False,False,False,5.400118793173392e-06,1.7529513551161217e-06,0.32461348023160724,4.232537025439584e-11,-3.697763126138801e-10
mixed_sine,32,20000,0.002,177,128,24,0.8100925873009825,12,0.0025,resolved,7,increase_intrinsic_k,1,confirmation,natural,1.0,1.0,0.015625,anchored_fine,20000,True,False,False,False,1.025799560908716e-06,6.797725987951325e-07,0.6626758527688863,3.0782540919021457e-10,2.7817383273890294e-10
mixed_sine,32,20000,0.002,177,128,24,0.8100925873009825,13,-0.0025,resolved,7,decrease_intrinsic_k,1,confirmation,natural,1.0,1.0,0.015625,anchored_fine,20000,True,False,False,False,1.9866686218155716e-06,7.529256174266361e-07,0.3789890317684458,-8.911496367853293e-11,-2.160216558842458e-10
gauss_left,32,20000,0.002,177,128,24,0.3713011646461742,15,0.01,resolved,14,increase_intrinsic_k,2,confirmation,natural,1.0,1.0,0.015625,anchored_fine,20000,True,False,False,False,0.002010452865766211,0.0009055538324386318,0.4504228116253364,1.6115256398431305e-07,2.4264383666778447e-07
gauss_left,32,20000,0.002,177,128,24,0.3713011646461742,16,-0.01,resolved,14,decrease_intrinsic_k,2,confirmation,natural,1.0,1.0,0.015625,anchored_fine,20000,True,False,False,False,0.002366970086098855,0.0008458997245012185,0.35737660119541115,-2.032480648244685e-07,-2.885248863527205e-07
gauss_left,32,20000,0.002,177,128,24,0.3713011646461742,17,0.005,resolved,14,increase_intrinsic_k,2,confirmation,natural,1.0,1.0,0.015625,anchored_fine,20000,True,False,False,False,0.0010498819471846971,0.00044526210885362434,0.4241068341517954,8.592924322652595e-08,1.2715142870034864e-07
gauss_left,32,20000,0.002,177,128,24,0.3713011646461742,18,-0.005,resolved,14,decrease_intrinsic_k,2,confirmation,natural,1.0,1.0,0.015625,anchored_fine,20000,True,False,False,False,0.001139061239043232,0.00043033866905717365,0.3778011702150814,-9.645349026275032e-08,-1.3862089830895332e-07
gauss_left,32,20000,0.002,177,128,24,0.3713011646461742,19,0.0025,resolved,14,increase_intrinsic_k,2,confirmation,natural,1.0,1.0,0.015625,anchored_fine,20000,True,False,False,False,0.000536101812965398,0.00022075804286157338,0.41178380211115223,4.4291543916759714e-08,6.502117003912743e-08
gauss_left,32,20000,0.002,177,128,24,0.3713011646461742,20,-0.0025,resolved,14,decrease_intrinsic_k,2,confirmation,natural,1.0,1.0,0.015625,anchored_fine,20000,True,False,False,False,0.0005583997395947559,0.0002170265633432398,0.38865806689082844,-4.692262890673034e-08,-6.788848788955377e-08
bump_right,32,20000,0.002,177,128,24,0.32889495195335533,22,0.01,resolved,21,increase_intrinsic_k,3,confirmation,natural,1.0,1.0,0.015625,anchored_fine,20000,True,False,False,False,0.00027603641725883833,4.353075522724418e-05,0.15769931974745763,5.146000936524723e-09,2.566652640031109e-09
bump_right,32,20000,0.002,177,128,24,0.32889495195335533,23,-0.01,resolved,21,decrease_intrinsic_k,3,confirmation,natural,1.0,1.0,0.015625,anchored_fine,20000,True,False,False,False,0.0005800842130211359,4.9031036206203304e-05,0.08452399687080747,-3.234127190307915e-08,-4.38063518109934e-08
bump_right,32,20000,0.002,177,128,24,0.32889495195335533,24,0.005,resolved,21,increase_intrinsic_k,3,confirmation,natural,1.0,1.0,0.015625,anchored_fine,20000,True,False,False,False,0.00017423187434252834,2.211048001423378e-05,0.12690261238173928,6.001577598342935e-09,6.477033724589838e-09
bump_right,32,20000,0.002,177,128,24,0.32889495195335533,25,-0.005,resolved,21,decrease_intrinsic_k,3,confirmation,natural,1.0,1.0,0.015625,anchored_fine,20000,True,False,False,False,0.0002509719963255641,2.3507647080292632e-05,0.093666414677589,-1.2801767993302009e-08,-1.678790620392047e-08
bump_right,32,20000,0.002,177,128,24,0.32889495195335533,26,0.0025,resolved,21,increase_intrinsic_k,3,confirmation,natural,1.0,1.0,0.015625,anchored_fine,20000,True,False,False,False,9.653933040734846e-05,1.118758170832141e-05,0.11588625756067834,3.854504268979376e-09,4.532251635094129e-09
bump_right,32,20000,0.002,177,128,24,0.32889495195335533,27,-0.0025,resolved,21,decrease_intrinsic_k,3,confirmation,natural,1.0,1.0,0.015625,anchored_fine,20000,True,False,False,False,0.00011576488825613051,1.1538283968604526e-05,0.09966997888924665,-5.554637649522565e-09,-7.11002896202962e-09
step_right,32,20000,0.002,177,128,24,0.9636241118102141,29,0.01,resolved,28,increase_intrinsic_k,4,confirmation,natural,1.0,1.0,0.015625,anchored_fine,20000,True,False,False,False,0.0010878036349363282,9.009853969328697e-05,0.08282610647698439,1.1324611453173023e-08,1.2129086898578603e-08
step_right,32,20000,0.002,177,128,24,0.9636241118102141,30,-0.01,resolved,28,decrease_intrinsic_k,4,confirmation,natural,1.0,1.0,0.015625,anchored_fine,20000,True,False,False,False,0.0016151927019554012,6.604924686125746e-05,0.04089248718205341,-3.049401120542011e-08,-3.733596876530299e-08
step_right,32,20000,0.002,177,128,24,0.9636241118102141,31,0.005,resolved,28,increase_intrinsic_k,4,confirmation,natural,1.0,1.0,0.015625,anchored_fine,20000,True,False,False,False,0.0006085982210432469,4.183518942764208e-05,0.06874024271041909,8.00050611937565e-09,9.177800832165167e-09
step_right,32,20000,0.002,177,128,24,0.9636241118102141,32,-0.005,resolved,28,decrease_intrinsic_k,4,confirmation,natural,1.0,1.0,0.015625,anchored_fine,20000,True,False,False,False,0.0007408717662634006,3.575638391321935e-05,0.048262581382412885,-1.2792633330912897e-08,-1.5478445807056868e-08
step_right,32,20000,0.002,177,128,24,0.9636241118102141,33,0.0025,resolved,28,increase_intrinsic_k,4,confirmation,natural,1.0,1.0,0.015625,anchored_fine,20000,True,False,False,False,0.0003207031557289699,2.013041126193797e-05,0.06276960766469795,4.592016820769096e-09,5.371749022923121e-09
step_right,32,20000,0.002,177,128,24,0.9636241118102141,34,-0.0025,resolved,28,decrease_intrinsic_k,4,confirmation,natural,1.0,1.0,0.015625,anchored_fine,20000,True,False,False,False,0.0003537973056756434,1.860657996830788e-05,0.05259107310830157,-5.790034601981865e-09,-6.946842946474761e-09
kink_abs,32,20000,0.002,177,128,24,0.6214766720163144,36,0.01,resolved,35,increase_intrinsic_k,5,confirmation,natural,1.0,1.0,0.015625,anchored_fine,20000,True,False,False,False,0.00027274138288268206,2.264151031595933e-05,0.08301457621375495,-2.048889469103952e-09,-4.785346827280465e-09
kink_abs,32,20000,0.002,177,128,24,0.6214766720163144,37,-0.01,resolved,35,decrease_intrinsic_k,5,confirmation,natural,1.0,1.0,0.015625,anchored_fine,20000,True,False,False,False,0.0005530844122036394,2.123146924840991e-05,0.03838739400341792,-2.0602355097095974e-08,-2.2581080181953676e-08
kink_abs,32,20000,0.002,177,128,24,0.6214766720163144,38,0.005,resolved,35,increase_intrinsic_k,5,confirmation,natural,1.0,1.0,0.015625,anchored_fine,20000,True,False,False,False,0.00016191459265527664,1.1010513822438183e-05,0.06800198574985798,1.7783294992749144e-09,1.0053637141071986e-09
kink_abs,32,20000,0.002,177,128,24,0.6214766720163144,39,-0.005,resolved,35,decrease_intrinsic_k,5,confirmation,natural,1.0,1.0,0.015625,anchored_fine,20000,True,False,False,False,0.0002349323707068631,1.0650551869000203e-05,0.04533454388152167,-7.442448093814541e-09,-7.847989637961309e-09
kink_abs,32,20000,0.002,177,128,24,0.6214766720163144,40,0.0025,resolved,35,increase_intrinsic_k,5,confirmation,natural,1.0,1.0,0.015625,anchored_fine,20000,True,False,False,False,8.909249302538847e-05,5.443174642362287e-06,0.06109577201763968,1.5936423865003365e-09,1.3551973920432794e-09
kink_abs,32,20000,0.002,177,128,24,0.6214766720163144,41,-0.0025,resolved,35,decrease_intrinsic_k,5,confirmation,natural,1.0,1.0,0.015625,anchored_fine,20000,True,False,False,False,0.00010752096238299006,5.3527086393471955e-06,0.049782930888219064,-3.009753718354989e-09,-3.0659175384376435e-09
moment5,32,20000,0.002,177,128,24,1.0,1,0.01,resolved,0,increase_intrinsic_k,0,confirmation,natural,1.0,1.0,0.015625,anchored_full,20000,True,False,False,False,1.1403587917892935e-06,1.4524878405099256e-07,0.1273711266110276,2.5818480972394626e-10,2.8381221758963353e-10
moment5,32,20000,0.002,177,128,24,1.0,2,-0.01,resolved,0,decrease_intrinsic_k,0,confirmation,natural,1.0,1.0,0.015625,anchored_full,20000,True,False,False,False,9.427678291617917e-07,1.4408197532176092e-07,0.1528286931999612,1.7219730806590366e-10,1.991625728088644e-10
moment5,32,20000,0.002,177,128,24,1.0,3,0.005,resolved,0,increase_intrinsic_k,0,confirmation,natural,1.0,1.0,0.015625,anchored_full,20000,True,False,False,False,2.6529942564590985e-07,3.815723510272652e-08,0.14382705507117932,5.876227456481303e-11,6.475911109203254e-11
moment5,32,20000,0.002,177,128,24,1.0,4,-0.005,resolved,0,decrease_intrinsic_k,0,confirmation,natural,1.0,1.0,0.015625,anchored_full,20000,True,False,False,False,2.5974777538835366e-07,3.45420019520216e-08,0.13298285962363765,4.872430016828735e-11,5.590025192363815e-11
moment5,32,20000,0.002,177,128,24,1.0,5,0.0025,resolved,0,increase_intrinsic_k,0,confirmation,natural,1.0,1.0,0.015625,anchored_full,20000,True,False,False,False,6.389453464363913e-08,1.0394847322854573e-08,0.1626875816661012,1.3881866345917818e-11,1.520265136223083e-11
moment5,32,20000,0.002,177,128,24,1.0,6,-0.0025,resolved,0,decrease_intrinsic_k,0,confirmation,natural,1.0,1.0,0.015625,anchored_full,20000,True,False,False,False,7.235007806945748e-08,8.268364852586838e-09,0.11428273573732771,1.2982963948344306e-11,1.495691865767723e-11
mixed_sine,32,20000,0.002,177,128,24,0.8100925873009825,8,0.01,resolved,7,increase_intrinsic_k,1,confirmation,natural,1.0,1.0,0.015625,anchored_full,20000,True,False,False,False,9.840181427716941e-06,2.5332593768685645e-06,0.2574403119980193,2.5248019166264544e-09,2.7358055720747532e-09
mixed_sine,32,20000,0.002,177,128,24,0.8100925873009825,9,-0.01,resolved,7,decrease_intrinsic_k,1,confirmation,natural,1.0,1.0,0.015625,anchored_full,20000,True,False,False,False,1.688223938795137e-05,2.813228780302467e-06,0.16663836566079207,9.741451642889504e-10,7.356724724353625e-10
mixed_sine,32,20000,0.002,177,128,24,0.8100925873009825,10,0.005,resolved,7,increase_intrinsic_k,1,confirmation,natural,1.0,1.0,0.015625,anchored_full,20000,True,False,False,False,2.435444148023816e-06,1.3017197617129582e-06,0.5344896793339351,8.324954056446623e-10,9.411316296320763e-10
mixed_sine,32,20000,0.002,177,128,24,0.8100925873009825,11,-0.005,resolved,7,decrease_intrinsic_k,1,confirmation,natural,1.0,1.0,0.015625,anchored_full,20000,True,False,False,False,5.400118793173392e-06,1.3719564178762566e-06,0.254060414302483,4.232537025439584e-11,-7.320092907763494e-11
mixed_sine,32,20000,0.002,177,128,24,0.8100925873009825,12,0.0025,resolved,7,increase_intrinsic_k,1,confirmation,natural,1.0,1.0,0.015625,anchored_full,20000,True,False,False,False,1.025799560908716e-06,6.596573706268314e-07,0.6430665363538142,3.0782540919021457e-10,3.6296803678803514e-10
mixed_sine,32,20000,0.002,177,128,24,0.8100925873009825,13,-0.0025,resolved,7,decrease_intrinsic_k,1,confirmation,natural,1.0,1.0,0.015625,anchored_full,20000,True,False,False,False,1.9866686218155716e-06,6.772317585331619e-07,0.3408881335802521,-8.911496367853293e-11,-1.4598153684498901e-10
gauss_left,32,20000,0.002,177,128,24,0.3713011646461742,15,0.01,resolved,14,increase_intrinsic_k,2,confirmation,natural,1.0,1.0,0.015625,anchored_full,20000,True,False,False,False,0.002010452865766211,0.0009469005237099456,0.47098867117636645,1.6115256398431305e-07,2.4841578071581504e-07
gauss_left,32,20000,0.002,177,128,24,0.3713011646461742,16,-0.01,resolved,14,decrease_intrinsic_k,2,confirmation,natural,1.0,1.0,0.015625,anchored_full,20000,True,False,False,False,0.002366970086098855,0.0008791216689349012,0.37141224306042425,-2.032480648244685e-07,-2.802832489760299e-07
gauss_left,32,20000,0.002,177,128,24,0.3713011646461742,17,0.005,resolved,14,increase_intrinsic_k,2,confirmation,natural,1.0,1.0,0.015625,anchored_full,20000,True,False,False,False,0.0010498819471846971,0.00046484853541924975,0.4427626712372384,8.592924322652595e-08,1.2827330617119028e-07
gauss_left,32,20000,0.002,177,128,24,0.3713011646461742,18,-0.005,resolved,14,decrease_intrinsic_k,2,confirmation,natural,1.0,1.0,0.015625,anchored_full,20000,True,False,False,False,0.001139061239043232,0.0004478965170923409,0.39321548459374916,-9.645349026275032e-08,-1.3623965762083244e-07
gauss_left,32,20000,0.002,177,128,24,0.3713011646461742,19,0.0025,resolved,14,increase_intrinsic_k,2,confirmation,natural,1.0,1.0,0.015625,anchored_full,20000,True,False,False,False,0.000536101812965398,0.00023028885741841807,0.4295617956309388,4.4291543916759714e-08,6.51426790071486e-08
gauss_left,32,20000,0.002,177,128,24,0.3713011646461742,20,-0.0025,resolved,14,decrease_intrinsic_k,2,confirmation,natural,1.0,1.0,0.015625,anchored_full,20000,True,False,False,False,0.0005583997395947559,0.00022605039624325687,0.4048182336318908,-4.692262890673034e-08,-6.713423463576594e-08
bump_right,32,20000,0.002,177,128,24,0.32889495195335533,22,0.01,resolved,21,increase_intrinsic_k,3,confirmation,natural,1.0,1.0,0.015625,anchored_full,20000,True,False,False,False,0.00027603641725883833,5.0671493043997695e-05,0.18356814491068843,5.146000936524723e-09,9.702496447534502e-09
bump_right,32,20000,0.002,177,128,24,0.32889495195335533,23,-0.01,resolved,21,decrease_intrinsic_k,3,confirmation,natural,1.0,1.0,0.015625,anchored_full,20000,True,False,False,False,0.0005800842130211359,4.945307081089425e-05,0.08525153710585877,-3.234127190307915e-08,-3.705998873661106e-08
bump_right,32,20000,0.002,177,128,24,0.32889495195335533,24,0.005,resolved,21,increase_intrinsic_k,3,confirmation,natural,1.0,1.0,0.015625,anchored_full,20000,True,False,False,False,0.00017423187434252834,2.519451701615875e-05,0.14460337473399382,6.001577598342935e-09,8.302591315207819e-09
bump_right,32,20000,0.002,177,128,24,0.32889495195335533,25,-0.005,resolved,21,decrease_intrinsic_k,3,confirmation,natural,1.0,1.0,0.015625,anchored_full,20000,True,False,False,False,0.0002509719963255641,2.488875417917312e-05,0.09916944736291258,-1.2801767993302009e-08,-1.514324989632848e-08
bump_right,32,20000,0.002,177,128,24,0.32889495195335533,26,0.0025,resolved,21,increase_intrinsic_k,3,confirmation,natural,1.0,1.0,0.015625,anchored_full,20000,True,False,False,False,9.653933040734846e-05,1.256039153765469e-05,0.1301064704370335,3.854504268979376e-09,5.010378401965799e-09
bump_right,32,20000,0.002,177,128,24,0.32889495195335533,27,-0.0025,resolved,21,decrease_intrinsic_k,3,confirmation,natural,1.0,1.0,0.015625,anchored_full,20000,True,False,False,False,0.00011576488825613051,1.2483878384552845e-05,0.10783821046785956,-5.554637649522565e-09,-6.7206233790689806e-09
step_right,32,20000,0.002,177,128,24,0.9636241118102141,29,0.01,resolved,28,increase_intrinsic_k,4,confirmation,natural,1.0,1.0,0.015625,anchored_full,20000,True,False,False,False,0.0010878036349363282,0.00010472652424869721,0.0962733722201867,1.1324611453173023e-08,1.7885295272978806e-08
step_right,32,20000,0.002,177,128,24,0.9636241118102141,30,-0.01,resolved,28,decrease_intrinsic_k,4,confirmation,natural,1.0,1.0,0.015625,anchored_full,20000,True,False,False,False,0.0016151927019554012,7.497055889782282e-05,0.04641586035341863,-3.049401120542011e-08,-3.5732629065198075e-08
step_right,32,20000,0.002,177,128,24,0.9636241118102141,31,0.005,resolved,28,increase_intrinsic_k,4,confirmation,natural,1.0,1.0,0.015625,anchored_full,20000,True,False,False,False,0.0006085982210432469,4.8585101444326324e-05,0.07983115915298392,8.00050611937565e-09,1.1116586009819468e-08
step_right,32,20000,0.002,177,128,24,0.9636241118102141,32,-0.005,resolved,28,decrease_intrinsic_k,4,confirmation,natural,1.0,1.0,0.015625,anchored_full,20000,True,False,False,False,0.0007408717662634006,4.1123527868296375e-05,0.05550694430657493,-1.2792633330912897e-08,-1.5577688682144076e-08
step_right,32,20000,0.002,177,128,24,0.9636241118102141,33,0.0025,resolved,28,increase_intrinsic_k,4,confirmation,natural,1.0,1.0,0.015625,anchored_full,20000,True,False,False,False,0.0003207031557289699,2.335200970219819e-05,0.072815029366076,4.592016820769096e-09,6.108787105334284e-09
step_right,32,20000,0.002,177,128,24,0.9636241118102141,34,-0.0025,resolved,28,decrease_intrinsic_k,4,confirmation,natural,1.0,1.0,0.015625,anchored_full,20000,True,False,False,False,0.0003537973056756434,2.148521943961396e-05,0.06072748179521559,-5.790034601981865e-09,-7.2240169904331445e-09
kink_abs,32,20000,0.002,177,128,24,0.6214766720163144,36,0.01,resolved,35,increase_intrinsic_k,5,confirmation,natural,1.0,1.0,0.015625,anchored_full,20000,True,False,False,False,0.00027274138288268206,2.551405979106624e-05,0.09354671271884306,-2.048889469103952e-09,-1.5498632766823312e-09
kink_abs,32,20000,0.002,177,128,24,0.6214766720163144,37,-0.01,resolved,35,decrease_intrinsic_k,5,confirmation,natural,1.0,1.0,0.015625,anchored_full,20000,True,False,False,False,0.0005530844122036394,2.3262353157706e-05,0.042059317971053334,-2.0602355097095974e-08,-2.085725483634768e-08
kink_abs,32,20000,0.002,177,128,24,0.6214766720163144,38,0.005,resolved,35,increase_intrinsic_k,5,confirmation,natural,1.0,1.0,0.015625,anchored_full,20000,True,False,False,False,0.00016191459265527664,1.2482609987617302e-05,0.07709379236863062,1.7783294992749144e-09,1.998412035659365e-09
kink_abs,32,20000,0.002,177,128,24,0.6214766720163144,39,-0.005,resolved,35,decrease_intrinsic_k,5,confirmation,natural,1.0,1.0,0.015625,anchored_full,20000,True,False,False,False,0.0002349323707068631,1.1918195324625108e-05,0.05073032417272134,-7.442448093814541e-09,-7.60140892047701e-09
kink_abs,32,20000,0.002,177,128,24,0.6214766720163144,40,0.0025,resolved,35,increase_intrinsic_k,5,confirmation,natural,1.0,1.0,0.015625,anchored_full,20000,True,False,False,False,8.909249302538847e-05,6.171591119751912e-06,0.06927172997609585,1.5936423865003365e-09,1.6961764981313202e-09
kink_abs,32,20000,0.002,177,128,24,0.6214766720163144,41,-0.0025,resolved,35,decrease_intrinsic_k,5,confirmation,natural,1.0,1.0,0.015625,anchored_full,20000,True,False,False,False,0.00010752096238299006,6.0303943755737246e-06,0.05608575520458455,-3.009753718354989e-09,-3.09700177486402e-09
