target,seed,arm,start,coarse_run,fine_run,flow_time,input_hash_match,initial_state_match,either_failed,equal_completed_flow_time,endpoint_slope_difference,relative_to_coarse_displacement
moment5,0,repaired,600000,/workspace/junmiaoh/experiments/precision-mlps/mechanism-0365cd3-20260923/evidence/population_output_cb89e72/late_development_run,/workspace/junmiaoh/experiments/precision-mlps/mechanism-0365cd3-20260923/evidence/population_output_cb89e72/late_development_half,40.0,True,True,False,True,1.8841046561264886e-11,4.476297221543972e-08
moment5,0,s10_primary,600000,/workspace/junmiaoh/experiments/precision-mlps/mechanism-0365cd3-20260923/evidence/population_output_cb89e72/late_development_run,/workspace/junmiaoh/experiments/precision-mlps/mechanism-0365cd3-20260923/evidence/population_output_cb89e72/late_development_half,40.0,True,True,False,True,9.284075845302864e-06,1.8326424057431196e-05
moment5,0,s100_primary,600000,/workspace/junmiaoh/experiments/precision-mlps/mechanism-0365cd3-20260923/evidence/population_output_cb89e72/late_development_run,/workspace/junmiaoh/experiments/precision-mlps/mechanism-0365cd3-20260923/evidence/population_output_cb89e72/late_development_half,40.0,True,True,False,True,7.333117653793508e-06,2.6091360671168033e-05
moment5,0,s10_inverse,600000,/workspace/junmiaoh/experiments/precision-mlps/mechanism-0365cd3-20260923/evidence/population_output_cb89e72/late_development_run,/workspace/junmiaoh/experiments/precision-mlps/mechanism-0365cd3-20260923/evidence/population_output_cb89e72/late_development_half,40.0,True,True,False,True,9.838112506457902e-06,2.4781237548453556e-05
moment5,0,s100_inverse,600000,/workspace/junmiaoh/experiments/precision-mlps/mechanism-0365cd3-20260923/evidence/population_output_cb89e72/late_development_run,/workspace/junmiaoh/experiments/precision-mlps/mechanism-0365cd3-20260923/evidence/population_output_cb89e72/late_development_half,40.0,True,True,False,True,7.472263808321488e-06,3.156880586418577e-05
mixed_sine,0,repaired,600000,/workspace/junmiaoh/experiments/precision-mlps/mechanism-0365cd3-20260923/evidence/population_output_cb89e72/late_development_run,/workspace/junmiaoh/experiments/precision-mlps/mechanism-0365cd3-20260923/evidence/population_output_cb89e72/late_development_half,40.0,True,True,False,True,2.728753264521911e-07,1.1816896386730087e-06
mixed_sine,0,s10_primary,600000,/workspace/junmiaoh/experiments/precision-mlps/mechanism-0365cd3-20260923/evidence/population_output_cb89e72/late_development_run,/workspace/junmiaoh/experiments/precision-mlps/mechanism-0365cd3-20260923/evidence/population_output_cb89e72/late_development_half,40.0,True,True,False,True,1.4768507386852562e-06,8.257444538209221e-06
mixed_sine,0,s100_primary,600000,/workspace/junmiaoh/experiments/precision-mlps/mechanism-0365cd3-20260923/evidence/population_output_cb89e72/late_development_run,/workspace/junmiaoh/experiments/precision-mlps/mechanism-0365cd3-20260923/evidence/population_output_cb89e72/late_development_half,40.0,True,True,False,True,5.106943271822154e-06,5.818781107410077e-05
mixed_sine,0,s10_inverse,600000,/workspace/junmiaoh/experiments/precision-mlps/mechanism-0365cd3-20260923/evidence/population_output_cb89e72/late_development_run,/workspace/junmiaoh/experiments/precision-mlps/mechanism-0365cd3-20260923/evidence/population_output_cb89e72/late_development_half,40.0,True,True,False,True,4.633774244501993e-06,2.3967984590701846e-05
mixed_sine,0,s100_inverse,600000,/workspace/junmiaoh/experiments/precision-mlps/mechanism-0365cd3-20260923/evidence/population_output_cb89e72/late_development_run,/workspace/junmiaoh/experiments/precision-mlps/mechanism-0365cd3-20260923/evidence/population_output_cb89e72/late_development_half,40.0,True,True,False,True,1.3579417393243393e-06,2.3521703464624314e-05
gauss_left,22,repaired,600000,/workspace/junmiaoh/experiments/precision-mlps/mechanism-0365cd3-20260923/evidence/population_output_cb89e72/late_development_run,/workspace/junmiaoh/experiments/precision-mlps/mechanism-0365cd3-20260923/evidence/population_output_cb89e72/late_development_half,40.0,True,True,False,True,1.5897088338694225e-07,1.5479928012205166e-06
gauss_left,22,s10_primary,600000,/workspace/junmiaoh/experiments/precision-mlps/mechanism-0365cd3-20260923/evidence/population_output_cb89e72/late_development_run,/workspace/junmiaoh/experiments/precision-mlps/mechanism-0365cd3-20260923/evidence/population_output_cb89e72/late_development_half,40.0,True,True,False,True,2.0749352678385998e-05,8.964632066401017e-05
gauss_left,22,s100_primary,600000,/workspace/junmiaoh/experiments/precision-mlps/mechanism-0365cd3-20260923/evidence/population_output_cb89e72/late_development_run,/workspace/junmiaoh/experiments/precision-mlps/mechanism-0365cd3-20260923/evidence/population_output_cb89e72/late_development_half,40.0,True,True,False,True,1.2805638063108353e-05,0.0001324652724354563
gauss_left,22,s10_inverse,600000,/workspace/junmiaoh/experiments/precision-mlps/mechanism-0365cd3-20260923/evidence/population_output_cb89e72/late_development_run,/workspace/junmiaoh/experiments/precision-mlps/mechanism-0365cd3-20260923/evidence/population_output_cb89e72/late_development_half,40.0,True,True,False,True,5.119160235905223e-06,4.134065798859942e-05
gauss_left,22,s100_inverse,600000,/workspace/junmiaoh/experiments/precision-mlps/mechanism-0365cd3-20260923/evidence/population_output_cb89e72/late_development_run,/workspace/junmiaoh/experiments/precision-mlps/mechanism-0365cd3-20260923/evidence/population_output_cb89e72/late_development_half,40.0,True,True,False,True,1.6802153736091742e-06,0.00034007450595902874
bump_right,22,repaired,600000,/workspace/junmiaoh/experiments/precision-mlps/mechanism-0365cd3-20260923/evidence/population_output_cb89e72/late_development_run,/workspace/junmiaoh/experiments/precision-mlps/mechanism-0365cd3-20260923/evidence/population_output_cb89e72/late_development_half,40.0,True,True,False,True,4.691908644093027e-08,1.4246335886614075e-06
bump_right,22,s10_primary,600000,/workspace/junmiaoh/experiments/precision-mlps/mechanism-0365cd3-20260923/evidence/population_output_cb89e72/late_development_run,/workspace/junmiaoh/experiments/precision-mlps/mechanism-0365cd3-20260923/evidence/population_output_cb89e72/late_development_half,40.0,True,True,False,True,8.92462968646007e-06,4.9317383225444165e-05
bump_right,22,s100_primary,600000,/workspace/junmiaoh/experiments/precision-mlps/mechanism-0365cd3-20260923/evidence/population_output_cb89e72/late_development_run,/workspace/junmiaoh/experiments/precision-mlps/mechanism-0365cd3-20260923/evidence/population_output_cb89e72/late_development_half,40.0,True,True,False,True,1.0603733967455132e-05,3.1254086533447904e-05
bump_right,22,s10_inverse,600000,/workspace/junmiaoh/experiments/precision-mlps/mechanism-0365cd3-20260923/evidence/population_output_cb89e72/late_development_run,/workspace/junmiaoh/experiments/precision-mlps/mechanism-0365cd3-20260923/evidence/population_output_cb89e72/late_development_half,40.0,True,True,False,True,6.743827280409262e-06,2.5582017752292583e-05
bump_right,22,s100_inverse,600000,/workspace/junmiaoh/experiments/precision-mlps/mechanism-0365cd3-20260923/evidence/population_output_cb89e72/late_development_run,/workspace/junmiaoh/experiments/precision-mlps/mechanism-0365cd3-20260923/evidence/population_output_cb89e72/late_development_half,40.0,True,True,False,True,2.338612640864467e-06,5.17376744909944e-05
step_right,22,repaired,600000,/workspace/junmiaoh/experiments/precision-mlps/mechanism-0365cd3-20260923/evidence/population_output_cb89e72/late_development_run,/workspace/junmiaoh/experiments/precision-mlps/mechanism-0365cd3-20260923/evidence/population_output_cb89e72/late_development_half,40.0,True,True,False,True,4.768112838350666e-08,6.503605830745568e-07
step_right,22,s10_primary,600000,/workspace/junmiaoh/experiments/precision-mlps/mechanism-0365cd3-20260923/evidence/population_output_cb89e72/late_development_run,/workspace/junmiaoh/experiments/precision-mlps/mechanism-0365cd3-20260923/evidence/population_output_cb89e72/late_development_half,40.0,True,True,False,True,2.4879167215496587e-06,3.276167458951596e-05
step_right,22,s100_primary,600000,/workspace/junmiaoh/experiments/precision-mlps/mechanism-0365cd3-20260923/evidence/population_output_cb89e72/late_development_run,/workspace/junmiaoh/experiments/precision-mlps/mechanism-0365cd3-20260923/evidence/population_output_cb89e72/late_development_half,40.0,True,True,False,True,1.929670813232886e-06,5.685970997220962e-05
step_right,22,s10_inverse,600000,/workspace/junmiaoh/experiments/precision-mlps/mechanism-0365cd3-20260923/evidence/population_output_cb89e72/late_development_run,/workspace/junmiaoh/experiments/precision-mlps/mechanism-0365cd3-20260923/evidence/population_output_cb89e72/late_development_half,40.0,True,True,False,True,2.0227116932965578e-06,8.363858406784204e-05
step_right,22,s100_inverse,600000,/workspace/junmiaoh/experiments/precision-mlps/mechanism-0365cd3-20260923/evidence/population_output_cb89e72/late_development_run,/workspace/junmiaoh/experiments/precision-mlps/mechanism-0365cd3-20260923/evidence/population_output_cb89e72/late_development_half,40.0,True,True,False,True,2.8249206263944333e-07,7.940955663877458e-05
kink_abs,22,repaired,600000,/workspace/junmiaoh/experiments/precision-mlps/mechanism-0365cd3-20260923/evidence/population_output_cb89e72/late_development_run,/workspace/junmiaoh/experiments/precision-mlps/mechanism-0365cd3-20260923/evidence/population_output_cb89e72/late_development_half,40.0,True,True,False,True,9.66786972500614e-09,4.580450655258642e-07
kink_abs,22,s10_primary,600000,/workspace/junmiaoh/experiments/precision-mlps/mechanism-0365cd3-20260923/evidence/population_output_cb89e72/late_development_run,/workspace/junmiaoh/experiments/precision-mlps/mechanism-0365cd3-20260923/evidence/population_output_cb89e72/late_development_half,40.0,True,True,False,True,3.7245577665458464e-05,7.338374171889016e-05
kink_abs,22,s100_primary,600000,/workspace/junmiaoh/experiments/precision-mlps/mechanism-0365cd3-20260923/evidence/population_output_cb89e72/late_development_run,/workspace/junmiaoh/experiments/precision-mlps/mechanism-0365cd3-20260923/evidence/population_output_cb89e72/late_development_half,40.0,True,True,False,True,1.405933626767851e-05,0.0001665048636945029
kink_abs,22,s10_inverse,600000,/workspace/junmiaoh/experiments/precision-mlps/mechanism-0365cd3-20260923/evidence/population_output_cb89e72/late_development_run,/workspace/junmiaoh/experiments/precision-mlps/mechanism-0365cd3-20260923/evidence/population_output_cb89e72/late_development_half,40.0,True,True,False,True,1.1253953742456146e-06,5.743465869233841e-05
kink_abs,22,s100_inverse,600000,/workspace/junmiaoh/experiments/precision-mlps/mechanism-0365cd3-20260923/evidence/population_output_cb89e72/late_development_run,/workspace/junmiaoh/experiments/precision-mlps/mechanism-0365cd3-20260923/evidence/population_output_cb89e72/late_development_half,40.0,True,True,False,True,7.075441906335277e-07,0.0002495386630301191
moment5,30,repaired,20000,/workspace/junmiaoh/experiments/precision-mlps/mechanism-0365cd3-20260923/evidence/population_output_cb89e72/wide_N512_run,/workspace/junmiaoh/experiments/precision-mlps/mechanism-0365cd3-20260923/evidence/population_output_cb89e72/wide_N512_half,40.0,True,True,False,True,1.288715324289941e-13,3.6348017067505552e-09
moment5,30,s10_primary,20000,/workspace/junmiaoh/experiments/precision-mlps/mechanism-0365cd3-20260923/evidence/population_output_cb89e72/wide_N512_run,/workspace/junmiaoh/experiments/precision-mlps/mechanism-0365cd3-20260923/evidence/population_output_cb89e72/wide_N512_half,40.0,True,True,False,True,5.219305273224047e-07,6.281805015769184e-06
moment5,30,s100_primary,20000,/workspace/junmiaoh/experiments/precision-mlps/mechanism-0365cd3-20260923/evidence/population_output_cb89e72/wide_N512_run,/workspace/junmiaoh/experiments/precision-mlps/mechanism-0365cd3-20260923/evidence/population_output_cb89e72/wide_N512_half,40.0,True,True,False,True,4.833524059273956e-06,4.181859034352338e-05
moment5,30,s10_inverse,20000,/workspace/junmiaoh/experiments/precision-mlps/mechanism-0365cd3-20260923/evidence/population_output_cb89e72/wide_N512_run,/workspace/junmiaoh/experiments/precision-mlps/mechanism-0365cd3-20260923/evidence/population_output_cb89e72/wide_N512_half,40.0,True,True,False,True,5.587197231896164e-07,1.6637098081699016e-05
moment5,30,s100_inverse,20000,/workspace/junmiaoh/experiments/precision-mlps/mechanism-0365cd3-20260923/evidence/population_output_cb89e72/wide_N512_run,/workspace/junmiaoh/experiments/precision-mlps/mechanism-0365cd3-20260923/evidence/population_output_cb89e72/wide_N512_half,40.0,True,True,False,True,5.891109075410409e-06,7.186786634557127e-05
mixed_sine,30,repaired,20000,/workspace/junmiaoh/experiments/precision-mlps/mechanism-0365cd3-20260923/evidence/population_output_cb89e72/wide_N512_run,/workspace/junmiaoh/experiments/precision-mlps/mechanism-0365cd3-20260923/evidence/population_output_cb89e72/wide_N512_half,40.0,True,True,False,True,4.521417097211945e-09,3.984250746209823e-07
mixed_sine,30,s10_primary,20000,/workspace/junmiaoh/experiments/precision-mlps/mechanism-0365cd3-20260923/evidence/population_output_cb89e72/wide_N512_run,/workspace/junmiaoh/experiments/precision-mlps/mechanism-0365cd3-20260923/evidence/population_output_cb89e72/wide_N512_half,40.0,True,True,False,True,1.3838623767091358e-05,2.3076617951528175e-05
mixed_sine,30,s100_primary,20000,/workspace/junmiaoh/experiments/precision-mlps/mechanism-0365cd3-20260923/evidence/population_output_cb89e72/wide_N512_run,/workspace/junmiaoh/experiments/precision-mlps/mechanism-0365cd3-20260923/evidence/population_output_cb89e72/wide_N512_half,40.0,True,True,False,True,2.1982978265143385e-06,1.743643071273319e-05
mixed_sine,30,s10_inverse,20000,/workspace/junmiaoh/experiments/precision-mlps/mechanism-0365cd3-20260923/evidence/population_output_cb89e72/wide_N512_run,/workspace/junmiaoh/experiments/precision-mlps/mechanism-0365cd3-20260923/evidence/population_output_cb89e72/wide_N512_half,40.0,True,True,False,True,1.3173440063685794e-05,2.2276566709805132e-05
mixed_sine,30,s100_inverse,20000,/workspace/junmiaoh/experiments/precision-mlps/mechanism-0365cd3-20260923/evidence/population_output_cb89e72/wide_N512_run,/workspace/junmiaoh/experiments/precision-mlps/mechanism-0365cd3-20260923/evidence/population_output_cb89e72/wide_N512_half,40.0,True,True,False,True,1.734154290418649e-06,2.0239931180824784e-05
gauss_left,30,repaired,20000,/workspace/junmiaoh/experiments/precision-mlps/mechanism-0365cd3-20260923/evidence/population_output_cb89e72/wide_N512_run,/workspace/junmiaoh/experiments/precision-mlps/mechanism-0365cd3-20260923/evidence/population_output_cb89e72/wide_N512_half,40.0,True,True,False,True,6.916117033912753e-08,1.5682313733035246e-06
gauss_left,30,s10_primary,20000,/workspace/junmiaoh/experiments/precision-mlps/mechanism-0365cd3-20260923/evidence/population_output_cb89e72/wide_N512_run,/workspace/junmiaoh/experiments/precision-mlps/mechanism-0365cd3-20260923/evidence/population_output_cb89e72/wide_N512_half,40.0,True,True,False,True,1.0236794124184216e-05,1.20339033533078e-05
gauss_left,30,s100_primary,20000,/workspace/junmiaoh/experiments/precision-mlps/mechanism-0365cd3-20260923/evidence/population_output_cb89e72/wide_N512_run,/workspace/junmiaoh/experiments/precision-mlps/mechanism-0365cd3-20260923/evidence/population_output_cb89e72/wide_N512_half,40.0,True,True,False,True,3.4550428134269763e-06,0.00018398981037008388
gauss_left,30,s10_inverse,20000,/workspace/junmiaoh/experiments/precision-mlps/mechanism-0365cd3-20260923/evidence/population_output_cb89e72/wide_N512_run,/workspace/junmiaoh/experiments/precision-mlps/mechanism-0365cd3-20260923/evidence/population_output_cb89e72/wide_N512_half,40.0,True,True,False,True,1.3042308736982496e-05,1.882805085402223e-05
gauss_left,30,s100_inverse,20000,/workspace/junmiaoh/experiments/precision-mlps/mechanism-0365cd3-20260923/evidence/population_output_cb89e72/wide_N512_run,/workspace/junmiaoh/experiments/precision-mlps/mechanism-0365cd3-20260923/evidence/population_output_cb89e72/wide_N512_half,40.0,True,True,False,True,2.131537388922738e-06,0.0002136001191610423
bump_right,30,repaired,20000,/workspace/junmiaoh/experiments/precision-mlps/mechanism-0365cd3-20260923/evidence/population_output_cb89e72/wide_N512_run,/workspace/junmiaoh/experiments/precision-mlps/mechanism-0365cd3-20260923/evidence/population_output_cb89e72/wide_N512_half,40.0,True,True,False,True,4.703875787631941e-08,1.407455323212484e-06
bump_right,30,s10_primary,20000,/workspace/junmiaoh/experiments/precision-mlps/mechanism-0365cd3-20260923/evidence/population_output_cb89e72/wide_N512_run,/workspace/junmiaoh/experiments/precision-mlps/mechanism-0365cd3-20260923/evidence/population_output_cb89e72/wide_N512_half,40.0,True,True,False,True,9.429142365790203e-06,1.333317595465403e-05
bump_right,30,s100_primary,20000,/workspace/junmiaoh/experiments/precision-mlps/mechanism-0365cd3-20260923/evidence/population_output_cb89e72/wide_N512_run,/workspace/junmiaoh/experiments/precision-mlps/mechanism-0365cd3-20260923/evidence/population_output_cb89e72/wide_N512_half,40.0,True,True,False,True,5.67967735939727e-06,7.846836199041801e-05
bump_right,30,s10_inverse,20000,/workspace/junmiaoh/experiments/precision-mlps/mechanism-0365cd3-20260923/evidence/population_output_cb89e72/wide_N512_run,/workspace/junmiaoh/experiments/precision-mlps/mechanism-0365cd3-20260923/evidence/population_output_cb89e72/wide_N512_half,40.0,True,True,False,True,1.0272767526504666e-05,1.9278806892224614e-05
bump_right,30,s100_inverse,20000,/workspace/junmiaoh/experiments/precision-mlps/mechanism-0365cd3-20260923/evidence/population_output_cb89e72/wide_N512_run,/workspace/junmiaoh/experiments/precision-mlps/mechanism-0365cd3-20260923/evidence/population_output_cb89e72/wide_N512_half,40.0,True,True,False,True,3.565784721183229e-06,7.21074176597639e-05
step_right,30,repaired,20000,/workspace/junmiaoh/experiments/precision-mlps/mechanism-0365cd3-20260923/evidence/population_output_cb89e72/wide_N512_run,/workspace/junmiaoh/experiments/precision-mlps/mechanism-0365cd3-20260923/evidence/population_output_cb89e72/wide_N512_half,40.0,True,True,False,True,8.61647327838647e-08,1.5798874959189377e-06
step_right,30,s10_primary,20000,/workspace/junmiaoh/experiments/precision-mlps/mechanism-0365cd3-20260923/evidence/population_output_cb89e72/wide_N512_run,/workspace/junmiaoh/experiments/precision-mlps/mechanism-0365cd3-20260923/evidence/population_output_cb89e72/wide_N512_half,40.0,True,True,False,True,3.025569934709926e-06,1.3561161582008562e-05
step_right,30,s100_primary,20000,/workspace/junmiaoh/experiments/precision-mlps/mechanism-0365cd3-20260923/evidence/population_output_cb89e72/wide_N512_run,/workspace/junmiaoh/experiments/precision-mlps/mechanism-0365cd3-20260923/evidence/population_output_cb89e72/wide_N512_half,40.0,True,True,False,True,5.732761467795109e-06,0.0002741970091641429
step_right,30,s10_inverse,20000,/workspace/junmiaoh/experiments/precision-mlps/mechanism-0365cd3-20260923/evidence/population_output_cb89e72/wide_N512_run,/workspace/junmiaoh/experiments/precision-mlps/mechanism-0365cd3-20260923/evidence/population_output_cb89e72/wide_N512_half,40.0,True,True,False,True,4.3622399769438985e-06,2.4524175874701996e-05
step_right,30,s100_inverse,20000,/workspace/junmiaoh/experiments/precision-mlps/mechanism-0365cd3-20260923/evidence/population_output_cb89e72/wide_N512_run,/workspace/junmiaoh/experiments/precision-mlps/mechanism-0365cd3-20260923/evidence/population_output_cb89e72/wide_N512_half,40.0,True,True,False,True,4.584135917999821e-07,5.8421262392252174e-05
kink_abs,30,repaired,20000,/workspace/junmiaoh/experiments/precision-mlps/mechanism-0365cd3-20260923/evidence/population_output_cb89e72/wide_N512_run,/workspace/junmiaoh/experiments/precision-mlps/mechanism-0365cd3-20260923/evidence/population_output_cb89e72/wide_N512_half,40.0,True,True,False,True,4.832611070174739e-08,1.0957245004976936e-06
kink_abs,30,s10_primary,20000,/workspace/junmiaoh/experiments/precision-mlps/mechanism-0365cd3-20260923/evidence/population_output_cb89e72/wide_N512_run,/workspace/junmiaoh/experiments/precision-mlps/mechanism-0365cd3-20260923/evidence/population_output_cb89e72/wide_N512_half,40.0,True,True,False,True,5.759762489251407e-06,3.2518966401887384e-05
kink_abs,30,s100_primary,20000,/workspace/junmiaoh/experiments/precision-mlps/mechanism-0365cd3-20260923/evidence/population_output_cb89e72/wide_N512_run,/workspace/junmiaoh/experiments/precision-mlps/mechanism-0365cd3-20260923/evidence/population_output_cb89e72/wide_N512_half,40.0,True,True,False,True,1.2755476385291677e-06,0.00011937472038274263
kink_abs,30,s10_inverse,20000,/workspace/junmiaoh/experiments/precision-mlps/mechanism-0365cd3-20260923/evidence/population_output_cb89e72/wide_N512_run,/workspace/junmiaoh/experiments/precision-mlps/mechanism-0365cd3-20260923/evidence/population_output_cb89e72/wide_N512_half,40.0,True,True,False,True,8.370277272831461e-06,8.300416091853233e-05
kink_abs,30,s100_inverse,20000,/workspace/junmiaoh/experiments/precision-mlps/mechanism-0365cd3-20260923/evidence/population_output_cb89e72/wide_N512_run,/workspace/junmiaoh/experiments/precision-mlps/mechanism-0365cd3-20260923/evidence/population_output_cb89e72/wide_N512_half,40.0,True,True,False,True,8.456688386007601e-07,0.0017530674753918373
