target,width,affine_coarse_defect,affine_balance_error,effective_slope_norm,full_slope_norm,effective_outward_alignment,direct_mode9_effective_norm,omitted_slope_norm
sine,89,2.1510571102112408e-16,5.551115123125783e-16,0.0011888914130102396,0.005785458874453279,-0.26507443972099565,1.3408099619715302e-10,3.1703809170541466e-17
sine,177,1.734723475976807e-16,3.191891195797325e-16,0.0006281477939821822,0.0030514906176044507,-0.26490537188886576,1.0513397988738298e-11,5.449404726687849e-17
sine,353,5.551115123125783e-17,1.5612511283791264e-16,0.00032337030795591794,0.0015686497121875844,-0.26454783119211667,7.584705520421397e-13,6.999830531502174e-17
sine,705,4.85722573273506e-16,9.194034422677078e-17,0.00016412901437646608,0.0007954912862056823,-0.264295809977305,5.130294158678268e-14,1.6555318715869538e-17
sine,1409,5.48172618408671e-16,4.163336342344337e-17,8.269117781573559e-05,0.0004005949568236117,-0.26415086180369,3.3415322839563497e-15,2.9940936461819023e-17
sine,2817,2.7755575615628914e-17,1.9949319973733282e-17,4.150426753959219e-05,0.000201017195537063,-0.2640735753941782,2.1332262474048138e-16,1.4243952573826811e-16
sine,5633,3.5388358909926865e-16,1.0408340855860843e-17,2.0792057843387585e-05,0.00010068946189267067,-0.264033719384191,1.3644543154994351e-17,6.643752902654482e-17
moment3,89,9.159339953157541e-16,4.718447854656915e-16,0.0043328773521583075,0.007232791745902901,-0.2553435644252007,1.9343832443076783e-18,1.1063556512981778e-16
moment3,177,5.273559366969494e-16,1.5265566588595902e-16,0.002318144295938009,0.00380448763543931,-0.25474222184357076,1.3285127248074587e-20,5.657089413205836e-17
moment3,353,2.220446049250313e-16,9.8879238130678e-17,0.0012017057132924533,0.001953358652045187,-0.25813072886036814,7.117776528251271e-23,1.4899485210146204e-16
moment3,705,7.840950111415168e-16,4.163336342344337e-17,0.0006121818395348858,0.0009900275859260944,-0.2577040336824603,3.2817873066446163e-25,4.707294669773964e-17
moment3,1409,7.7021722333370235e-16,3.209238430557093e-17,0.0003090128474269015,0.0004984261562497661,-0.2574647618662467,1.380764400577746e-27,1.0234471677245144e-16
moment3,2817,4.996003610813204e-16,8.782037597132586e-18,0.00015524850765130373,0.0002500758547095446,-0.2573384605735334,4.2915038572732114e-30,7.064885780837398e-17
moment3,5633,2.636779683484747e-16,6.071532165918825e-18,7.781125040683065e-05,0.00012525484988039687,-0.2572736201209163,8.235682627396327e-33,6.669629925847172e-17
moment9,89,9.298117831235686e-16,4.371503159461554e-16,3.439319245276768e-05,0.010380548274740718,-0.1460584786906884,4.599473665824223e-09,5.338909495454826e-17
moment9,177,5.551115123125783e-16,1.8041124150158794e-16,9.716921414641113e-06,0.005498249747566302,-0.14603444179148645,3.617008039131305e-10,3.744862181398697e-17
moment9,353,2.8449465006019636e-16,9.71445146547012e-17,2.5891149634483444e-06,0.002832859498576379,-0.14722196732029336,2.619603309017634e-11,6.048327708570259e-17
moment9,705,6.956241138666996e-16,4.336808689942018e-17,6.687041933862406e-07,0.0014382948568146525,-0.14716306435728937,1.7765841376639286e-12,6.3803095379313765e-18
moment9,1409,8.881784197001252e-16,3.209238430557093e-17,1.699509171718355e-07,0.0007247363432687932,-0.14712791071419834,1.1588670312077339e-13,3.805355207516178e-17
moment9,2817,4.579669976578771e-16,1.214306433183765e-17,4.284085572075872e-08,0.0003637811409724703,-0.1471088414341211,7.40486346349355e-15,1.749946418478678e-17
moment9,5633,5.065392549852277e-16,7.806255641895632e-18,1.0754753759618818e-08,0.00018224580684073272,-0.14709892566193228,4.704351015154483e-16,1.0855946614035985e-16
