study,case_id,target,width,seed,kind,dt,arm,factor,path,logC6_change,net_fraction_of_signed_integrals,K6_initial,K6_final,K6_largest_sample,concentration_acceleration_initial,concentration_acceleration_final,rate_initial,rate_final,concentration_ratio,score_identity_error,decomposition_error,logC6_generated,logC6_target,logC6_compensation,logC6_tracking,jacobian_generic_median_slack,jacobian_projected_median_slack,jacobian_cubic_concentration_median_slack,fine_alignment_median,projection_fraction_median,slope_fraction_median,mass_radial_fraction_median,effective_product_comparison_horizon,median_relative_advantage_fraction
audit,0.0,moment5,705.0,30.0,gd,0.002,baseline,1.0,-1.0,0.00011853132302729566,0.2968858351610719,1.9248896703962854,1.925063756020268,1.925063756020268,1.0013042876790477e-11,1.0029418189338072e-11,5.916547727684219e-07,5.936590002159822e-07,1.0001185383481421,5.329070518200751e-15,0.0,-9.322329144112214e-05,0.0002588899253434994,-4.713546360781498e-05,1.519507700061374e-10,9.853640146114877,1.5785405146671956,1.3867381454101328,0.00031174660308099953,0.8833474096420582,0.9299676221413309,0.19390144495273343,,0.2654528914528742
audit,1.0,moment5,705.0,30.0,effective,0.02,baseline,1.0,-1.0,0.00011853117229286393,0.29688556922592685,1.9248896703827891,1.9250637557369814,1.9250637557369814,1.0013188631238104e-11,1.002910445164431e-11,5.916540134005569e-07,5.936582400439134e-07,1.0001185381973898,6.217248937900877e-15,0.0,-9.322329091874423e-05,0.0002588899272715054,-4.713546406100162e-05,0.0,9.853640146226635,1.5785405146674347,1.386738145427183,0.0003117466030236974,0.8833474096308425,0.9299676221690227,0.19390144497499723,10000.0,0.26545289153064056
audit,2.0,mixed_sine,705.0,30.0,gd,0.002,baseline,1.0,-1.0,-0.03343726593546171,0.3132417413194915,1.653278178889224,1.584870267726968,1.653278178889224,4.309549593979816e-07,2.8522449626187073e-07,-0.00020468286233787567,-0.00013451554235274947,0.9671155804196087,8.881784197001252e-15,0.0,-4.171429653496597e-05,-0.07004987642726551,0.036645730904844125,8.560304623369272e-06,10.077470810699905,1.591888637334395,1.4213464127519984,0.1310924892227764,0.6543715893443918,0.9280416902005155,-0.22437119185277815,,0.30171862453542486
audit,3.0,mixed_sine,705.0,30.0,effective,0.02,baseline,1.0,-1.0,-0.03344479602966709,0.31334705559969367,1.6532774453454928,1.5848599726467072,1.6532774453454928,4.311320506834102e-07,2.8532699730134816e-07,-0.00020473532416675637,-0.0001345412345249926,0.9671082979755994,6.217248937900877e-15,0.0,-4.171168564785469e-05,-0.07004770451555284,0.03664462017153421,0.0,10.077480809461889,1.5918892516946093,1.4213478675635116,0.13109206057133282,0.6543709229842176,0.9280418812605855,-0.2243682652912305,10000.0,0.3017140497245122
audit,4.0,gauss_left,705.0,30.0,gd,0.002,baseline,1.0,-1.0,0.9448284602279701,0.66214724999134,1.9250381583718694,8.329947584691896,8.329947584691896,1.3168276571767909e-05,0.00029893125785656824,0.0014254292819415853,0.01435083753536112,2.572372076619389,2.842170943040401e-14,0.0,-0.0043101857112529665,1.1854056513314168,-0.23673601754031418,0.00046407724385224734,9.31603444397008,1.5778945987875832,1.3024765889431844,0.5036467929525539,0.8413192027536565,0.839236652238182,0.31868482807661425,,0.63767866593971
audit,5.0,gauss_left,705.0,30.0,effective,0.02,baseline,1.0,-1.0,0.9438743135536692,0.6620221674792287,1.9250275638999514,8.325301012059041,8.325301012059041,1.3159849791460018e-05,0.00029822536056804824,0.0014247410725034453,0.01432844277037824,2.5699188269235567,1.4210854715202004e-14,0.0,-0.004305785624945395,1.1848092930284386,-0.23662919384982303,0.0,9.316203913491453,1.5778696788047792,1.3025034721631084,0.5036302475065326,0.8413276269813448,0.8392405708364845,0.3186912186399491,10000.0,0.6376640005273642
audit,6.0,bump_right,705.0,30.0,gd,0.002,baseline,1.0,-1.0,0.6997652475080496,0.7154914152906654,2.0110655336915633,7.507977454092767,7.507977454092767,1.0773029303635375e-05,0.00013900319474343471,0.0009898748159211993,0.0094577500346719,2.013280029487564,1.4210854715202004e-14,0.0,-0.002286547642039129,0.8386503976793975,-0.1368429008139446,0.00024062001343042144,9.50995557177103,1.589195895046126,1.330848468599405,0.3583289990836723,0.8725846919424884,0.841777320402028,0.25084402029847297,,0.6242496986892232
audit,7.0,bump_right,705.0,30.0,effective,0.02,baseline,1.0,-1.0,0.6992961040538307,0.7154115873744925,2.0110559912599064,7.505423560482865,7.505423560482865,1.0768860893055188e-05,0.00013878929006256403,0.0009895088753246236,0.009448407385897088,2.0123357338625953,2.842170943040401e-14,0.0,-0.0022852324383146405,0.8383849668287792,-0.1368036303366389,0.0,9.51006727322272,1.5891875575980823,1.330866210520467,0.35832056277502133,0.8725865689764827,0.8417769836412523,0.25084432529269407,5000.0,0.6242358056368249
audit,8.0,step_right,705.0,30.0,gd,0.002,baseline,1.0,-1.0,1.1771430620261114,0.658703210555497,2.3040588964058926,4.730941904329209,4.730941904329209,2.4003158999973544e-05,0.0001221068777743512,0.0020751417308182657,0.012524113022169403,3.2450899262643453,8.881784197001252e-15,0.0,-0.011710878841381028,1.481500119146721,-0.2932496551085456,0.0006007171271354035,8.826213161955545,1.5759364678966508,1.2224260615348852,0.6831170832376616,0.847066691390483,0.7939535511099419,0.25622850447754375,,0.6895784707500014
audit,9.0,step_right,705.0,30.0,effective,0.02,baseline,1.0,-1.0,1.1760883835334697,0.6585684820308542,2.304053988328219,4.731198626649528,4.731198626649528,2.3992606537289547e-05,0.00012180561665204712,0.0020736713981797236,0.012507746605612158,3.2416692039106594,1.4210854715202004e-14,0.0,-0.011697251712217178,1.4809569378388798,-0.29317130259319546,0.0,8.826305286559004,1.5758851457968275,1.2224445784210172,0.6831163956080883,0.8470809172803297,0.7939642743977324,0.25625783893372667,10000.0,0.6895676839161277
audit,10.0,kink_abs,705.0,30.0,gd,0.002,baseline,1.0,-1.0,0.22247463278534063,0.9156638644307182,1.882435949514041,2.592911258345165,2.592911258345165,1.3608841857390452e-05,3.382707787245928e-05,-0.00043758242794561335,0.003273246237382364,1.249164131434067,6.217248937900877e-15,0.0,-0.0002751739477025704,0.23257247434145814,-0.009971352311109256,0.00014639470192033468,10.600011136029295,1.7021469313282114,1.4914079709331123,0.9280212899506748,0.8945943039233506,0.8093206276561244,0.13500621796509416,,0.2893751226501829
audit,11.0,kink_abs,705.0,30.0,effective,0.02,baseline,1.0,-1.0,0.22223162460099707,0.915779642259464,1.882427775125982,2.5922139080168702,2.5922139080168702,1.3609515300007467e-05,3.37751973851905e-05,-0.00043807270718653493,0.0032698012054980497,1.2488606112069833,6.217248937900877e-15,0.0,-0.00027490402449582846,0.23245047314352194,-0.009943944518031614,0.0,10.600200847330063,1.7021706960884155,1.4914357400988734,0.9280224611209643,0.8945915283444661,0.8093244129830635,0.13499244666164203,20000.0,0.28933926059284754
audit,12.0,sine,705.0,30.0,gd,0.002,baseline,1.0,-1.0,-0.014572931431106271,0.32431232853492736,1.5752865686162028,1.5447228693237982,1.5752865686162028,1.2821224531946742e-07,1.044275689015447e-07,-8.480915841615024e-05,-6.171098750451724e-05,0.9855327397981819,8.881784197001252e-15,0.0,-1.8382008780497198e-05,-0.029735523350533526,0.015179270333432512,1.6915598772419408e-06,10.129935708167848,1.5914400297255789,1.4289935339226503,0.1100541638371351,0.650092138597858,0.9300548614799241,-0.18620480523656124,,0.24334706784254184
audit,13.0,runge,705.0,30.0,gd,0.002,baseline,1.0,-1.0,0.1338652272072309,0.682177332375368,1.6505146778738802,2.1997233663300015,2.1997233663300015,2.908788344350224e-06,5.195066081315814e-06,0.00032796929360097795,0.0010845021574768245,1.14323873178477,7.993605777301127e-15,0.0,-0.00036711608658117323,0.16504480050831827,-0.030816641394925764,3.742402078725719e-06,9.992871440415676,1.5845708048477518,1.4069480819431637,0.7119259771082482,0.8866430610501446,0.8240231985343947,0.18180634336720952,,0.43379756819307286
audit,14.0,moment3,705.0,30.0,gd,0.002,baseline,1.0,-1.0,-0.05606672569134356,0.297787865047195,1.8707619065811538,1.7511645747001034,1.8707619065811538,1.675946181111185e-06,7.581608716532908e-07,-0.0004075469432391974,-0.00018287992551371482,0.9454760462427352,7.105427357601002e-15,0.0,-6.0683055820840946e-05,-0.12211143489192017,0.06607935845203514,2.592598012877576e-05,10.177187012480957,1.617678606576069,1.4339659434582115,0.25854104264357025,0.6397997526054883,0.9250271091356419,-0.16508360414655138,,0.24040075126620405
audit,15.0,moment9,705.0,30.0,gd,0.002,baseline,1.0,-1.0,-5.8165239884768994e-05,0.4540914161566218,1.9247697511013486,1.9244614809247798,1.9247697511013486,4.242288733129001e-12,4.2215049986419066e-12,-2.912497417037794e-07,-2.9040336013858864e-07,0.99994183645168,6.217248937900877e-15,0.0,-9.31283582606745e-05,3.937237417861181e-10,3.496267001301737e-05,5.433363856740343e-11,9.854204336996505,1.5785997460508763,1.3868212868156546,0.00016552093962041143,0.8479984227562989,0.8340618737247338,-0.10937773145074356,,0.2556930174956658
audit,16.0,localized_sine,705.0,30.0,gd,0.002,baseline,1.0,-1.0,0.01713697578160197,0.3847826827043407,1.5807562872360759,1.6306678650750859,1.6306678650750859,2.2038847143529226e-07,2.8180663565127376e-07,6.200085446573248e-05,0.00011140283660892771,1.0172846561432305,6.661338147750939e-15,0.0,-5.178081076184384e-06,0.030835765522547496,-0.0136947299658396,1.0910821041602179e-06,10.087667495801009,1.5834206380380151,1.4221956259046262,0.09964085815542756,0.6466633791846024,0.9299426233994182,0.08613817005075505,,0.19856620786389456
audit,17.0,chirp,705.0,30.0,gd,0.002,baseline,1.0,-1.0,0.005317738692449352,0.3316553029245454,1.5744621247702357,1.59476049892362,1.59476049892362,9.64394752692859e-07,9.033152198496942e-07,-6.636910295954631e-05,0.00011753164616011887,1.0053319029610128,6.661338147750939e-15,0.0,-2.7853349728551954e-05,-0.005330307646369359,0.01067180743749227,3.963921953026173e-06,10.144358059192026,1.595047258868425,1.4307163397657856,0.12543285332102366,0.8560906343043893,0.8139930518243857,0.015723798158697032,,0.0750895045563721
audit,18.0,moment4,705.0,30.0,gd,0.002,baseline,1.0,-1.0,0.00044150489986462623,0.6431726426681371,1.9258467821525567,1.9299802449917045,1.9299802449917045,6.572660639421772e-10,6.622806435359021e-10,2.141635250304586e-06,2.2735815121623525e-06,1.000441602377498,7.105427357601002e-15,0.0,-9.534052861039212e-05,0.0005639700334398089,-2.7131309717446068e-05,6.63455110353413e-09,9.853064195220107,1.5785877251039508,1.3866426776293816,0.0017855674264340524,0.9765380767840753,0.9232252179516083,-0.007133142199497452,,0.1556709751737448
audit,19.0,blend_m010,705.0,30.0,gd,0.002,baseline,1.0,-1.0,0.010671120107193855,0.363253007700332,1.9310453311861098,1.957613313564484,1.957613313564484,2.197904844051386e-08,2.452595385721326e-08,5.107598820694379e-05,5.5720094382216935e-05,1.0107282595758744,4.440892098500626e-15,0.0,-9.878528537738283e-05,0.020023314630592867,-0.009253930666736942,5.193177331864871e-07,9.819869630470976,1.5748729218638216,1.3817755120770072,0.027380129988237592,0.6733487258369484,0.9285341697788795,0.23962623774843322,,0.3494746046420163
audit,20.0,blend_p001,705.0,30.0,gd,0.002,baseline,1.0,-1.0,-0.0010566190391025144,0.3624392557753634,1.9241520193652513,1.9214039771048708,1.9241520193652513,2.430968961392233e-10,2.4021980861467214e-10,-5.307308354185431e-06,-5.258977672304747e-06,0.998943938986237,6.217248937900877e-15,0.0,-9.259962485189665e-05,-0.001893359735384444,0.0009293346849822163,5.614698517197485e-09,9.857620718882721,1.5789763151382417,1.3873229080873686,0.0028069268874477754,0.6708330202575474,0.9276650348712343,-0.23389204287592089,,0.34693309474562434
audit,21.0,blend_p010,705.0,30.0,gd,0.002,baseline,1.0,-1.0,-0.009487183006255279,0.35250167547974204,1.9186708660707354,1.895748949122416,1.9186708660707354,2.1282281282283032e-08,1.915800729547287e-08,-4.9490729217183215e-05,-4.545185654391801e-05,0.9905576783331057,4.440892098500626e-15,0.0,-8.81126419560428e-05,-0.01811241299313426,0.008712876103579941,4.6468010227957397e-07,9.888221855692468,1.5823929028819674,1.3918126187434816,0.027185700046498992,0.6666625718948795,0.9280879676755729,-0.2272709140419859,,0.32944038640251927
audit,22.0,blend_p030,705.0,30.0,gd,0.002,baseline,1.0,-1.0,-0.025077013678131307,0.33907198024688984,1.9069778295165933,1.8488313755205594,1.9069778295165933,1.8038837099227825e-07,1.3421040258404225e-07,-0.00014172308455077598,-0.00011058082732820139,0.9752348027169487,9.769962616701378e-15,0.0,-7.964844458147628e-05,-0.049437759660915605,0.024436753715021704,3.626316005737951e-06,9.95522451026071,1.5901251041444504,1.401623258342263,0.08043799258761913,0.6601358885788984,0.92757571621727,-0.214082994844215,,0.3077638337286679
audit,23.0,exp_right,705.0,30.0,gd,0.002,baseline,1.0,-1.0,0.18224835533354505,0.8604715345304628,2.024820252468106,2.5956667335310475,2.5956667335310475,1.3631403332482881e-05,1.828808732202076e-05,-0.00040983706176783165,0.002384454399552386,1.1999121614625023,6.217248937900877e-15,0.0,-0.0005421010140363116,0.1968719770771008,-0.014234902776456611,0.0001515819865781925,9.872163550060657,1.6162097129693604,1.3865715886555487,0.8899967704907237,0.8895092565149847,0.7931187227235497,0.11000461217449534,,0.279317740362079
audit,24.0,exp_left,705.0,30.0,gd,0.002,baseline,1.0,-1.0,0.7474101268199852,0.8500656989869592,1.8083942393732773,6.825674053193613,6.825674053193613,2.5186860622043105e-05,0.00021122860688410617,-0.00023754207146299604,0.012476427886021468,2.1115243487508715,2.1316282072803006e-14,0.0,-0.0023891982988836274,0.8128654344008136,-0.06352787952282776,0.0004555604472571443,9.82646491007301,1.6307982442097817,1.3769156805682625,0.7775659234470083,0.8816931388249885,0.7507985893473608,0.1693840775317706,,0.47273142252740263
audit,25.0,gauss_right,705.0,30.0,gd,0.002,baseline,1.0,-1.0,0.2344103225367867,0.6281317260324113,1.8973378783398176,3.446363279377295,3.446363279377295,4.068672003557981e-06,1.7674641182852347e-05,0.0005164960893959566,0.0022457338129386857,1.2641631004124578,1.2434497875801753e-14,0.0,-0.0006484511385884258,0.3037416384431771,-0.06874012677446804,5.6350763114952164e-05,9.740012256996254,1.5769454001423981,1.3681838928974095,0.22837877339978344,0.8473158002487602,0.8509496641295167,0.2072337128640635,,0.5253484118822342
audit,26.0,bump_left,705.0,30.0,gd,0.002,baseline,1.0,-1.0,1.6255474420832767,0.7242020856313514,1.9431476430377301,14.83929237495162,14.83929237495162,1.7926869615618818e-05,0.0011627894144791927,0.00171779712489936,0.035974108031631896,5.081199938599329,1.7763568394002505e-14,0.0,-0.008344229562666346,1.934182979183211,-0.30118964183973784,0.0008879004020076761,9.212713328108249,1.5833425043851557,1.2851626553630244,0.5792990649767746,0.8547324395993514,0.8318910710675813,0.34116159390216505,,0.6573365903173181
audit,27.0,step_left,705.0,30.0,gd,0.002,baseline,1.0,-1.0,1.8622927364007265,0.7784050358862531,2.538364443789411,12.077629187536763,12.077629187536763,2.7022321606211832e-05,0.0005778485604839702,0.0018226981798031268,0.030599114158844625,6.4384816031008,4.263256414560601e-14,0.0,-0.017542955761736933,2.12672315789126,-0.24753762453667633,0.0006431892385553915,8.989556884052643,1.6716883961660152,1.2340324315942583,0.7219696961905405,0.8722558687066752,0.7988047562960867,0.19269543099394265,,0.6986308224251194
audit,28.0,kink_relu,705.0,30.0,gd,0.002,baseline,1.0,-1.0,1.1793393659046294,0.7128926513584013,1.9884713579897764,5.268176056643059,5.268176056643059,3.827278649810256e-05,0.00020534727490012004,0.000603096400201691,0.01564785112072095,3.2522249623411073,1.4210854715202004e-14,0.0,-0.006175667254894782,1.4160016704930318,-0.2313079848315341,0.0008161541680187433,9.306297372547506,1.5902520354982939,1.2959501403692868,0.8043142355852841,0.8866343191148655,0.7578890945274526,0.24291668219086743,,0.6218584506756792
audit,29.0,sine,705.0,31.0,gd,0.002,baseline,1.0,-1.0,-0.012691940616059723,0.3589894822211083,1.5897352287771112,1.5623788683345092,1.5897352287771112,1.188892473725078e-07,9.966677049530875e-08,-7.46329314429694e-05,-5.292562346294388e-05,0.9873882623930595,3.552713678800501e-15,0.0,-1.4073536880493656e-05,-0.02400921792040186,0.011330473481259885,8.658922365857623e-07,9.963248973626108,1.571960910182282,1.4043196248186667,0.10669095068769718,0.6415372066978009,0.9330316717785347,-0.12442626269930418,,0.2063128154200285
audit,30.0,runge,705.0,31.0,gd,0.002,baseline,1.0,-1.0,0.16226564612666525,0.7203515973883043,1.648242630843476,2.202921712369975,2.202921712369975,3.301893629939807e-06,5.670548370270806e-06,0.00042743071566531566,0.0012720563859477882,1.1761726455322534,7.993605777301127e-15,0.0,-0.000555736548887505,0.1937571010295812,-0.03094115438320014,4.960354079539839e-06,9.80274079060694,1.5645733535244308,1.3785477016268999,0.7118557399634671,0.8900939147867422,0.8302562243568015,0.20152296874458658,,0.4836894897282584
audit,31.0,moment3,705.0,31.0,gd,0.002,baseline,1.0,-1.0,-0.061243005043531515,0.2740909613423581,1.7772988368670266,1.6643564002523796,1.7772988368670266,1.7399901848574017e-06,8.345987727020226e-07,-0.0004407599990834014,-0.0002011405476011221,0.9405946427599113,6.217248937900877e-15,0.0,-0.00010619061410148806,-0.14223558735328026,0.08106571237267798,3.294981015328454e-05,10.126887580346347,1.6133813995149895,1.426708716651576,0.2679431344801422,0.6439407336038048,0.930795508617594,-0.18386842248058677,,0.253692901753793
audit,32.0,moment5,705.0,31.0,gd,0.002,baseline,1.0,-1.0,8.552869397140264e-05,0.16494146704530338,1.8241397071790584,1.824162462878972,1.824162462878972,1.5685650068084408e-11,1.5674731883512837e-11,4.2607530804802083e-07,4.292113009374594e-07,1.0000855323516544,5.329070518200751e-15,0.0,-0.00016183631273876945,0.0003020339284502836,-5.4669176168766865e-05,2.53129717583856e-10,9.79345903624328,1.5733581624694761,1.378260099088199,0.0003718775268007552,0.8801966312781442,0.8897144212386917,0.16813984695754147,,0.16092534285328003
audit,33.0,moment9,705.0,31.0,gd,0.002,baseline,1.0,-1.0,-0.00010549552019593805,0.48419256093922425,1.824040183867472,1.8236637377658158,1.824040183867472,1.1603873912134539e-11,1.1530956861662988e-11,-5.286355489586592e-07,-5.26322068793687e-07,0.9998945100442608,7.993605777301127e-15,0.0,-0.00016168739395958526,4.5459639611815854e-10,5.619124774288855e-05,1.7055996112463609e-10,9.794053579883563,1.5734216554006881,1.3783470839384482,0.000278462165127602,0.8593219684226764,0.825358433413019,-0.11413297062370772,,0.2716944092127357
audit,34.0,mixed_sine,705.0,31.0,gd,0.002,baseline,1.0,-1.0,-0.030029481320281458,0.33671911815198363,1.6673957726201547,1.6073951092178695,1.6673957726201547,3.8193192531821956e-07,2.6125347669731e-07,-0.0001836927398407923,-0.00012059915605520176,0.9704169239546443,5.329070518200751e-15,0.0,-3.228325006702113e-05,-0.059573765240997896,0.02957127976727161,5.256577037049068e-06,9.919278193791769,1.5724740612081594,1.3977514192286529,0.12533227255327883,0.6447023051374863,0.9312016277207319,-0.1754629003572157,,0.2705987019316851
audit,35.0,localized_sine,705.0,31.0,gd,0.002,baseline,1.0,-1.0,0.019394896725043482,0.32911024725821963,1.5552712650260632,1.5982042714956919,1.5982042714956919,2.3616815133281173e-07,3.048859587737303e-07,7.148055014299554e-05,0.00012474596408272237,1.0195841995904706,2.6645352591003757e-15,0.0,-8.09404453250604e-06,0.03916094794702906,-0.01976012496580107,2.139152429376693e-06,9.951207097792143,1.569205796964071,1.402542862708236,0.10206389245529542,0.6510301990304734,0.9356076138459539,0.14294872436100348,,0.20774728170809376
audit,36.0,chirp,705.0,31.0,gd,0.002,baseline,1.0,-1.0,0.006939258390099476,0.9908116738289525,1.5874292660969453,1.6039779785432924,1.6039779785432924,1.1124639661527292e-06,1.014222936776065e-06,-7.14888319799331e-05,0.0001376453964707662,1.0069633908317235,3.552713678800501e-15,0.0,-3.2247311331466797e-05,0.002851000633665934,0.004117860796115464,2.50110058690752e-06,9.949656147859958,1.5703711658081736,1.402325872976448,0.1226600592237706,0.8671422046477789,0.8269865798040141,0.028746902675418958,,0.08117353242655613
audit,37.0,moment4,705.0,31.0,gd,0.002,baseline,1.0,-1.0,0.0005182163775634892,0.5344196651640176,1.8248388885699274,1.8277504440503904,1.8277504440503904,5.773126923650131e-10,5.80510294799021e-10,2.533247761528724e-06,2.6490231262854897e-06,1.0005183506748678,5.329070518200751e-15,0.0,-0.0001653192329309915,0.0007439415276114602,-6.0412906237625365e-05,6.925726646113611e-09,9.792438862844584,1.5733191353767058,1.3780939201527505,0.0017283008796432496,0.977231825386836,0.9230773146896153,0.03384642065615222,,0.18850302561427562
audit,38.0,blend_m010,705.0,31.0,gd,0.002,baseline,1.0,-1.0,0.01134732517045436,0.32775683532873934,1.8293315348077297,1.8512753204757633,1.8512753204757633,2.224950013879029e-08,2.4596848804910147e-08,5.44360886769965e-05,5.9115404228837576e-05,1.0114119502740844,5.329070518200751e-15,0.0,-0.00017043981093660247,0.02298359257343421,-0.011466483714650864,6.540714585873837e-07,9.759329857634352,1.5696724711459673,1.3732711339327093,0.02852968619956956,0.6772819395037748,0.9341718748621914,0.26445749835605353,,0.35413235710825175
audit,39.0,blend_p001,705.0,31.0,gd,0.002,baseline,1.0,-1.0,-0.0011752199901925765,0.3354018290201213,1.8235178474574383,1.8210788267162579,1.8235178474574383,2.622441387596593e-10,2.592906599969875e-10,-5.902225324395314e-06,-5.850072717469771e-06,0.9988254703103753,7.105427357601002e-15,0.0,-0.00016085926591791723,-0.0021787089711194094,0.001164340727594824,7.497678116461608e-09,9.797517101808365,1.5738011982224478,1.3788529951873003,0.0029657489398638433,0.6774474324784518,0.9329668011683905,-0.2586862371725491,,0.3611926016960274
audit,40.0,blend_p010,705.0,31.0,gd,0.002,baseline,1.0,-1.0,-0.010234841038146378,0.3215283342477034,1.8188713188533818,1.7991162467601527,1.8188713188533818,2.178660755444765e-08,1.9777250907735923e-08,-5.32836389596774e-05,-4.9131702219702127e-05,0.989817356717036,7.105427357601002e-15,0.0,-0.00015375630063122403,-0.020879589088217455,0.010797910981837166,5.915505661645033e-07,9.828605603355554,1.577250550861526,1.38339104399037,0.028358645432791894,0.6710823803266096,0.9338504900436615,-0.25119121361428565,,0.3381126448249547
audit,41.0,blend_p030,705.0,31.0,gd,0.002,baseline,1.0,-1.0,-0.027120489040611623,0.3098702451606031,1.8088864422076516,1.7575748112890448,1.8088864422076516,1.849636522768296e-07,1.407124201542354e-07,-0.0001524809392965335,-0.00012019459726372273,0.9732439692273321,5.329070518200751e-15,0.0,-0.00013994503077705773,-0.057181347718494764,0.03019618350713807,4.605854298434808e-06,9.897058895570584,1.585093308556766,1.39336563680449,0.08374166522398771,0.6645547749434042,0.9333166423268875,-0.23672724172655046,,0.31761452340227014
audit,42.0,exp_right,705.0,31.0,gd,0.002,baseline,1.0,-1.0,0.16657852794167305,0.8310227112609884,1.918405911999195,2.6795348986437864,2.6795348986437864,1.2894269274706471e-05,2.0480440734068385e-05,-0.00048099677089551114,0.0023849711233846238,1.181256293853624,7.105427357601002e-15,0.0,-0.000594262155882199,0.18334449936239106,-0.01634242609753676,0.0001688430324594034,9.847944272672478,1.623386801803076,1.3837413608007387,0.8901648826455555,0.8858838333363745,0.7786735134915912,0.09905470926885786,,0.24137897770621133
audit,43.0,exp_left,705.0,31.0,gd,0.002,baseline,1.0,-1.0,0.7278457179674612,0.7661105469018303,1.82800376321266,5.114544197015229,5.114544197015229,2.8138880450991367e-05,0.00013426528930542283,-2.2101215459636444e-05,0.010165772148293683,2.070615110502108,7.105427357601002e-15,0.0,-0.002803282045434517,0.8385306471582971,-0.10830283472717588,0.00041635948696870466,9.571642238181717,1.5906316957487268,1.340174121535922,0.7694731032161263,0.8875764181132229,0.7706768784348604,0.20055677740807842,,0.5089872449393134
audit,44.0,gauss_left,705.0,31.0,gd,0.002,baseline,1.0,-1.0,1.0815410296177939,0.7032893701311987,2.0031628685276774,6.908011854174426,6.908011854174426,1.5638884793102278e-05,0.00024977184720579226,0.0015907425343598565,0.015135668082213487,2.949220887737065,1.4210854715202004e-14,0.0,-0.00563932526010535,1.3092332382150882,-0.22250846940663668,0.0004511533433536573,9.20425065787907,1.5696620127280105,1.2833787718135317,0.4914482702418248,0.858707050182085,0.846487565367988,0.3129593648731118,,0.6722831606528781
audit,45.0,gauss_right,705.0,31.0,gd,0.002,baseline,1.0,-1.0,0.2382950242494355,0.5905350873124761,1.8082608795971788,2.953709686476936,2.953709686476936,3.925423119471906e-06,1.445390740727751e-05,0.0006007084218296775,0.0021067828648707984,1.269083548021491,6.217248937900877e-15,0.0,-0.0009043684277635231,0.32084474461094936,-0.08171046093881132,6.433064584992687e-05,9.601426346486509,1.5582210910539107,1.348022248976333,0.2352811322933196,0.8365962494423436,0.8537176279971559,0.24608529554741143,,0.5359934817378446
audit,46.0,bump_left,705.0,31.0,gd,0.002,baseline,1.0,-1.0,1.7439349766237964,0.7371866552795701,2.029105733681716,9.277226528662151,9.277226528662151,2.1609651009778264e-05,0.0007415612488691115,0.001964374151679534,0.03126088874333209,5.719806502720459,1.4210854715202004e-14,0.0,-0.010689610768327022,2.053848649058882,-0.3001776077873724,0.0009468368499044445,9.097676768953882,1.574587959741513,1.2650012436030829,0.5694524618839722,0.8717256747530922,0.8385615918570943,0.3392689918430696,,0.6946156099932717
audit,47.0,bump_right,705.0,31.0,gd,0.002,baseline,1.0,-1.0,0.6546712455090153,0.6730966403459503,1.9022845026513249,5.971467444443627,5.971467444443627,1.0290477475647048e-05,0.00011325345057876123,0.0011121200229965945,0.008160749248147352,1.9245097221508252,1.4210854715202004e-14,0.0,-0.0028079697352802273,0.8134032584906723,-0.15617088362626422,0.000243817720890458,9.377431613424006,1.5678573405260685,1.3116704569791295,0.36387192834918247,0.8611814883912765,0.8439193271788014,0.2892683958494042,,0.6209470313824246
audit,48.0,step_left,705.0,31.0,gd,0.002,baseline,1.0,-1.0,1.4437518891503323,0.7222616559227066,2.275834876224256,10.096557760384655,10.096557760384655,2.2308193846897637e-05,0.0004177796602368479,0.0016983569855895057,0.02242512809916399,4.236561143701849,4.263256414560601e-14,0.0,-0.015236840802748562,1.720772842290157,-0.26235641034985585,0.0005658411425025058,8.966273735711027,1.6388885341281072,1.2401492739124769,0.7225491578543685,0.8573304796543882,0.7937184082402036,0.22860745546321948,,0.6663877821224233
audit,49.0,step_right,705.0,31.0,gd,0.002,baseline,1.0,-1.0,1.1898469184103984,0.6531510438492635,2.218124355175687,5.375583147220898,5.375583147220898,2.3220185685901708e-05,0.00016841986224986908,0.001800400493327145,0.014126084326048258,3.286578054279463,1.0658141036401503e-14,0.0,-0.012334212343286076,1.5051379312226423,-0.30359540408734165,0.000634996674279864,8.939400373672807,1.602425613275341,1.2399042324102196,0.6787679277694099,0.8522956710259904,0.782929171789029,0.255098543944258,,0.6587433056742615
audit,50.0,kink_abs,705.0,31.0,gd,0.002,baseline,1.0,-1.0,0.23167011897823175,0.8174010167714981,1.7727782317665577,2.7900958850860493,2.7900958850860493,1.4194824807874378e-05,4.3216763841992954e-05,-0.0005601927703210087,0.00373318110489869,1.2607037779745298,7.105427357601002e-15,0.0,-0.00037466781493421855,0.2573741568703963,-0.02550301266592112,0.0001710043443250802,10.365722497386095,1.669346490533639,1.4585790393198343,0.9201102077419074,0.8947394520798089,0.8003360718852406,0.14170026589167745,,0.27879570266153364
audit,51.0,kink_relu,705.0,31.0,gd,0.002,baseline,1.0,-1.0,1.2716117699264176,0.713782945231354,1.9316441628540424,6.294495933590997,6.294495933590997,3.6866228859510616e-05,0.0003109304249394569,0.0003887104098208878,0.019355322562892872,3.5665964651093316,2.1316282072803006e-14,0.0,-0.007560608182415564,1.5256476503111518,-0.2473919267281366,0.0009102563233205681,9.358117488679076,1.611044825014277,1.3040323428932474,0.8044554749552901,0.8884078449103534,0.7455929320709183,0.24146829320093624,,0.5847301932494189
audit,52.0,moment5,705.0,33.0,gd,0.002,baseline,1.0,-1.0,7.73277108337664e-05,0.16621285587091225,1.9052988377743036,1.9052883908728167,1.9052988377743036,1.3921537163343563e-11,1.3933128296998541e-11,3.852460040014814e-07,3.880315100820057e-07,1.0000773307006983,6.217248937900877e-15,0.0,-0.00016181620400440122,0.00027128012399872285,-3.213645694924224e-05,2.4668402103196596e-10,10.131567571834552,1.6245997984064506,1.4269294199101226,0.00035353567241338917,0.8917068546280524,0.9029300395268208,0.16311882726478727,,0.1550452279317034
audit,53.0,mixed_sine,705.0,33.0,gd,0.002,baseline,1.0,-1.0,-0.03573311778997049,0.34139514549343497,1.7133630770397983,1.6410207545765114,1.7133630770397983,4.370015554316423e-07,2.9055172435856744e-07,-0.00021673243266139046,-0.00014544872051685574,0.9648977731733774,3.552713678800501e-15,0.0,-3.106247255252725e-05,-0.07016947054918854,0.03445979211908405,7.589039160302917e-06,10.13265818885215,1.604530614858939,1.428505049998038,0.12899768473221945,0.6632120626612401,0.9381524367135363,-0.2066771186704744,,0.3082988139801224
audit,54.0,gauss_left,705.0,33.0,gd,0.002,baseline,1.0,-1.0,1.1060112952806067,0.7068346952971896,2.0430231933573992,6.97688083438801,6.97688083438801,1.5834716426636763e-05,0.00023707926868501338,0.0015473796377045428,0.01539023703865665,3.0222793406913686,1.7763568394002505e-14,0.0,-0.0050340869907649554,1.3348482889804665,-0.22433165887490975,0.0005242308887953506,9.381807958681275,1.6077109298907897,1.3082831634865344,0.4932196673294371,0.8689434519162336,0.8446104802249732,0.2871673345484985,,0.6752649045981738
audit,55.0,bump_right,705.0,33.0,gd,0.002,baseline,1.0,-1.0,0.5638539499719654,0.649379642861176,1.9695858287513754,4.451215194186743,4.451215194186743,9.377681204439892e-06,6.056510508799081e-05,0.001085488825748188,0.0060677687998274814,1.7574325225561613,1.0658141036401503e-14,0.0,-0.002037436479598327,0.7158663981634471,-0.1501847968163797,0.00020768206160970933,9.656721972380018,1.600205526180537,1.3528600332647012,0.3658382618749949,0.8613145279658415,0.8437867773555296,0.2582275868255902,,0.6191570090624218
audit,56.0,step_right,705.0,33.0,gd,0.002,baseline,1.0,-1.0,1.0905513197342152,0.6870920893882391,2.2581463510276167,5.839513397722371,5.839513397722371,2.1710118733499954e-05,0.00016214121681969805,0.0014727574646084146,0.013403561989344878,2.975914300657746,8.881784197001252e-15,0.0,-0.009153683945425074,1.3383462407028897,-0.23917173010753529,0.000526533925380541,9.084567004691515,1.604368626117327,1.2627072466993896,0.6756062792028716,0.8604111170276696,0.7839493255801855,0.2377157737795484,,0.6436459197760082
audit,57.0,kink_abs,705.0,33.0,gd,0.002,baseline,1.0,-1.0,0.14463183073376268,0.9972618483239971,1.8648758217892596,2.472977665122292,2.472977665122292,1.186448042001459e-05,3.365393307727214e-05,-0.0006344906197385848,0.0027118672670865254,1.155614030367858,6.217248937900877e-15,0.0,-0.00019960090889150638,0.12481638807532627,0.01989806089405251,0.00011489209602824411,11.010435133660398,1.7692439279850216,1.550356959952035,0.9157321903897657,0.9025927334388097,0.7984580216264869,0.13520338906299273,,0.2128196263203895
audit,58.0,moment5,1409.0,31.0,gd,0.002,baseline,1.0,-1.0,2.807379935652431e-05,0.25388787437390753,1.7407823554870099,1.7408408015477561,1.7408408015477561,8.244719206588772e-13,8.238012422227593e-13,1.4028660116703487e-07,1.4045140079217085e-07,1.0000280741934293,5.329070518200751e-15,0.0,-2.8258070205596856e-05,6.932467921922309e-05,-1.2992820929452636e-05,1.1192324895599971e-11,9.948906592969255,1.5039819100289957,1.411616187668085,0.00018340097048011054,0.8790563318005655,0.8989029234143155,0.17169206811948773,,0.24073961984961842
audit,59.0,mixed_sine,1409.0,31.0,gd,0.002,baseline,1.0,-1.0,-0.0204284651956424,0.3448920609595003,1.7218979265673842,1.675595702997817,1.7218979265673842,1.170908368906302e-07,9.398880406819636e-08,-0.00011301930123605564,-9.20338189463018e-05,0.9797787822512039,7.993605777301127e-15,0.0,-1.1905273314943195e-05,-0.0398180693599273,0.01939931841143126,2.18111222585559e-06,9.953733004457943,1.5014710136189158,1.4123682422467763,0.1298650413957675,0.663124554711945,0.9361889652673772,-0.2079883920816557,,0.33083132792386116
audit,60.0,gauss_left,1409.0,31.0,gd,0.002,baseline,1.0,-1.0,0.1917276185751283,0.5792240648448541,1.8144525251645478,2.5944594527400597,2.5944594527400597,3.0728809643745815e-06,7.906197628652757e-06,0.0005476147777519554,0.0015229288298540629,1.2113405253668457,7.105427357601002e-15,0.0,-0.0002701372626385483,0.261325852983581,-0.0693701506248664,4.1547192569951515e-05,9.684098074924407,1.47503963789522,1.3719019167463675,0.48131776477833976,0.8408324309392314,0.8419141148009495,0.2470126142965688,,0.5240311767498969
audit,61.0,bump_right,1409.0,31.0,gd,0.002,baseline,1.0,-1.0,0.11378957495891641,0.6055012983498865,1.6826798091123452,2.1364905706292614,2.1364905706292614,1.8570460850229448e-06,3.844825665288911e-06,0.00033599071410233416,0.000866308076496589,1.1205163153832118,6.217248937900877e-15,0.0,-0.00011929590132790877,0.15083864013100257,-0.03694918398784602,1.9107832705080997e-05,9.886648880731647,1.495803410336356,1.4020046247643654,0.34611724129318183,0.8624821572488386,0.8393338957830119,0.21208352041117268,,0.46598545723408
audit,62.0,step_right,1409.0,31.0,gd,0.002,baseline,1.0,-1.0,0.25022368297242653,0.5937786621667183,2.132631030528613,3.2464322664668455,3.2464322664668455,4.8801043922157375e-06,1.1618932228062986e-05,0.0006285769273865159,0.00208615178410797,1.2843126634345228,7.105427357601002e-15,0.0,-0.0005979668355493125,0.33573866940755764,-0.08499509478091562,7.728704232543829e-05,9.284321139984222,1.4488835335099104,1.3132445407784072,0.6619334285559917,0.8523823874730967,0.7843839198016606,0.16699057499454473,,0.49849025071290975
audit,63.0,kink_abs,1409.0,31.0,gd,0.002,baseline,1.0,-1.0,-0.006340938744079385,0.1716735835855272,1.726158718735519,1.7344938130758674,1.7344938130758674,3.0848928322310267e-06,3.620942657895226e-06,-0.0003366630580988334,0.000289984004278517,0.9936791225830534,5.329070518200751e-15,0.0,-2.49667596943668e-05,-0.021613730020193615,0.015276787263310882,2.0534950779612464e-05,10.650598041984992,1.6088935138670202,1.511514776745068,0.9076066272454673,0.8937178586569545,0.8128115091807311,-0.005030429754176818,,0.1288197024612648
audit,64.0,moment5,705.0,30.0,gd,0.001,baseline,1.0,-1.0,0.00011853132364916889,0.29688583595600004,1.92488967039639,1.9250637560228456,1.9250637560228456,1.0012174732623982e-11,1.0029311558018212e-11,5.916547730715903e-07,5.936590002030186e-07,1.000118538348764,8.881784197001252e-15,0.0,-9.322329122260403e-05,0.00025888992635481707,-4.713546383519835e-05,1.5195623082542755e-10,9.85364014611372,1.5785405146671043,1.38673814540996,0.0003117466030806808,0.8833474096443246,0.9299676221420199,0.19390144495229183,,0.26545289145300255
audit,65.0,moment5,705.0,30.0,effective,0.01,baseline,1.0,-1.0,0.00011853117229219788,0.2968855692242588,1.9248896703827874,1.9250637557369847,1.9250637557369847,1.0013188631254388e-11,1.0029104451652642e-11,5.916540133998041e-07,5.936582400460966e-07,1.0001185381973892,1.0658141036401503e-14,0.0,-9.32232909187437e-05,0.00025888992727150637,-4.713546406100089e-05,0.0,9.85364014622663,1.5785405146674343,1.3867381454271825,0.0003117466030239276,0.8833474096304956,0.9299676221688811,0.1939014449751515,10000.0,0.2654528915310045
audit,66.0,gauss_left,705.0,30.0,gd,0.001,baseline,1.0,-1.0,0.9448407941729061,0.6621475721428818,1.9250382685580778,8.330115647895386,8.330115647895386,1.3168168312211194e-05,0.00029893844204543466,0.0014254295735610834,0.014351141328512323,2.572403804310601,2.1316282072803006e-14,0.0,-0.004310281442673242,1.1854219530584034,-0.23673748762017188,0.00046414265931015645,9.316033080357567,1.5778950073193,1.3024763581118988,0.5036468465643671,0.8413192665051841,0.8392366399333222,0.31868486918866445,,0.6376789800279272
audit,67.0,gauss_left,705.0,30.0,effective,0.01,baseline,1.0,-1.0,0.9438743135536997,0.6620221674792361,1.925027563899951,8.325301012059589,8.325301012059589,1.315984979146001e-05,0.0002982253605680796,0.0014247410725034446,0.014328442770379117,2.569918826923635,2.842170943040401e-14,0.0,-0.004305785624945535,1.184809293028468,-0.23662919384982348,0.0,9.316203913491446,1.577869678804781,1.3025034721631075,0.5036302475065324,0.8413276269813451,0.8392405708364845,0.3186912186399491,10000.0,0.637664000527365
audit,68.0,step_right,705.0,30.0,gd,0.001,baseline,1.0,-1.0,1.1771515005403188,0.658703097229984,2.3040590291578655,4.7309591836076885,4.7309591836076885,2.4002866007958437e-05,0.00012210398184185468,0.002075142222526967,0.012524211373698996,3.245117310117332,7.105427357601002e-15,0.0,-0.0117110555366862,1.4815114904226525,-0.29325112836017936,0.0006008141572233134,8.826212379394999,1.5759367445711363,1.2224258992186634,0.6831171087203656,0.8470667753405038,0.7939535353176346,0.25622858774823454,,0.6895787642708319
audit,69.0,step_right,705.0,30.0,effective,0.01,baseline,1.0,-1.0,1.1760883835334477,0.658568482030848,2.3040539883282207,4.731198626649416,4.731198626649416,2.3992606537289547e-05,0.00012180561665203937,0.002073671398179729,0.012507746605611797,3.2416692039105883,1.4210854715202004e-14,0.0,-0.011697251712216973,1.480956937838865,-0.2931713025931938,0.0,8.826305286559005,1.5758851457968275,1.2224445784210176,0.6831163956080888,0.8470809172803289,0.7939642743977324,0.25625783893372667,10000.0,0.6895676839161268
audit,70.0,kink_abs,705.0,30.0,gd,0.001,baseline,1.0,-1.0,0.22247600823854588,0.9156560885358198,1.8824360091970629,2.59291725353767,2.59291725353767,1.3608788850388737e-05,3.382681341141419e-05,-0.0004375824508000107,0.003273260510261085,1.249165849602057,6.217248937900877e-15,0.0,-0.0002751781523335679,0.23257550017446163,-0.00997187060735517,0.00014641181867574145,10.60001031081751,1.7021468373655635,1.4914078461718718,0.9280213038577447,0.8945943146762448,0.8093206319302626,0.13500626634223828,,0.289375375759489
audit,71.0,kink_abs,705.0,30.0,effective,0.01,baseline,1.0,-1.0,0.22223162460098872,0.9157796422594601,1.8824277751259806,2.592213908016813,2.592213908016813,1.3609515300007439e-05,3.377519738518889e-05,-0.00043807270718653423,0.0032698012054979335,1.248860611206973,7.105427357601002e-15,0.0,-0.00027490402449581924,0.2324504731435147,-0.009943944518030757,0.0,10.600200847330068,1.7021706960884164,1.491435740098874,0.9280224611209642,0.894591528344467,0.809324412983063,0.13499244666164134,20000.0,0.28933926059284387
