bundle,target,seed,n,degree,kappa,count,last_step,last_loss_discrepancy,last_sample_gradient_error,last_fraction_preactivation_above_radius,last_coarse_discrete_derivative_error,last_tanh_at_reference_slope_gradient_defect,max_abs_loss_discrepancy,max_abs_sample_gradient_error,max_abs_fraction_preactivation_above_radius,max_abs_coarse_discrete_derivative_error,pointwise_p2_checks,pointwise_p2_violations,pointwise_p2_max_error_bound_ratio,pointwise_p4_checks,pointwise_p4_violations,pointwise_p4_max_error_bound_ratio,pointwise_p6_checks,pointwise_p6_violations,pointwise_p6_max_error_bound_ratio,pointwise_p8_checks,pointwise_p8_violations,pointwise_p8_max_error_bound_ratio,max_abs_tanh_at_reference_slope_gradient_defect
refine_N128_s0,sine,0,128,0,0.0001,74,199980,0.0,2.1643326036317887e-16,0.0,1.3333313202131636e-12,,1.1102230246251565e-16,1.3388798263128545e-15,0.0,2.0527336985304975e-06,74,0,0.19180118750338174,74,0,0.10198169622602356,74,0,0.06082466599615305,74,0,0.03947202995610766,
refine_N128_s0,sine,0,128,0,0.001,74,199980,2.7755575615628914e-17,1.927743133700044e-16,0.0,1.3849320291528338e-12,,1.1102230246251565e-16,1.3002406603130583e-15,0.0,1.9767978897700175e-06,74,0,0.19180118750338174,74,0,0.10198169622602356,74,0,0.06082466599615305,74,0,0.03947202995610766,
refine_N128_s0,sine,0,128,0,0.01,74,199980,0.0,2.003818187424768e-16,0.0,1.4009211395388527e-12,,5.551115123125783e-17,1.2823557163666169e-15,0.0,1.253187959419388e-06,74,0,0.19180118750338174,74,0,0.10198169622602356,74,0,0.06082466599615305,74,0,0.03947202995610766,
refine_N128_s0,sine,0,128,0,0.1,74,199980,0.0,2.024713251779575e-16,0.0,1.6678497860240788e-12,,5.551115123125783e-17,1.2530877034416743e-15,0.0,7.103453100057582e-06,74,0,0.19180118750338174,74,0,0.10198169622602356,74,0,0.06082466599615305,74,0,0.03947202995610766,
refine_N128_s0,sine,0,128,0,1.0,74,199980,0.0,2.2083896201476596e-16,0.0,3.2856139554891124e-12,,5.551115123125783e-17,1.3086200000214207e-15,0.0,8.812179381511597e-05,74,0,0.19209362178490566,74,0,0.10198815904288662,74,0,0.06082466599615305,74,0,0.03947202995610766,
refine_N128_s0,sine,0,128,0,10.0,74,199980,-2.7755575615628914e-17,2.2837808396268496e-16,0.0,2.4564428194463393e-10,,5.551115123125783e-17,1.2137168059226512e-15,0.0,0.0008986244781419481,74,0,0.19292863983318445,74,0,0.10230265961720392,74,0,0.06084097555194329,74,0,0.03947202995610766,
refine_N128_s0,sine,0,128,0,100.0,74,199980,0.0,6.208507795569875e-16,0.0,7.472360234184689e-07,,5.551115123125783e-17,1.1939758769471066e-15,0.0,0.009003676454711214,74,0,0.1938323701838892,74,0,0.10267802439599097,74,0,0.06082466599615305,74,0,0.03947202995610766,
refine_N128_s0,runge,0,128,0,0.0001,74,199980,0.0,1.5456005475741983e-16,0.0,3.6564217690579586e-10,,5.551115123125783e-17,1.7827589924891315e-15,0.0,3.7145952316237434e-06,74,0,0.11759213019784313,74,0,0.06363180996979587,74,0,0.03930496006490421,74,0,0.026168979851323233,
refine_N128_s0,runge,0,128,0,0.001,74,199980,0.0,1.408852285377333e-16,0.0,3.626089128774367e-10,,5.551115123125783e-17,1.8673865047910217e-15,0.0,3.5917180679326094e-06,74,0,0.11761492604521531,74,0,0.06364393081326027,74,0,0.03931221237986215,74,0,0.026174347405848213,
refine_N128_s0,runge,0,128,0,0.01,74,199980,0.0,1.314489418913304e-16,0.0,3.3093371236888206e-10,,5.551115123125783e-17,1.7248880394979944e-15,0.0,2.518290347882109e-06,74,0,0.11783873725940801,74,0,0.06376295538673782,74,0,0.039383430795398335,74,0,0.026227345368803397,
refine_N128_s0,runge,0,128,0,0.1,74,199980,-6.938893903907228e-18,1.498161046233911e-16,0.0,5.630348255711834e-11,,5.551115123125783e-17,1.8103400091287352e-15,0.0,1.3515508002519703e-05,74,0,0.11966821837233249,74,0,0.06473787768518725,74,0,0.04003638381243592,74,0,0.026689361526770573,
refine_N128_s0,runge,0,128,0,1.0,74,199980,0.0,1.460997878287295e-16,0.0,1.1001857858500485e-08,,5.551115123125783e-17,1.799027441535383e-15,0.0,0.00016167037630815596,74,0,0.12723897784686714,74,0,0.06921897709992747,74,0,0.04323804171259608,74,0,0.029119576679189223,
refine_N128_s0,runge,0,128,0,10.0,74,199980,0.0,2.6476888977530684e-16,0.0,1.3920302527415852e-09,,5.551115123125783e-17,1.7014754525305098e-15,0.0,0.001644633915204544,74,0,0.13336427804186443,74,0,0.07304836663180027,74,0,0.04612545937214593,74,0,0.03149788674265115,
refine_N128_s0,runge,0,128,0,100.0,74,199980,0.0,4.2570649761025313e-16,0.0,1.0084418618778011e-08,,1.3877787807814457e-17,1.7014754525305098e-15,0.0,0.01647438477240899,74,0,0.1383913425305185,74,0,0.07588094354579722,74,0,0.04799118912146231,74,0,0.03283557397249284,
refine_N128_s0,moment3,0,128,0,0.0001,74,199980,-5.551115123125783e-17,3.5384468678433e-16,0.0,1.1141693424993362e-11,,1.1102230246251565e-16,1.2290115396379615e-15,0.0,2.7382887037610963e-06,74,0,0.148373772924306,74,0,0.11618497789299805,74,0,0.08727016783224997,74,0,0.06597548610728068,
refine_N128_s0,moment3,0,128,0,0.001,74,199980,5.551115123125783e-17,3.7542898494572795e-16,0.0,1.0701664900290528e-11,,2.220446049250313e-16,1.3678381999529325e-15,0.0,2.6570861018778144e-06,74,0,0.14837940781277176,74,0,0.11618831673597657,74,0,0.08727423751853887,74,0,0.06598043328652366,
refine_N128_s0,moment3,0,128,0,0.01,74,199980,0.0,3.2125597396223307e-16,0.0,9.683167481003116e-12,,1.1102230246251565e-16,1.2355378779357503e-15,0.0,1.9708461173795793e-06,74,0,0.14843432717300914,74,0,0.1162205889281699,74,0,0.08731407399727013,74,0,0.06602922291767124,
refine_N128_s0,moment3,0,128,0,0.1,74,199980,0.0,3.3447950675540056e-16,0.0,1.7730410822843773e-11,,1.1102230246251565e-16,1.279074191294534e-15,0.0,9.62587855640351e-06,74,0,0.14885005789308264,74,0,0.11660049922399793,74,0,0.08770481803463308,74,0,0.06645377290924483,
refine_N128_s0,moment3,0,128,0,1.0,74,199980,-5.551115123125783e-17,3.802734973543027e-16,0.0,1.3621752730197285e-09,,1.1102230246251565e-16,1.2298586675316208e-15,0.0,0.00011416475935806648,74,0,0.15122943650646872,74,0,0.11842453616843326,74,0,0.0895156832076312,74,0,0.06838292225634228,
refine_N128_s0,moment3,0,128,0,10.0,74,199980,1.3877787807814457e-17,3.2448128861365e-16,0.0011089777542372882,4.423492870137067e-08,,1.1102230246251565e-16,1.0943021771045066e-15,0.0015282927259887005,0.0011609319994337482,74,0,0.15363282988562266,74,0,0.12018910374302913,74,0,0.09087172654216226,74,0,0.06953475733067248,
refine_N128_s0,moment3,0,128,0,100.0,74,199980,7.806255641895632e-18,2.3543357255016373e-15,0.0,1.6246340302450942e-08,,1.1102230246251565e-16,2.3543357255016373e-15,0.0,0.011628717687644653,74,0,0.15511865254302049,74,0,0.12118407526112022,74,0,0.091561834440405,74,0,0.07049757366423569,
refine_N128_s0,moment5,0,128,0,0.0001,74,199980,0.0,2.343993139176092e-16,0.0,1.3146119864546452e-13,,1.1102230246251565e-16,1.4298890595817976e-15,0.0,2.729472000271244e-06,74,0,0.04017776314573118,74,0,0.04184099651504876,74,0,0.040916082707938735,74,0,0.037037803207082304,
refine_N128_s0,moment5,0,128,0,0.001,74,199980,-1.1102230246251565e-16,2.0075372013483822e-16,0.0,2.0354633982789817e-13,,2.220446049250313e-16,1.4654463539371255e-15,0.0,2.6485013414944028e-06,74,0,0.04017776314573118,74,0,0.04184303425520825,74,0,0.04091853473483627,74,0,0.037040541341065665,
refine_N128_s0,moment5,0,128,0,0.01,74,199980,0.0,2.063845543235372e-16,0.0,1.443244258530646e-13,,1.1102230246251565e-16,1.4037989128222627e-15,0.0,1.9649621882970797e-06,74,0,0.04017776314573118,74,0,0.04186323314178556,74,0,0.0409427431982305,74,0,0.03706759976770218,
refine_N128_s0,moment5,0,128,0,0.1,74,199980,5.551115123125783e-17,2.148651545512345e-16,0.0,6.685637288127833e-14,,1.1102230246251565e-16,1.4772872010664797e-15,0.0,9.614364201602914e-06,74,0,0.04018563654901751,74,0,0.042047689585512395,74,0,0.04115481879951314,74,0,0.03730766635459891,
refine_N128_s0,moment5,0,128,0,1.0,74,199980,0.0,2.073077684487952e-16,0.0,2.470627001330123e-13,,1.1102230246251565e-16,1.3849928099190474e-15,0.0,0.00011397000154631407,74,0,0.04054792459223851,74,0,0.042999916565940786,74,0,0.04220555689830692,74,0,0.038444887558590456,
refine_N128_s0,moment5,0,128,0,10.0,74,199980,0.0,2.334411717659693e-16,0.0,7.796978317695406e-14,,1.1102230246251565e-16,1.3605656729182565e-15,0.0,0.0011589020741070983,74,0,0.04126461118028438,74,0,0.04395541736543634,74,0,0.04307461382373918,74,0,0.03933834454224246,
refine_N128_s0,moment5,0,128,0,100.0,74,199980,0.0,2.125028721257556e-16,0.0,1.9657973627887314e-13,,1.1102230246251565e-16,1.3605656729182565e-15,0.0,0.011608335921805341,74,0,0.04177653016858177,74,0,0.044580865219058755,74,0,0.04370943340163767,74,0,0.0397026546250828,
refine_N128_s0,moment9,0,128,0,0.0001,74,199980,0.0,1.0949227296359599e-16,0.0,1.7137404958694314e-13,,1.1102230246251565e-16,1.2533358693150474e-15,0.0,2.7295013425638265e-06,74,0,0.040526587380074974,74,0,0.02235529698872783,74,0,0.014195133741206288,74,0,0.010551427527768518,
refine_N128_s0,moment9,0,128,0,0.001,74,199980,0.0,1.1441426824975196e-16,0.0,5.608024811409087e-14,,1.1102230246251565e-16,1.3061647636724177e-15,0.0,2.6485298664085293e-06,74,0,0.040526587380074974,74,0,0.02235529698872783,74,0,0.014195133741206288,74,0,0.010551427527768518,
refine_N128_s0,moment9,0,128,0,0.01,74,199980,5.551115123125783e-17,1.2455223229311986e-16,0.0,1.2610995006036228e-14,,2.220446049250313e-16,1.2634693135400375e-15,0.0,1.9649805437739023e-06,74,0,0.040526587380074974,74,0,0.02235529698872783,74,0,0.014195133741206288,74,0,0.010551427527768518,
refine_N128_s0,moment9,0,128,0,0.1,74,199980,0.0,1.1695617559254817e-16,0.0,1.1361984753384868e-13,,1.1102230246251565e-16,1.263042706871551e-15,0.0,9.614378816387397e-06,74,0,0.040539135544024295,74,0,0.02235529698872783,74,0,0.014195133741206288,74,0,0.010551427527768518,
refine_N128_s0,moment9,0,128,0,1.0,74,199980,0.0,1.2043671043789791e-16,0.0,7.440403891701066e-14,,1.1102230246251565e-16,1.3137264277867484e-15,0.0,0.00011397044613256199,74,0,0.04092278608622389,74,0,0.0225155488958014,74,0,0.014252311122774057,74,0,0.010609410648598624,
refine_N128_s0,moment9,0,128,0,10.0,74,199980,0.0,1.2447060992315493e-16,0.0,1.5795821207703815e-13,,1.1102230246251565e-16,1.2007591370470431e-15,0.0,0.0011589068227310729,74,0,0.04165899185135108,74,0,0.0229277512067761,74,0,0.014529794316188374,74,0,0.010853167919057306,
refine_N128_s0,moment9,0,128,0,100.0,74,199980,0.0,1.120530887743451e-16,0.0,1.0154157836949023e-13,,1.1102230246251565e-16,1.1565711603519789e-15,0.0,0.011608383715345848,74,0,0.042167957453312185,74,0,0.023217965824988043,74,0,0.014721010407697846,74,0,0.01098670163287176,
refine_N128_s0,sine,0,128,1,0.0001,74,199980,5.551115123125783e-17,2.3460016525889244e-16,0.0,6.566267879419844e-15,0.005090799248041836,1.1102230246251565e-16,1.7257672285543987e-15,0.0,9.722277325719659e-09,,,,,,,,,,,,,0.012725960046008932
refine_N128_s0,sine,0,128,1,0.001,74,199980,2.7755575615628914e-17,2.4407043113085786e-16,0.0,6.566206889029734e-15,0.0050909082769974925,1.1102230246251565e-16,2.295899199584589e-15,0.0,9.722307697441663e-08,,,,,,,,,,,,,0.012725960046008932
refine_N128_s0,sine,0,128,1,0.01,74,199980,5.551115123125783e-17,1.9628127702842487e-16,0.0,6.627671413882887e-15,0.00509182955889307,8.326672684688674e-17,2.9047856615093236e-15,0.0,9.722311801328188e-07,,,,,,,,,,,,,0.012725960046008932
refine_N128_s0,sine,0,128,1,0.1,74,199980,5.551115123125783e-17,1.8074538356133605e-16,0.0,3.693902372098054e-15,0.005087124848628257,8.326672684688674e-17,2.3295103301428893e-15,0.0,9.72231223287247e-06,,,,,,,,,,,,,0.012725960046008932
refine_N128_s0,sine,0,128,1,1.0,74,199980,2.7755575615628914e-17,1.4231523098202923e-16,0.0,1.2145583946650657e-15,0.004743641654678163,1.1102230246251565e-16,2.2260112799426425e-15,0.0,9.722312251153106e-05,,,,,,,,,,,,,0.012725960046008932
refine_N128_s0,sine,0,128,1,10.0,74,199980,2.7755575615628914e-17,1.470832148559613e-16,0.0,1.340027292570248e-15,0.0041062431894025656,5.551115123125783e-17,2.0602913897571282e-15,0.0,0.0009722312251571664,,,,,,,,,,,,,0.012725960046008932
refine_N128_s0,sine,0,128,1,100.0,74,199980,5.551115123125783e-17,1.6921022299366198e-16,0.0,7.534990473871764e-16,0.003983280552115119,5.551115123125783e-17,1.304329156970811e-15,0.0,0.00972231225165877,,,,,,,,,,,,,0.012725960046008932
refine_N128_s0,runge,0,128,1,0.0001,74,199980,6.938893903907228e-18,1.730423301623409e-16,0.0,1.5178268869325335e-15,0.0026533564951364483,5.551115123125783e-17,3.4998246170832106e-15,0.0,1.7509906115011162e-08,,,,,,,,,,,,,0.008172119595279373
refine_N128_s0,runge,0,128,1,0.001,74,199980,0.0,1.0065000359346948e-16,0.0,1.5192607224164545e-15,0.0026539139626247416,5.551115123125783e-17,2.8702237374753103e-15,0.0,1.7509944607484015e-07,,,,,,,,,,,,,0.008172119595279373
refine_N128_s0,runge,0,128,1,0.01,74,199980,0.0,1.2512605881287598e-16,0.0,2.5508871474477352e-15,0.002659301554114421,1.1102230246251565e-16,2.7127123243764775e-15,0.0,1.7509935355817704e-06,,,,,,,,,,,,,0.008172119595279373
refine_N128_s0,runge,0,128,1,0.1,74,199980,6.938893903907228e-18,1.3725291360797913e-16,0.0,2.1864230685792374e-15,0.0026975994597049995,1.1102230246251565e-16,2.5452004632665724e-15,0.0,1.750993441225961e-05,,,,,,,,,,,,,0.008172119595279373
refine_N128_s0,runge,0,128,1,1.0,74,199980,6.938893903907228e-18,1.2717418082882225e-16,0.0,1.443729044150288e-15,0.00265439914050221,5.551115123125783e-17,2.701881020969487e-15,0.0,0.00017509934361941717,,,,,,,,,,,,,0.008172119595279373
refine_N128_s0,runge,0,128,1,10.0,74,199980,0.0,1.1099457441745381e-16,0.0,5.729288837086081e-15,0.0023978560970482083,5.551115123125783e-17,2.6651487206457483e-15,0.0,0.0017509934366092342,,,,,,,,,,,,,0.008172119595279373
refine_N128_s0,runge,0,128,1,100.0,74,199980,0.0,8.792774894116028e-17,0.0,1.3613183546474014e-15,0.0023398296062102837,2.0816681711721685e-17,9.792019567990072e-16,0.0,0.017509934366460853,,,,,,,,,,,,,0.008172119595279373
refine_N128_s0,moment3,0,128,1,0.0001,74,199980,0.0,2.7936993774498475e-16,0.0,1.9173366297382405e-15,0.002747825778328349,2.220446049250313e-16,2.1797645727932394e-15,0.0,1.2348591443742266e-08,,,,,,,,,,,,,0.006925933495954547
refine_N128_s0,moment3,0,128,1,0.001,74,199980,5.551115123125783e-17,2.470750380676821e-16,0.0,1.9191268874170618e-15,0.0027475781125760094,2.220446049250313e-16,2.1842565264145956e-15,0.0,1.2348663445516885e-07,,,,,,,,,,,,,0.006925933495954547
refine_N128_s0,moment3,0,128,1,0.01,74,199980,5.551115123125783e-17,2.1167783963399653e-16,0.0,1.78247064238087e-15,0.0027451209322319862,2.220446049250313e-16,2.690419198993153e-15,0.0,1.234866648567292e-06,,,,,,,,,,,,,0.006925933495954547
refine_N128_s0,moment3,0,128,1,0.1,74,199980,0.0,1.7451902475963926e-16,0.0,1.487624273040187e-15,0.002722419226893122,1.1102230246251565e-16,1.7660816875806157e-15,0.0,1.234866664488636e-05,,,,,,,,,,,,,0.006925933495954547
refine_N128_s0,moment3,0,128,1,1.0,74,199980,0.0,2.1051213632650928e-16,0.0,3.785207229499501e-15,0.0026070657726658896,1.1102230246251565e-16,1.871211632010981e-15,0.0,0.0001234866674412735,,,,,,,,,,,,,0.006925933495954547
refine_N128_s0,moment3,0,128,1,10.0,74,199980,0.0,2.2104338614339106e-16,0.0,8.427037434008143e-15,0.0025141452258229577,1.1102230246251565e-16,1.6179112103490527e-15,0.0,0.0012348666744940906,,,,,,,,,,,,,0.006925933495954547
refine_N128_s0,moment3,0,128,1,100.0,74,199980,5.551115123125783e-17,2.556778459692365e-16,0.0,0.0,0.0025011147713004268,1.1102230246251565e-16,8.941332611508581e-16,0.0,0.012348666744966251,,,,,,,,,,,,,0.006925933495954547
refine_N128_s0,moment5,0,128,1,0.0001,74,199980,-1.1102230246251565e-16,4.447498077513208e-16,0.0,1.9473712026954984e-15,0.004126921528731845,1.6653345369377348e-16,2.245751069518929e-15,0.0,1.2348701665882038e-08,,,,,,,,,,,,,0.006455370267654208
refine_N128_s0,moment5,0,128,1,0.001,74,199980,-1.1102230246251565e-16,5.219618643580792e-16,0.0,1.9491838768156674e-15,0.004126705273912988,2.220446049250313e-16,2.851137528911076e-15,0.0,1.2348663401028202e-07,,,,,,,,,,,,,0.006455370267654208
refine_N128_s0,moment5,0,128,1,0.01,74,199980,-1.1102230246251565e-16,3.0930654477085723e-16,0.0,1.815341443927796e-15,0.004124548250486025,2.220446049250313e-16,2.2231263951082713e-15,0.0,1.2348666481224051e-06,,,,,,,,,,,,,0.006455370267654208
refine_N128_s0,moment5,0,128,1,0.1,74,199980,-1.1102230246251565e-16,4.498439567023777e-16,0.0,1.4541011128799216e-15,0.004103752849883815,2.220446049250313e-16,3.1646484680116904e-15,0.0,1.2348666755108554e-05,,,,,,,,,,,,,0.006455370267654208
refine_N128_s0,moment5,0,128,1,1.0,74,199980,-1.1102230246251565e-16,4.2512532317941915e-16,0.0,3.785207229499501e-15,0.003984803649937091,1.6653345369377348e-16,2.690459175727361e-15,0.0,0.00012348666743994103,,,,,,,,,,,,,0.006455370267654208
refine_N128_s0,moment5,0,128,1,10.0,74,199980,-1.1102230246251565e-16,4.690252041722659e-16,0.0,8.268977686714648e-15,0.003884438905672914,2.220446049250313e-16,2.1630292310041072e-15,0.0,0.0012348666744865452,,,,,,,,,,,,,0.006455370267654208
refine_N128_s0,moment5,0,128,1,100.0,74,199980,-5.551115123125783e-17,4.154494687255985e-16,0.0,5.4002412928586156e-14,0.003870675056473636,1.6653345369377348e-16,1.1759679319664899e-15,0.0,0.012348666745050516,,,,,,,,,,,,,0.006455370267654208
refine_N128_s0,moment9,0,128,1,0.0001,74,199980,-5.551115123125783e-17,2.841654741511644e-16,0.0,1.887458136900847e-15,0.004118708557372541,1.1102230246251565e-16,1.7470502543787383e-15,0.0,1.2348701894981455e-08,,,,,,,,,,,,,0.006455365104758731
refine_N128_s0,moment9,0,128,1,0.001,74,199980,0.0,3.104049868831385e-16,0.0,1.9491838768156674e-15,0.0041184926177684445,1.1102230246251565e-16,2.0340182909408943e-15,0.0,1.23486634239381e-07,,,,,,,,,,,,,0.006455365104758731
refine_N128_s0,moment9,0,128,1,0.01,74,199980,-5.551115123125783e-17,1.867338529666938e-16,0.0,1.7496794845123459e-15,0.004116338730955828,1.1102230246251565e-16,2.6518706793617793e-15,0.0,1.2348667590185835e-06,,,,,,,,,,,,,0.006455365104758731
refine_N128_s0,moment9,0,128,1,0.1,74,199980,0.0,3.156808638068961e-16,0.0,1.4541011128799214e-15,0.004095573432826555,2.220446049250313e-16,2.9751898781544526e-15,0.0,1.2348666644671682e-05,,,,,,,,,,,,,0.006455365104758731
refine_N128_s0,moment9,0,128,1,1.0,74,199980,-5.551115123125783e-17,3.946831692396258e-16,0.0,3.785207229499501e-15,0.00397685360043927,1.1102230246251565e-16,2.5150273344798514e-15,0.0,0.00012348666755172922,,,,,,,,,,,,,0.006455365104758731
refine_N128_s0,moment9,0,128,1,10.0,74,199980,-5.551115123125783e-17,2.764232400629262e-16,0.0,8.268977686714648e-15,0.0038769288151885976,1.1102230246251565e-16,1.3496843565115871e-15,0.0,0.001234866674493919,,,,,,,,,,,,,0.006455365104758731
refine_N128_s0,moment9,0,128,1,100.0,74,199980,0.0,2.6158741943720523e-16,0.0,1.7611073116108186e-14,0.0038632861378660828,1.1102230246251565e-16,1.1216657489585584e-15,0.0,0.012348666745136447,,,,,,,,,,,,,0.006455365104758731
refine_N128_s0,sine,0,128,3,0.0001,74,199980,5.551115123125783e-17,2.243564623530104e-16,0.0,2.0159122688441337e-12,0.00011908582112017754,1.6653345369377348e-16,1.3081604098621129e-15,0.0,2.134921694940658e-06,,,,,,,,,,,,,0.0004910447810061683
refine_N128_s0,sine,0,128,3,0.001,74,199980,0.0,2.324215462635914e-16,0.0,1.999494444848516e-12,0.00011907250471770195,1.1102230246251565e-16,1.3219726542464942e-15,0.0,2.0591832658334744e-06,,,,,,,,,,,,,0.0004910447810061683
refine_N128_s0,sine,0,128,3,0.01,74,199980,2.7755575615628914e-17,2.4057963995541434e-16,0.0,1.9773536042375715e-12,0.0001189352664815874,1.1102230246251565e-16,1.4020414074020597e-15,0.0,1.335546035567943e-06,,,,,,,,,,,,,0.0004910447810061683
refine_N128_s0,sine,0,128,3,0.1,74,199980,2.7755575615628914e-17,2.1608825078179293e-16,0.0,2.287172482024364e-12,0.00011723859726634938,1.1102230246251565e-16,1.3488902994566792e-15,0.0,7.0155146685626605e-06,,,,,,,,,,,,,0.0004910447810061683
refine_N128_s0,sine,0,128,3,1.0,74,199980,5.551115123125783e-17,2.895029639986407e-16,0.0,3.968204376752769e-12,9.775092524449971e-05,5.551115123125783e-17,1.3201694622793886e-15,0.0,8.788335330780761e-05,,,,,,,,,,,,,0.0004910447810061683
refine_N128_s0,sine,0,128,3,10.0,74,199980,2.7755575615628914e-17,2.4106863830219043e-16,0.0,2.6729591136490134e-10,6.3386406193665e-05,8.326672684688674e-17,1.2396120959532535e-15,0.0,0.0008969163941242509,,,,,,,,,,,,,0.0004910447810061683
refine_N128_s0,sine,0,128,3,100.0,74,199980,-1.1102230246251565e-16,1.3417993428656843e-15,0.0,7.450503097783371e-13,0.425753604346907,1.1102230246251565e-16,1.3417993428656843e-15,0.0,0.008987274417378994,,,,,,,,,,,,,0.425753604346907
refine_N128_s0,runge,0,128,3,0.0001,74,199980,-6.938893903907228e-18,1.5371869198586368e-16,0.0,2.1138546203721647e-09,0.0025884391878068258,5.551115123125783e-17,1.8197216050332166e-15,0.0,3.858618731652576e-06,,,,,,,,,,,,,0.0025884391878068258
refine_N128_s0,runge,0,128,3,0.001,74,199980,-6.938893903907228e-18,1.4898777659058834e-16,0.0,2.1211195004253467e-09,0.002603141664584723,5.551115123125783e-17,1.8365617152034323e-15,0.0,3.73611256523641e-06,,,,,,,,,,,,,0.002603141664584723
refine_N128_s0,runge,0,128,3,0.01,74,199980,-6.938893903907228e-18,1.4565236088699888e-16,0.0,2.1992492683220837e-09,0.0027544043711372553,5.551115123125783e-17,1.7731225370827735e-15,0.0,2.658468801660087e-06,,,,,,,,,,,,,0.0027544043711372553
refine_N128_s0,runge,0,128,3,0.1,74,199980,0.0,1.743511656325899e-16,0.0,3.970462542104325e-09,0.0047902163429807704,1.1102230246251565e-16,1.8330205423813516e-15,0.0,1.339588619488079e-05,,,,,,,,,,,,,0.0047902163429807704
refine_N128_s0,runge,0,128,3,1.0,74,199980,3.469446951953614e-18,1.6799240210639127e-16,0.0005517302259887006,2.7083683525185695e-09,0.1439756756002222,5.551115123125783e-17,1.886064278693536e-15,0.0005517302259887006,0.00016134616414110632,,,,,,,,,,,,,0.1439756756002222
refine_N128_s0,runge,0,128,3,10.0,74,199980,-6.938893903907228e-18,3.7581740613186427e-16,0.0,5.434117939271443e-10,0.16367089493386414,5.551115123125783e-17,1.7973771051100683e-15,0.0,0.0016424052821777699,,,,,,,,,,,,,0.16367089493386414
refine_N128_s0,runge,0,128,3,100.0,74,199980,-2.0816681711721685e-17,1.605261366064313e-15,0.0,3.8249596163023823e-10,0.19255110929844696,5.551115123125783e-17,2.3377985547717586e-15,0.0,0.016453122443109886,,,,,,,,,,,,,0.21242106393907742
refine_N128_s0,moment3,0,128,3,0.0001,74,199980,0.0,3.4818813749346856e-16,0.0,3.3374703175127523e-11,0.00032606037711147294,2.220446049250313e-16,1.2798996359140719e-15,0.0,2.839517533193522e-06,,,,,,,,,,,,,0.00032606037711147294
refine_N128_s0,moment3,0,128,3,0.001,74,199980,0.0,3.688298690401009e-16,0.0,3.3089204608595265e-11,0.00032636532542315,1.1102230246251565e-16,1.2525921370009275e-15,0.0,2.7585670848124395e-06,,,,,,,,,,,,,0.00032636532542315
refine_N128_s0,moment3,0,128,3,0.01,74,199980,0.0,4.0024130402745296e-16,0.0,3.1040055501081383e-11,0.00032941971466273265,2.220446049250313e-16,1.268059652795197e-15,0.0,2.0689361169033415e-06,,,,,,,,,,,,,0.00032941971466273265
refine_N128_s0,moment3,0,128,3,0.1,74,199980,0.0,3.292534461279689e-16,0.0,3.1769946480067877e-11,0.00036064987667722707,1.1102230246251565e-16,1.2599931916903053e-15,0.0,9.551779227969292e-06,,,,,,,,,,,,,0.00036064987667722707
refine_N128_s0,moment3,0,128,3,1.0,74,199980,5.551115123125783e-17,3.942368596966242e-16,0.0,3.851244544055791e-09,0.0009672844249808861,2.220446049250313e-16,1.182334666384641e-15,0.0,0.00011395433764326224,,,,,,,,,,,,,0.0009672844249808861
refine_N128_s0,moment3,0,128,3,10.0,74,199980,2.8469417717272235e-27,1.0246095506082593e-15,0.0006979387358757062,9.073646256086079e-14,1.42529097274305,2.220446049250313e-16,1.1760585084699194e-15,0.0006979387358757062,0.0011594863541513534,,,,,,,,,,,,,1.42529097274305
refine_N128_s0,moment3,0,128,3,100.0,74,199980,-5.551115123060519e-17,5.1117909094943126e-15,0.0,1.874125796306476e-13,2.6578355744403064,2.22044604925729e-16,5.625160692426441e-15,0.0,0.011614929429032191,,,,,,,,,,,,,2.6578355744403064
refine_N128_s0,moment5,0,128,3,0.0001,74,199980,-1.1102230246251565e-16,5.271491584739742e-16,0.0,5.537527014699852e-14,6.970186939100628e-05,1.6653345369377348e-16,1.5714901400180866e-15,0.0,2.8294582137239604e-06,,,,,,,,,,,,,0.0002683174977853091
refine_N128_s0,moment5,0,128,3,0.001,74,199980,-1.1102230246251565e-16,5.168355877775318e-16,0.0,1.4008537105391238e-14,6.969236202751538e-05,2.220446049250313e-16,1.5266046196962187e-15,0.0,2.748753316326328e-06,,,,,,,,,,,,,0.0002683174977853091
refine_N128_s0,moment5,0,128,3,0.01,74,199980,-1.1102230246251565e-16,5.31408393445301e-16,0.0,2.7932878504121003e-14,6.959916455382244e-05,2.220446049250313e-16,1.5633262876079582e-15,0.0,2.0619823337535723e-06,,,,,,,,,,,,,0.0002683174977853091
refine_N128_s0,moment5,0,128,3,0.1,74,199980,-1.1102230246251565e-16,5.271444686482784e-16,0.0,1.2130360712672843e-13,6.882470208830602e-05,2.220446049250313e-16,1.5526287589037146e-15,0.0,9.540127187140536e-06,,,,,,,,,,,,,0.0002683174977853091
refine_N128_s0,moment5,0,128,3,1.0,74,199980,-1.1102230246251565e-16,3.871668319545677e-16,0.0,9.485135941935999e-14,6.640951147657651e-05,2.220446049250313e-16,1.4845674470142045e-15,0.0,0.00011374856487455254,,,,,,,,,,,,,0.0002683174977853091
refine_N128_s0,moment5,0,128,3,10.0,74,199980,-1.1102230246251565e-16,5.59566019079653e-16,0.0,8.0261008704852e-14,6.59488470227055e-05,1.6653345369377348e-16,1.4199532264057966e-15,0.0,0.0011573356909566122,,,,,,,,,,,,,0.0002683174977853091
refine_N128_s0,moment5,0,128,3,100.0,74,199980,-1.1102230246251565e-16,6.321336227080068e-16,0.0,6.937358949332698e-14,6.695234062175624e-05,2.220446049250313e-16,1.3685299112198704e-15,0.0,0.011593329638901405,,,,,,,,,,,,,0.0002683174977853091
refine_N128_s0,moment9,0,128,3,0.0001,74,199980,-5.551115123125783e-17,2.7494644739230704e-16,0.0,1.568281282148846e-14,7.690410976569905e-05,2.220446049250313e-16,1.3160462716124223e-15,0.0,2.829458028353825e-06,,,,,,,,,,,,,0.0002683132882734628
refine_N128_s0,moment9,0,128,3,0.001,74,199980,-5.551115123125783e-17,2.717476110605225e-16,0.0,3.925717199091443e-14,7.68944867591002e-05,2.220446049250313e-16,1.2779562707538207e-15,0.0,2.7487533164132787e-06,,,,,,,,,,,,,0.0002683132882734628
refine_N128_s0,moment9,0,128,3,0.01,74,199980,-5.551115123125783e-17,2.5015509722641826e-16,0.0,2.0273137496504193e-14,7.680014139054777e-05,1.1102230246251565e-16,1.3922836187932011e-15,0.0,2.0619822681913646e-06,,,,,,,,,,,,,0.0002683132882734628
refine_N128_s0,moment9,0,128,3,0.1,74,199980,0.0,1.8751172023098567e-16,0.0,6.185862056432892e-14,7.601473400892305e-05,2.220446049250313e-16,1.2980006716840907e-15,0.0,9.540127400641177e-06,,,,,,,,,,,,,0.0002683132882734628
refine_N128_s0,moment9,0,128,3,1.0,74,199980,-5.551115123125783e-17,3.8668606283788806e-16,0.0,4.775151567830313e-14,7.349449935220108e-05,2.220446049250313e-16,1.321411615445256e-15,0.0,0.00011374856509533001,,,,,,,,,,,,,0.0002683132882734628
refine_N128_s0,moment9,0,128,3,10.0,74,199980,-5.551115123125783e-17,2.499804909120737e-16,0.0,2.1480011500658492e-14,7.274514976427637e-05,1.1102230246251565e-16,1.270439272441849e-15,0.0,0.0011573356911760543,,,,,,,,,,,,,0.0002683132882734628
refine_N128_s0,moment9,0,128,3,100.0,74,199980,-5.551115123125783e-17,3.2894402289282344e-16,0.0,6.947182188666902e-14,7.359857472375613e-05,1.1102230246251565e-16,1.270439272441849e-15,0.0,0.011593329639011489,,,,,,,,,,,,,0.0002683132882734628
refine_N128_s0,sine,0,128,5,0.0001,74,199980,2.7755575615628914e-17,2.2650302066263594e-16,0.0,1.3889655017980638e-12,5.422085375864698e-06,1.1102230246251565e-16,1.3077284962552924e-15,0.0,2.0495250019139934e-06,,,,,,,,,,,,,2.1721223804232797e-05
refine_N128_s0,sine,0,128,5,0.001,74,199980,0.0,2.0086210246502335e-16,0.0,1.310135998477758e-12,5.420856706598479e-06,8.326672684688674e-17,1.3552205608383107e-15,0.0,1.9735810288588565e-06,,,,,,,,,,,,,2.1721223804232797e-05
refine_N128_s0,sine,0,128,5,0.01,74,199980,2.7755575615628914e-17,2.838259117362243e-16,0.0,1.251425197714184e-12,5.408424058138634e-06,1.1102230246251565e-16,1.3383739137696369e-15,0.0,1.2499602092820254e-06,,,,,,,,,,,,,2.1721223804232797e-05
refine_N128_s0,sine,0,128,5,0.1,74,199980,0.0,2.446988270195339e-16,0.0,1.6413391908887204e-12,5.2732892087133e-06,8.326672684688674e-17,1.2950760907299435e-15,0.0,7.1066514480948085e-06,,,,,,,,,,,,,2.1721223804232797e-05
refine_N128_s0,sine,0,128,5,1.0,74,199980,2.7755575615628914e-17,2.7610553233668107e-16,0.0,3.277286985546309e-12,4.085248451251822e-06,1.1102230246251565e-16,1.3550208697698365e-15,0.0,8.812920332049913e-05,,,,,,,,,,,,,2.1721223804232797e-05
refine_N128_s0,sine,0,128,5,10.0,74,199980,5.551115123125783e-17,2.5470526657601527e-16,0.0,2.454175828760579e-10,2.557914728360123e-06,8.326672684688674e-17,1.2704335049128352e-15,0.0,0.0008986725656995593,,,,,,,,,,,,,2.1721223804232797e-05
refine_N128_s0,sine,0,128,5,100.0,74,199980,0.0,5.432664067575555e-15,0.0,4.293849231953688e-06,4.06562572780847,8.326672684688674e-17,5.432664067575555e-15,0.0,0.009004131218885604,,,,,,,,,,,,,4.06562572780847
refine_N128_s0,runge,0,128,5,0.0001,74,199980,0.0,1.5667349080690504e-16,0.0,2.688966923172725e-10,0.00019626698078613076,8.326672684688674e-17,1.7760797021563072e-15,0.0,3.7092190630940632e-06,,,,,,,,,,,,,0.00019626698078613076
refine_N128_s0,runge,0,128,5,0.001,74,199980,6.938893903907228e-18,1.3644503811955532e-16,0.0,2.658676687956817e-10,0.00019702175025771739,5.551115123125783e-17,1.7774699857972588e-15,0.0,3.5863249697189308e-06,,,,,,,,,,,,,0.00019702175025771739
refine_N128_s0,runge,0,128,5,0.01,74,199980,0.0,2.07000385806211e-16,0.0,2.344825145406563e-10,0.0002046663027955089,5.551115123125783e-17,1.812549456779079e-15,0.0,2.5130131171450463e-06,,,,,,,,,,,,,0.0002046663027955089
refine_N128_s0,runge,0,128,5,0.1,74,199980,-2.0816681711721685e-17,1.6535505771784292e-16,0.0,1.5971992044719188e-10,0.00029128923974372956,5.551115123125783e-17,1.7879503106825415e-15,0.0,1.3519614817735648e-05,,,,,,,,,,,,,0.00029128923974372956
refine_N128_s0,runge,0,128,5,1.0,74,199980,-6.938893903907228e-18,1.585562059768562e-16,0.0,1.0959615495201544e-08,0.0030626397707436645,1.1102230246251565e-16,1.7486108950289946e-15,0.0,0.0001616799144081479,,,,,,,,,,,,,0.0030626397707436645
refine_N128_s0,runge,0,128,5,10.0,74,199980,-1.0581813203458523e-16,3.030840116481687e-15,0.0,6.455690408237765e-09,0.36006701810897845,1.0581813203458523e-16,3.030840116481687e-15,0.0,0.0016446924523996062,,,,,,,,,,,,,0.36006701810897845
refine_N128_s0,runge,0,128,5,100.0,74,199980,-1.1275702593849246e-16,1.7335724823149867e-15,0.0,5.025247126335798e-10,0.9187988777260826,1.5959455978986625e-16,6.824754614540046e-15,0.0,0.0164749328995777,,,,,,,,,,,,,0.9187988777260826
refine_N128_s0,moment3,0,128,5,0.0001,74,199980,5.551115123125783e-17,3.990774395827049e-16,0.0,1.0247749534054111e-11,2.018226667230616e-05,1.6653345369377348e-16,1.2589543512047991e-15,0.0,2.734684205503769e-06,,,,,,,,,,,,,2.018226667230616e-05
refine_N128_s0,moment3,0,128,5,0.001,74,199980,0.0,3.5659099197905076e-16,0.0,1.0219649469519998e-11,2.0194973435410302e-05,2.220446049250313e-16,1.279788081347301e-15,0.0,2.653472428971961e-06,,,,,,,,,,,,,2.0194973435410302e-05
refine_N128_s0,moment3,0,128,5,0.01,74,199980,0.0,3.314211828853906e-16,0.0,8.846284861479225e-12,2.0322456823300125e-05,2.220446049250313e-16,1.2301971847524247e-15,0.0,1.9673552258046628e-06,,,,,,,,,,,,,2.0322456823300125e-05
refine_N128_s0,moment3,0,128,5,0.1,74,199980,0.0,4.3678023296861807e-16,0.0,1.726004325849811e-11,2.163697306701e-05,1.1102230246251565e-16,1.2399056209956396e-15,0.0,9.628354607029618e-06,,,,,,,,,,,,,2.163697306701e-05
refine_N128_s0,moment3,0,128,5,1.0,74,199980,5.551115123125783e-17,4.1972189213393634e-16,0.0,1.3023238861689832e-09,4.0601145341447556e-05,1.1102230246251565e-16,1.2525814254165894e-15,0.0,0.00011417072565156858,,,,,,,,,,,,,4.0601145341447556e-05
refine_N128_s0,moment3,0,128,5,10.0,74,199980,2.7755575615628914e-16,7.297466406183969e-15,0.0,3.802616179997033e-07,1.191181397113591,2.7755575615628914e-16,7.297466406183969e-15,0.0,0.0011609684147728674,,,,,,,,,,,,,1.191181397113591
refine_N128_s0,moment3,0,128,5,100.0,74,199980,9.783840404509192e-16,3.4331192224702236e-14,0.0,1.147409839836302e-08,2.2098602105143175,1.2802259252708836e-15,4.1954754862123866e-14,0.0,0.011629058254456126,,,,,,,,,,,,,2.7317073449438913
refine_N128_s0,moment5,0,128,5,0.0001,74,199980,-5.551115123125783e-17,4.51012983769157e-16,0.0,2.0760654181546685e-14,2.0707218519567158e-06,2.220446049250313e-16,1.544742835117029e-15,0.0,2.725923913648245e-06,,,,,,,,,,,,,1.0579662320267243e-05
refine_N128_s0,moment5,0,128,5,0.001,74,199980,-1.1102230246251565e-16,6.238816290331064e-16,0.0,2.971579340453331e-14,2.0699007359467013e-06,2.220446049250313e-16,1.58640609681844e-15,0.0,2.6449437552527486e-06,,,,,,,,,,,,,1.0579662320267243e-05
refine_N128_s0,moment5,0,128,5,0.01,74,199980,-1.6653345369377348e-16,6.15458233108881e-16,0.0,3.053954390714224e-14,2.0618306781461293e-06,2.220446049250313e-16,1.7418574785103655e-15,0.0,1.9615220900355577e-06,,,,,,,,,,,,,1.0579662320267243e-05
refine_N128_s0,moment5,0,128,5,0.1,74,199980,-5.551115123125783e-17,4.185187337188283e-16,0.0,1.2046677295640874e-13,1.9932417740004082e-06,2.220446049250313e-16,1.5336396916395256e-15,0.0,9.61684836525703e-06,,,,,,,,,,,,,1.0579662320267243e-05
refine_N128_s0,moment5,0,128,5,1.0,74,199980,-1.6653345369377348e-16,5.384212999531931e-16,0.0,4.8290773752825816e-14,1.7585042604813142e-06,2.220446049250313e-16,1.666544210827378e-15,0.0,0.00011397642358062792,,,,,,,,,,,,,1.0579662320267243e-05
refine_N128_s0,moment5,0,128,5,10.0,74,199980,-5.551115123125783e-17,4.793255066738666e-16,0.0,2.0786037216547515e-14,1.6742866515362724e-06,1.6653345369377348e-16,1.4236991116533389e-15,0.0,0.0011589434719885743,,,,,,,,,,,,,1.0579662320267243e-05
refine_N128_s0,moment5,0,128,5,100.0,74,199980,-1.1102230246251565e-16,4.916727261430687e-16,0.0,2.704886395376945e-13,1.754742232871024e-06,2.220446049250313e-16,1.2984489746893068e-15,0.0,0.011608726747516535,,,,,,,,,,,,,1.0579662320267243e-05
refine_N128_s0,moment9,0,128,5,0.0001,74,199980,-5.551115123125783e-17,2.3480844190402914e-16,0.0,8.970246322178768e-14,1.6548069702929092e-06,2.220446049250313e-16,1.3832254041309737e-15,0.0,2.7259573568141504e-06,,,,,,,,,,,,,1.0871696177079016e-05
refine_N128_s0,moment9,0,128,5,0.001,74,199980,0.0,2.8974127350860015e-16,0.0,9.048813008452569e-14,1.654407210916341e-06,1.1102230246251565e-16,1.3115498537316775e-15,0.0,2.644976282416967e-06,,,,,,,,,,,,,1.0871696177079016e-05
refine_N128_s0,moment9,0,128,5,0.01,74,199980,0.0,2.644325591751184e-16,0.0,6.154568432519354e-14,1.6505307129019196e-06,1.1102230246251565e-16,1.3900425026357164e-15,0.0,1.9615434684284342e-06,,,,,,,,,,,,,1.0871696177079016e-05
refine_N128_s0,moment9,0,128,5,0.1,74,199980,-5.551115123125783e-17,2.0533074277014252e-16,0.0,7.819601128592579e-14,1.6215148967700117e-06,1.1102230246251565e-16,1.30029593775872e-15,0.0,9.616864924062661e-06,,,,,,,,,,,,,1.0871696177079016e-05
refine_N128_s0,moment9,0,128,5,1.0,74,199980,0.0,1.873607219498445e-16,0.0,6.029809110552171e-14,1.584153605947842e-06,2.220446049250313e-16,1.2706973958140814e-15,0.0,0.00011397692540822648,,,,,,,,,,,,,1.0871696177079016e-05
refine_N128_s0,moment9,0,128,5,10.0,74,199980,-5.551115123125783e-17,2.9337817765436384e-16,0.0,7.992435569004724e-14,1.6312634256046366e-06,1.1102230246251565e-16,1.2699215880380239e-15,0.0,0.0011589488341674126,,,,,,,,,,,,,1.0871696177079016e-05
refine_N128_s0,moment9,0,128,5,100.0,74,199980,-5.551115123125783e-17,3.3469401972714395e-16,0.0,6.918247986936636e-14,1.6831058130527929e-06,1.1102230246251565e-16,1.2699215880380239e-15,0.0,0.011608780712456024,,,,,,,,,,,,,1.0871696177079016e-05
refine_N128_s0,sine,0,128,7,0.0001,74,199980,5.551115123125783e-17,2.392609497571619e-16,0.0,1.4130858805598788e-12,2.490519580579209e-07,1.1102230246251565e-16,1.3780579910660253e-15,0.0,2.052862265602547e-06,,,,,,,,,,,,,9.893879085008016e-07
refine_N128_s0,sine,0,128,7,0.001,74,199980,5.551115123125783e-17,2.3405094729669837e-16,0.0,1.405372568671595e-12,2.4895258888460736e-07,1.1102230246251565e-16,1.2937549863563592e-15,0.0,1.9769268193465886e-06,,,,,,,,,,,,,9.893879085008016e-07
refine_N128_s0,sine,0,128,7,0.01,74,199980,5.551115123125783e-17,2.771487828764575e-16,0.0,1.3543322398630458e-12,2.479578027654739e-07,1.1102230246251565e-16,1.3385325661780299e-15,0.0,1.2533179213832467e-06,,,,,,,,,,,,,9.893879085008016e-07
refine_N128_s0,sine,0,128,7,0.1,74,199980,2.7755575615628914e-17,2.341468582748763e-16,0.0,1.7433113780286422e-12,2.3802995229225358e-07,1.1102230246251565e-16,1.3277947710495918e-15,0.0,7.103330937500558e-06,,,,,,,,,,,,,9.893879085008016e-07
refine_N128_s0,sine,0,128,7,1.0,74,199980,5.551115123125783e-17,2.554965539822957e-16,0.0,3.2601393460831e-12,1.7049224023315173e-07,1.1102230246251565e-16,1.4121934871468036e-15,0.0,8.812154415471843e-05,,,,,,,,,,,,,9.893879085008016e-07
refine_N128_s0,sine,0,128,7,10.0,74,199980,2.7755575615628914e-17,2.4582338576825196e-16,0.0,2.455828908008384e-10,1.0043003928831178e-07,1.1102230246251565e-16,1.240175463145652e-15,0.0,0.0008986230120791057,,,,,,,,,,,,,9.893879085008016e-07
refine_N128_s0,sine,0,128,7,100.0,74,199980,-1.942890293094024e-16,1.4298744465144837e-15,0.0,8.58920350150561e-08,0.09036288881100456,1.942890293094024e-16,1.4298744465144837e-15,0.0,0.009003662829467263,,,,,,,,,,,,,0.09036288881100456
refine_N128_s0,runge,0,128,7,0.0001,74,199980,6.938893903907228e-18,1.970837392500679e-16,0.0,3.9497688349462356e-10,4.3337792979670706e-05,5.551115123125783e-17,1.816671512819297e-15,0.0,3.7148027944194598e-06,,,,,,,,,,,,,4.3337792979670706e-05
refine_N128_s0,runge,0,128,7,0.001,74,199980,6.938893903907228e-18,1.4658850314723082e-16,0.0,3.91873188267835e-10,4.3559726160152274e-05,1.1102230246251565e-16,1.8472304053227934e-15,0.0,3.591926333521376e-06,,,,,,,,,,,,,4.3559726160152274e-05
refine_N128_s0,runge,0,128,7,0.01,74,199980,-6.938893903907228e-18,1.9639776226970316e-16,0.0,3.6157506971614125e-10,4.582612052033909e-05,1.1102230246251565e-16,1.8017232692575784e-15,0.0,2.5184942433105355e-06,,,,,,,,,,,,,4.582612052033909e-05
refine_N128_s0,runge,0,128,7,0.1,74,199980,-6.938893903907228e-18,2.0329240269121496e-16,0.0,1.7367872799948295e-11,7.37758829064527e-05,5.551115123125783e-17,1.828506601792066e-15,0.0,1.3515355638572609e-05,,,,,,,,,,,,,7.37758829064527e-05
refine_N128_s0,runge,0,128,7,1.0,74,199980,1.3877787807814457e-17,1.661300021043303e-16,0.0,1.5145288603467763e-08,0.00331583895936404,8.326672684688674e-17,1.8135943988586602e-15,0.0,0.00016167006092702646,,,,,,,,,,,,,0.00331583895936404
refine_N128_s0,runge,0,128,7,10.0,74,199980,-5.204170427930421e-17,1.0579478196493266e-15,0.0,4.233649668741081e-09,0.027235808557652348,5.551115123125783e-17,1.7538523928056257e-15,0.0,0.001644632177230306,,,,,,,,,,,,,0.0372362456965027
refine_N128_s0,runge,0,128,7,100.0,74,199980,-2.7755575615628914e-17,3.312460724405696e-16,0.0,3.921945512038585e-09,0.0051801620772579104,5.551115123125783e-17,3.6039098005034935e-15,0.0,0.01647436882226297,,,,,,,,,,,,,0.025830306344257096
refine_N128_s0,moment3,0,128,7,0.0001,74,199980,5.551115123125783e-17,4.513445854049354e-16,0.0,1.1088617525051652e-11,1.737766679893889e-06,2.220446049250313e-16,1.2985384986622046e-15,0.0,2.7384226390871842e-06,,,,,,,,,,,,,1.737766679893889e-06
refine_N128_s0,moment3,0,128,7,0.001,74,199980,-5.551115123125783e-17,4.290172501200061e-16,0.0,1.0956528567957559e-11,1.739169280510378e-06,2.220446049250313e-16,1.2326702933795337e-15,0.0,2.6572201529988445e-06,,,,,,,,,,,,,1.739169280510378e-06
refine_N128_s0,moment3,0,128,7,0.01,74,199980,5.551115123125783e-17,3.805070570035525e-16,0.0,9.534619176084618e-12,1.7532646638066706e-06,1.1102230246251565e-16,1.2303333691862783e-15,0.0,1.970972872398662e-06,,,,,,,,,,,,,1.7532646638066706e-06
refine_N128_s0,moment3,0,128,7,0.1,74,199980,1.1102230246251565e-16,3.6613313857221454e-16,0.0,1.7683264205399093e-11,1.9009582337442564e-06,2.220446049250313e-16,1.3117373553102266e-15,0.0,9.625783129069717e-06,,,,,,,,,,,,,1.9009582337442564e-06
refine_N128_s0,moment3,0,128,7,1.0,74,199980,5.551115123125783e-17,3.8127426344414404e-16,0.0,1.3668030932550384e-09,4.323136759493221e-06,2.220446049250313e-16,1.1791923393618406e-15,0.0,0.00011416455954812935,,,,,,,,,,,,,4.323136759493221e-06
refine_N128_s0,moment3,0,128,7,10.0,74,199980,1.0581813203458523e-15,9.221760984778508e-15,0.0,2.073291979460466e-08,0.9760300075819476,1.0581813203458523e-15,9.221760984778508e-15,0.00044966013418079094,0.001160930913478851,,,,,,,,,,,,,0.9760300075819476
refine_N128_s0,moment3,0,128,7,100.0,74,199980,1.1061030563697116e-15,1.4743841665283322e-14,0.0,2.026260238816426e-09,1.1308668777246624,1.635844237846129e-15,1.770214781860363e-14,0.0,0.011628707750317038,,,,,,,,,,,,,1.3305989323535186
refine_N128_s0,moment5,0,128,7,0.0001,74,199980,-5.551115123125783e-17,5.179375669295291e-16,0.0,7.724093439762264e-14,2.0288106818637418e-07,2.220446049250313e-16,1.6134593442677063e-15,0.0,2.7296040619982613e-06,,,,,,,,,,,,,4.1991891207009837e-07
refine_N128_s0,moment5,0,128,7,0.001,74,199980,-5.551115123125783e-17,5.739887676005721e-16,0.0,1.4261024998488697e-13,2.0275372964842962e-07,2.220446049250313e-16,1.5826094748980504e-15,0.0,2.648633485504122e-06,,,,,,,,,,,,,4.1991891207009837e-07
refine_N128_s0,moment5,0,128,7,0.01,74,199980,0.0,5.81632527402337e-16,0.0,3.105510077535807e-14,2.015022713329601e-07,2.220446049250313e-16,1.5606820345260766e-15,0.0,1.9650869643477415e-06,,,,,,,,,,,,,4.1991891207009837e-07
refine_N128_s0,moment5,0,128,7,0.1,74,199980,-1.1102230246251565e-16,4.3957198498106034e-16,0.0,3.2406755885912375e-14,1.908849015300098e-07,2.220446049250313e-16,1.6023032367861758e-15,0.0,9.614268528524101e-06,,,,,,,,,,,,,4.1991891207009837e-07
refine_N128_s0,moment5,0,128,7,1.0,74,199980,-1.1102230246251565e-16,5.625854744143283e-16,0.0,1.9099642857060846e-14,1.552334451385577e-07,2.220446049250313e-16,1.5148726536934886e-15,0.0,0.000113969786096576,,,,,,,,,,,,,4.1991891207009837e-07
refine_N128_s0,moment5,0,128,7,10.0,74,199980,-5.551115123125783e-17,4.733788510872137e-16,0.0,5.1856589065341394e-14,1.3853652439295376e-07,2.220446049250313e-16,1.4372704895480867e-15,0.0,0.0011589008137508935,,,,,,,,,,,,,4.1991891207009837e-07
refine_N128_s0,moment5,0,128,7,100.0,74,199980,-5.551115123125783e-17,3.3742268100642695e-16,0.0,2.448476421301505e-13,1.3423784691340522e-07,2.220446049250313e-16,1.4372704895480867e-15,0.0,0.011608324227784815,,,,,,,,,,,,,4.1991891207009837e-07
refine_N128_s0,moment9,0,128,7,0.0001,74,199980,5.551115123125783e-17,2.9616822515666246e-16,0.0,1.560435781038044e-13,3.6347169150419226e-08,2.220446049250313e-16,1.3201910708339611e-15,0.0,2.7296330527960747e-06,,,,,,,,,,,,,4.5554374593400507e-07
refine_N128_s0,moment9,0,128,7,0.001,74,199980,-5.551115123125783e-17,3.179808099655406e-16,0.0,2.032310556525048e-14,3.6330578037495886e-08,2.220446049250313e-16,1.3011520360022222e-15,0.0,2.648661783441186e-06,,,,,,,,,,,,,4.5554374593400507e-07
refine_N128_s0,moment9,0,128,7,0.01,74,199980,-5.551115123125783e-17,3.8378306605476875e-16,0.0,1.859094230932884e-13,3.6171310570883775e-08,2.220446049250313e-16,1.3968245585220467e-15,0.0,1.9651052363913034e-06,,,,,,,,,,,,,4.5554374593400507e-07
refine_N128_s0,moment9,0,128,7,0.1,74,199980,-5.551115123125783e-17,3.0445060064920623e-16,0.0,4.900715377743683e-14,3.5101986723682465e-08,1.1102230246251565e-16,1.33644225019024e-15,0.0,9.614283134030759e-06,,,,,,,,,,,,,4.5554374593400507e-07
refine_N128_s0,moment9,0,128,7,1.0,74,199980,-5.551115123125783e-17,2.4925314522595706e-16,0.0,5.436659189008812e-14,3.5921736002040473e-08,2.220446049250313e-16,1.2992374235663893e-15,0.0,0.0001139702265978294,,,,,,,,,,,,,4.5554374593400507e-07
refine_N128_s0,moment9,0,128,7,10.0,74,199980,5.551115123125783e-17,2.5683484439557393e-16,0.0,5.116056579743105e-14,4.033711946773374e-08,2.220446049250313e-16,1.2614549502824486e-15,0.0,0.0011589055216778828,,,,,,,,,,,,,4.5554374593400507e-07
refine_N128_s0,moment9,0,128,7,100.0,74,199980,-5.551115123125783e-17,3.247300726129929e-16,0.0,6.066351972552415e-14,4.28937603881067e-08,1.1102230246251565e-16,1.2614549502824486e-15,0.0,0.011608371608179055,,,,,,,,,,,,,4.5554374593400507e-07
