bundle,n,seed,degree,left,right,kappa,count,last_step,last_signed_mean_gamma_difference,last_slope_gradient_difference,last_slope_parameter_difference,last_coarse_residual_difference,max_abs_signed_mean_gamma_difference,max_abs_slope_gradient_difference,max_abs_slope_parameter_difference,max_abs_coarse_residual_difference
core_N128_s0,128,0,0,moment3,moment9,0.0001,73,99980,-0.002253967964144468,0.0017045134051869135,0.3253594001097221,0.0024012930922553354,0.002381388040695681,0.002708396217984387,0.3253594001097221,0.002709549889419076
core_N128_s0,128,0,0,moment3,moment9,0.001,73,99980,-0.00225099080028901,0.0017053059149111777,0.32537911588812807,0.002400697955887119,0.0023789091235270343,0.002708396217984387,0.32537911588812807,0.002708529891939478
core_N128_s0,128,0,0,moment3,moment9,0.01,73,99980,-0.0022217502712053028,0.0017132352622619487,0.32558023967328115,0.0023948109679654416,0.0023545444246939745,0.002708396217984387,0.32558023967328115,0.0026986876289655398
core_N128_s0,128,0,0,moment3,moment9,0.1,73,99980,-0.00193451304420858,0.001793142650380055,0.32793141202327675,0.0023423362009721165,0.0022167434979622758,0.002708396217984387,0.32793141202327675,0.0026072650933688267
core_N128_s0,128,0,0,moment3,moment9,1.0,73,99980,-0.0005009127119517259,0.0028549475526497455,0.36494643210987116,0.0022835549179816414,0.001828464587362924,0.0028549475526497455,0.36494643210987116,0.0022835549179816414
core_N128_s0,128,0,0,moment3,moment9,10.0,73,99980,0.05191910778375927,0.005703988872688983,1.9122535426786351,0.0011583435835090506,0.05191910778375927,0.11220044257418789,2.066547190371315,0.02090015507060004
core_N128_s0,128,0,0,moment3,moment9,100.0,73,99980,0.030718280566136902,0.0012134123268906414,1.0955289976392781,0.00016299993643832488,0.030718280566136902,0.13861211630674558,1.4265165173887173,0.008982380668040134
core_N128_s0,128,0,0,moment5,moment9,0.0001,73,99980,3.6653483226317674e-05,1.1609196911441906e-05,0.0023109897114058572,1.0009560304455289e-05,3.6653483226317674e-05,1.1609196911441906e-05,0.0023109897114058572,1.0009560304455289e-05
core_N128_s0,128,0,0,moment5,moment9,0.001,73,99980,3.664051784127431e-05,1.160764192661679e-05,0.0023106900130175413,1.0003579860302932e-05,3.664051784127431e-05,1.160764192661679e-05,0.0023106900130175413,1.0003579860302932e-05
core_N128_s0,128,0,0,moment5,moment9,0.01,73,99980,3.651323520934002e-05,1.159234494894282e-05,0.0023077408837450172,9.944384316916622e-06,3.651323520934002e-05,1.159234494894282e-05,0.0023077408837450172,9.944384316916622e-06
core_N128_s0,128,0,0,moment5,moment9,0.1,73,99980,3.6686905944757764e-05,1.1460714002320132e-05,0.0022822962225399375,9.406608254862694e-06,3.6686905944757764e-05,1.1460714002320132e-05,0.0022822962225399375,9.406608254862694e-06
core_N128_s0,128,0,0,moment5,moment9,1.0,73,99980,3.442920926123583e-05,1.093586121675355e-05,0.0021797415806576927,6.6270626405614715e-06,3.442920926123583e-05,1.093586121675355e-05,0.0021797415806576927,6.6270626405614715e-06
core_N128_s0,128,0,0,moment5,moment9,10.0,73,99980,3.438672347269578e-05,1.0608004302865207e-05,0.0021151211318489963,3.6437430955295685e-06,3.438672347269578e-05,1.0649779869958487e-05,0.0021151211318489963,3.644120032611722e-06
core_N128_s0,128,0,0,moment5,moment9,100.0,73,99980,3.458447334113435e-05,1.0613088892960053e-05,0.0021106285832848304,3.002301542124797e-06,3.458447334113435e-05,1.0727951922194479e-05,0.0021106285832848304,3.031177750565793e-06
core_N128_s0,128,0,1,moment3,moment9,0.0001,73,99980,-2.7755575615628914e-17,4.077820034584466e-17,1.4129331596997227e-15,7.3434354326142e-17,2.7755575615628914e-17,8.366003554272718e-17,1.4129331596997227e-15,1.46868708652284e-16
core_N128_s0,128,0,1,moment3,moment9,0.001,73,99980,0.0,8.155851157325788e-17,9.875646920231566e-16,1.1102231238868493e-16,4.163336342344337e-17,8.366003554272718e-17,9.875646920231566e-16,1.46868708652284e-16
core_N128_s0,128,0,1,moment3,moment9,0.01,73,99980,0.0,4.078964023399191e-17,1.3905534629485529e-15,4.807407289046552e-17,2.7755575615628914e-17,1.2236892070197572e-16,1.3905534629485529e-15,1.5453652082766616e-16
core_N128_s0,128,0,1,moment3,moment9,0.1,73,99980,0.0,4.087924829057995e-17,1.0263086199280511e-15,4.807407289046552e-17,2.7755575615628914e-17,8.366003554272718e-17,1.0263086199280511e-15,1.46868708652284e-16
core_N128_s0,128,0,1,moment3,moment9,1.0,73,99980,0.0,4.12708202751253e-17,8.83554500838354e-16,4.807407289046552e-17,2.7755575615628914e-17,8.371653736658892e-17,8.83554500838354e-16,1.46868708652284e-16
core_N128_s0,128,0,1,moment3,moment9,10.0,73,99980,0.0,4.170357510222224e-17,1.552677826744354e-16,4.807407289046552e-17,0.0,8.366003554272718e-17,1.552677826744354e-16,1.46868708652284e-16
core_N128_s0,128,0,1,moment3,moment9,100.0,73,99980,0.0,4.1805610392793576e-17,5.187745952068789e-17,4.807407289046552e-17,1.3877787807814457e-17,1.2006188014519607e-16,5.187745952068789e-17,1.5453652082766616e-16
core_N128_s0,128,0,1,moment5,moment9,0.0001,73,99980,0.0,1.925929944387236e-34,7.448693502758805e-16,0.0,2.7755575615628914e-17,1.6518271493909297e-16,7.448693502758805e-16,2.93737417304568e-16
core_N128_s0,128,0,1,moment5,moment9,0.001,73,99980,0.0,8.155851157325788e-17,7.508903793815026e-16,9.614814578093104e-17,4.163336342344337e-17,1.6518271493909297e-16,7.508903793815026e-16,2.93737417304568e-16
core_N128_s0,128,0,1,moment5,moment9,0.01,73,99980,0.0,4.1889308345993234e-32,7.91171993262914e-16,0.0,4.163336342344337e-17,1.6518271493909297e-16,7.939233522511904e-16,2.93737417304568e-16
core_N128_s0,128,0,1,moment5,moment9,0.1,73,99980,0.0,4.087924829057995e-17,5.883644560565066e-16,4.807407289046552e-17,2.7755575615628914e-17,1.6518271493909297e-16,5.883644560565066e-16,2.93737417304568e-16
core_N128_s0,128,0,1,moment5,moment9,1.0,73,99980,0.0,2.5641868184523097e-31,5.662198278765581e-16,0.0,2.7755575615628914e-17,1.6518271493909297e-16,5.662198278765581e-16,2.93737417304568e-16
core_N128_s0,128,0,1,moment5,moment9,10.0,73,99980,-2.7755575615628914e-17,1.3730330623160617e-31,1.3962453069249416e-16,0.0,2.7755575615628914e-17,1.6518271493909297e-16,1.3962453069249416e-16,2.93737417304568e-16
core_N128_s0,128,0,1,moment5,moment9,100.0,73,99980,0.0,3.694853480542658e-32,4.095127910892538e-17,0.0,0.0,1.655447044709333e-16,4.095127910892538e-17,2.2204462477736986e-16
core_N128_s0,128,0,3,moment3,moment9,0.0001,73,99980,-0.0017300688194137742,0.0020533161564761683,0.35215808925630065,0.0026053853524608205,0.0021766384255173937,0.002866406076955379,0.35215808925630065,0.002863360623748681
core_N128_s0,128,0,3,moment3,moment9,0.001,73,99980,-0.001726633990984161,0.00205476279993915,0.35220163804673377,0.002604942164429569,0.0021744838844119097,0.002866406076955379,0.35220163804673377,0.002862322049718877
core_N128_s0,128,0,3,moment3,moment9,0.01,73,99980,-0.0016928219890443574,0.0020692564861764027,0.3526413433310278,0.0026005835313057555,0.002158513714493812,0.002866406076955379,0.3526413433310278,0.0028520064058282
core_N128_s0,128,0,3,moment3,moment9,0.1,73,99980,-0.0013746488474006835,0.002217405560354897,0.3574043312950614,0.002564505921987816,0.002043592843144454,0.002866406076955379,0.3574043312950614,0.0027555563967858665
core_N128_s0,128,0,3,moment3,moment9,1.0,73,99980,0.0009007742405155589,0.004751200275794441,0.4273849236821829,0.002913103064592929,0.001676623459199847,0.004751200275794441,0.4273849236821829,0.002913103064592929
core_N128_s0,128,0,3,moment3,moment9,10.0,73,99980,0.020571708967131175,3.7878872003229685e-06,1.6868257422539616,1.3672366293687696e-06,0.020571708967131175,0.11569837198013938,1.6868257422539616,0.01756055607595968
core_N128_s0,128,0,3,moment3,moment9,100.0,73,99980,0.02086204702041687,2.523417932079051e-06,1.3059194937558907,1.116507843516888e-06,0.02086204702041687,0.44158809726316706,1.3059199951213416,0.018740068071996834
core_N128_s0,128,0,3,moment5,moment9,0.0001,73,99980,-1.3877787807814457e-17,4.425072586134487e-18,1.3033064618211618e-15,5.551115123125783e-17,2.7755575615628914e-17,1.6338910049510882e-16,1.3033064618211618e-15,2.93737417304568e-16
core_N128_s0,128,0,3,moment5,moment9,0.001,73,99980,0.0,4.1572876284411995e-17,1.3845966286321385e-15,7.3434354326142e-17,4.163336342344337e-17,1.6407507424424687e-16,1.3845966286321385e-15,2.93737417304568e-16
core_N128_s0,128,0,3,moment5,moment9,0.01,73,99980,0.0,4.099457232167682e-18,1.2002632226422909e-15,0.0,4.163336342344337e-17,1.6316688375889464e-16,1.2002632226422909e-15,2.93737417304568e-16
core_N128_s0,128,0,3,moment5,moment9,0.1,73,99980,0.0,4.0104349057067316e-18,1.3776646479075381e-15,0.0,2.7755575615628914e-17,1.6358454944724685e-16,1.3776646479075381e-15,2.93737417304568e-16
core_N128_s0,128,0,3,moment5,moment9,1.0,73,99980,0.0,4.2103251156718187e-17,1.2611494104043124e-15,7.3434354326142e-17,1.3877787807814457e-17,1.6445716686360328e-16,1.2611494104043124e-15,2.93737417304568e-16
core_N128_s0,128,0,3,moment5,moment9,10.0,73,99980,0.0,8.3551415435044e-17,1.3224689806851635e-15,1.1102231238868493e-16,2.7755575615628914e-17,1.6240163799516588e-16,1.3224689806851635e-15,2.93737417304568e-16
core_N128_s0,128,0,3,moment5,moment9,100.0,73,99980,0.0,2.2798977037183943e-18,1.2505552574205686e-15,1.1102230246251565e-16,1.3877787807814457e-17,1.6282912835640496e-16,1.2505552574205686e-15,2.2204462477736986e-16
core_N128_s0,128,0,5,moment3,moment9,0.0001,73,99980,-0.002291033816882171,0.0016878647368878236,0.3239409877933856,0.0023903206489491765,0.0024055064284952965,0.002700775688728351,0.3239409877933856,0.0027017145275243888
core_N128_s0,128,0,5,moment3,moment9,0.001,73,99980,-0.002288103177954373,0.001688626190619642,0.32395947436248407,0.0023897195168211677,0.002403057912783488,0.002700775688728351,0.32395947436248407,0.0027006987778364854
core_N128_s0,128,0,5,moment3,moment9,0.01,73,99980,-0.0022593243386393597,0.0016962443499067142,0.3241482898050089,0.0023837721815411985,0.002378994160226522,0.002700775688728351,0.3241482898050089,0.0026908823981688576
core_N128_s0,128,0,5,moment3,moment9,0.1,73,99980,-0.0019736048389800698,0.0017729753778860805,0.32637519697095796,0.0023306475460101433,0.00223661245889982,0.002700775688728351,0.32637519697095796,0.002599841749720304
core_N128_s0,128,0,5,moment3,moment9,1.0,73,99980,-0.000577484368673456,0.0027879972723935187,0.36198432430272165,0.002258349976555088,0.0018424448851195874,0.0027879972723935187,0.36198432430272165,0.002258349976555088
core_N128_s0,128,0,5,moment3,moment9,10.0,73,99980,0.0687854499856752,0.010482766474621092,1.6082164808577735,0.006521233943508229,0.0687854499856752,0.02320259903937614,1.6082164808577735,0.01244620450934525
core_N128_s0,128,0,5,moment3,moment9,100.0,73,99980,0.05692133538173992,0.006925017606423069,1.102134205022865,0.00032822023634404237,0.05692133538173992,0.12018682706423632,1.102134205022865,0.008221446212917196
core_N128_s0,128,0,5,moment5,moment9,0.0001,73,99980,3.9509013303379303e-05,1.3054364514607835e-05,0.0025977841641807845,1.1157686417106421e-05,3.9509013303379303e-05,1.3054364514607835e-05,0.0025977841641807845,1.1157686417106421e-05
core_N128_s0,128,0,5,moment5,moment9,0.001,73,99980,3.94938794491817e-05,1.3052275575775705e-05,0.002597378082199123,1.1151002776635857e-05,3.94938794491817e-05,1.3052275575775705e-05,0.002597378082199123,1.1151002776635857e-05
core_N128_s0,128,0,5,moment5,moment9,0.01,73,99980,3.934530693240623e-05,1.3031688070056062e-05,0.0025933751057165117,1.1084832837280818e-05,3.934530693240623e-05,1.3031688070056062e-05,0.0025933751057165117,1.1084832837280818e-05
core_N128_s0,128,0,5,moment5,moment9,0.1,73,99980,3.9481776405475566e-05,1.2851924850877898e-05,0.0025583601234490244,1.0482760789223224e-05,3.9481776405475566e-05,1.2851924850877898e-05,0.0025583601234490244,1.0482760789223224e-05
core_N128_s0,128,0,5,moment5,moment9,1.0,73,99980,3.674836963087069e-05,1.2116043732345557e-05,0.002414179636349866,7.371127985703559e-06,3.674836963087069e-05,1.2116043732345557e-05,0.002414179636349866,7.371127985703559e-06
core_N128_s0,128,0,5,moment5,moment9,10.0,73,99980,3.653881492678146e-05,1.1676082341858702e-05,0.0023280832211031144,4.07175435237985e-06,3.653881492678146e-05,1.1786602627073679e-05,0.0023280832211031144,4.072136374497831e-06
core_N128_s0,128,0,5,moment5,moment9,100.0,73,99980,3.690674684879436e-05,1.165756290271405e-05,0.0023197794799356976,3.3665600639505206e-06,3.690674684879436e-05,1.1880653103042462e-05,0.0023197794799356976,3.4011219484525616e-06
core_N128_s0,128,0,7,moment3,moment9,0.0001,73,99980,-0.002250955615962877,0.001705805882571159,0.3254526399742511,0.0024020032612404045,0.0023793451183594105,0.00270875782713194,0.3254526399742511,0.002709941880007673
core_N128_s0,128,0,7,moment3,moment9,0.001,73,99980,-0.0022479757500343256,0.0017066009309880472,0.3254724466292827,0.0024014085708063265,0.002376864602019038,0.00270875782713194,0.3254724466292827,0.002708921567989675
core_N128_s0,128,0,7,moment3,moment9,0.01,73,99980,-0.0022187083536232416,0.0017145557323311545,0.32567448081385714,0.0023955260887020442,0.0023524840562172827,0.00270875782713194,0.32567448081385714,0.0026990771159639483
core_N128_s0,128,0,7,moment3,moment9,0.1,73,99980,-0.001931373785443738,0.0017947247353877005,0.32803488877509995,0.0023431012885930277,0.002215116240927628,0.00270875782713194,0.32803488877509995,0.0026076274187102717
core_N128_s0,128,0,7,moment3,moment9,1.0,73,99980,-0.0004951085871644223,0.002860682288815251,0.36516098244277256,0.0022854317501563855,0.001827414665895019,0.002860682288815251,0.36516098244277256,0.0022854317501563855
core_N128_s0,128,0,7,moment3,moment9,10.0,73,99980,0.0308258574876525,0.0032328651180687433,1.4623136212042176,0.0015558819923768429,0.0308258574876525,0.017657571969022505,1.564778031124167,0.00408529169509331
core_N128_s0,128,0,7,moment3,moment9,100.0,73,99980,0.024097821881033585,0.0004351050492696499,1.123986523899397,6.511495845033115e-05,0.024097821881033585,0.14322892979014537,1.2551928721129983,0.009146770003502606
core_N128_s0,128,0,7,moment5,moment9,0.0001,73,99980,3.65401988472458e-05,1.1504482936547891e-05,0.002290095504740322,9.921333384199947e-06,3.65401988472458e-05,1.1504482936547891e-05,0.002290095504740322,9.921333384199947e-06
core_N128_s0,128,0,7,moment5,moment9,0.001,73,99980,3.652739484563683e-05,1.1502983345880844e-05,0.00228980702815903,9.91542218795094e-06,3.652739484563683e-05,1.1502983345880844e-05,0.00228980702815903,9.91542218795094e-06
core_N128_s0,128,0,7,moment5,moment9,0.01,73,99980,3.6401686499876185e-05,1.1488234268477942e-05,0.0022869688569548633,9.856911074341211e-06,3.6401686499876185e-05,1.1488234268477942e-05,0.0022869688569548633,9.856911074341211e-06
core_N128_s0,128,0,7,moment5,moment9,0.1,73,99980,3.657707333021287e-05,1.1361511979625587e-05,0.002262515504289477,9.325254801376558e-06,3.657707333021287e-05,1.1361511979625587e-05,0.002262515504289477,9.325254801376558e-06
core_N128_s0,128,0,7,moment5,moment9,1.0,73,99980,3.43405755610926e-05,1.0856625185185176e-05,0.002163946571485569,6.573481028398597e-06,3.43405755610926e-05,1.0856625185185176e-05,0.002163946571485569,6.573481028398597e-06
core_N128_s0,128,0,7,moment5,moment9,10.0,73,99980,3.429403947804999e-05,1.0537706486599099e-05,0.00210103943400764,3.612921701471888e-06,3.429403947804999e-05,1.0571181935644595e-05,0.00210103943400764,3.6131579060833717e-06
core_N128_s0,128,0,7,moment5,moment9,100.0,73,99980,3.447586742399977e-05,1.0545958787398037e-05,0.0020969472118493337,2.975949938317092e-06,3.447586742399977e-05,1.0647913920339552e-05,0.0020969472118493337,3.0041507314448105e-06
core_N128_s1,128,1,0,moment3,moment9,0.0001,73,99980,-0.0038206643822731035,0.0013771686538306927,0.3564240466988808,0.002136908660221226,0.0038576950012305794,0.002697631763639682,0.3564240466988808,0.0027771713947725594
core_N128_s1,128,1,0,moment3,moment9,0.001,73,99980,-0.003819335337836169,0.0013776439073870286,0.3564266707644345,0.0021367763171446334,0.0038566409137831964,0.002697631763639682,0.3564266707644345,0.002776911045768494
core_N128_s1,128,1,0,moment3,moment9,0.01,73,99980,-0.0038055192258536347,0.0013824547899618672,0.35645459240950145,0.002135344606189775,0.003844489963043096,0.002697631763639682,0.35645459240950145,0.002774141231782024
core_N128_s1,128,1,0,moment3,moment9,0.1,73,99980,-0.003599309724231267,0.001434892253032251,0.35688605892065095,0.0021130983892393043,0.003723560304805057,0.002697631763639682,0.35688605892065095,0.0027359565369291607
core_N128_s1,128,1,0,moment3,moment9,1.0,73,99980,-0.002133543837961868,0.0019405019169891644,0.3634914455365213,0.0019693089301293086,0.002676332687806246,0.002697631763639682,0.3634914455365213,0.0022942807267474544
core_N128_s1,128,1,0,moment3,moment9,10.0,73,99980,0.050345366860209365,0.007226486410636274,1.9870759183595879,0.0013102248533557502,0.050345366860209365,0.031803583315847345,2.178158453560342,0.006509257073420492
core_N128_s1,128,1,0,moment3,moment9,100.0,73,99980,0.03502411310450852,0.001266384811833196,1.1470530563948607,0.00016807077707847956,0.03502411310450852,0.04025601768039813,1.4473431295895647,0.003785771676379815
core_N128_s1,128,1,0,moment5,moment9,0.0001,73,99980,7.849442240086268e-05,2.4381595328099212e-05,0.004785300599934583,1.4478418617943133e-05,7.849442240086268e-05,2.4381595328099212e-05,0.004785300599934583,1.4478418617943133e-05
core_N128_s1,128,1,0,moment5,moment9,0.001,73,99980,7.841645990654122e-05,2.4372331071016928e-05,0.004783543404300356,1.4471724463243418e-05,7.841645990654122e-05,2.4372331071016928e-05,0.004783543404300356,1.4471724463243418e-05
core_N128_s1,128,1,0,moment5,moment9,0.01,73,99980,7.764676625816869e-05,2.4280063790615956e-05,0.004766037924875634,1.4404558174988284e-05,7.764676625816869e-05,2.4280063790615956e-05,0.004766037924875634,1.4404558174988284e-05
core_N128_s1,128,1,0,moment5,moment9,0.1,73,99980,7.085248136873279e-05,2.33995052265336e-05,0.004598581256589734,1.3724959175596389e-05,7.085248136873279e-05,2.33995052265336e-05,0.004598581256589734,1.3724959175596389e-05
core_N128_s1,128,1,0,moment5,moment9,1.0,73,99980,5.8172707807072066e-05,1.8290759496695728e-05,0.0036168758873600755,9.108467021537978e-06,5.8172707807072066e-05,1.8290759496695728e-05,0.0036168758873600755,9.108467021537978e-06
core_N128_s1,128,1,0,moment5,moment9,10.0,73,99980,4.21768068825934e-05,1.3008245106691833e-05,0.0025857697482803933,4.432147526103911e-06,4.21768068825934e-05,1.3008245106691833e-05,0.0025857697482803933,4.432147526103911e-06
core_N128_s1,128,1,0,moment5,moment9,100.0,73,99980,3.94179678550044e-05,1.2021781349939347e-05,0.0023854344438362183,3.6758032230943243e-06,3.94179678550044e-05,1.2021781349939347e-05,0.0023854344438362183,3.7312198983721206e-06
core_N128_s1,128,1,1,moment3,moment9,0.0001,73,99980,0.0,9.62964972193618e-35,6.820866750670625e-16,0.0,1.3877787807814457e-17,1.5741899983727686e-16,6.820866750670625e-16,2.00148324148528e-16
core_N128_s1,128,1,1,moment3,moment9,0.001,73,99980,0.0,1.23271740975834e-32,7.706922699508686e-16,0.0,2.7755575615628914e-17,8.642589912317016e-17,7.7094798057165575e-16,1.1102231238868493e-16
core_N128_s1,128,1,1,moment3,moment9,0.01,73,99980,-2.7755575615628914e-17,1.1349543369107273e-31,8.208839978563105e-16,0.0,2.7755575615628914e-17,1.5713595498770616e-16,8.208839978563105e-16,1.9229629156186207e-16
core_N128_s1,128,1,1,moment3,moment9,0.1,73,99980,0.0,1.3403946645886323e-31,7.726635699834415e-16,0.0,2.7755575615628914e-17,8.708744386497509e-17,7.726635699834415e-16,1.46868708652284e-16
core_N128_s1,128,1,1,moment3,moment9,1.0,73,99980,0.0,4.04990886848035e-17,5.604238407691264e-16,7.3434354326142e-17,1.3877787807814457e-17,8.662051374464634e-17,5.604238407691264e-16,1.46868708652284e-16
core_N128_s1,128,1,1,moment3,moment9,10.0,73,99980,0.0,4.150271968363488e-17,1.805532590921129e-16,7.3434354326142e-17,1.3877787807814457e-17,8.615267642249451e-17,1.8125587579931429e-16,1.2719203487996101e-16
core_N128_s1,128,1,1,moment3,moment9,100.0,73,99980,0.0,4.1718177838255826e-17,7.321150935017936e-17,7.3434354326142e-17,2.7755575615628914e-17,8.384889517696624e-17,7.321150935017936e-17,1.7333351575345718e-16
core_N128_s1,128,1,1,moment5,moment9,0.0001,73,99980,0.0,0.0,9.59310316626713e-16,0.0,1.3877787807814457e-17,1.639143255374753e-16,9.59310316626713e-16,2.2204462477736986e-16
core_N128_s1,128,1,1,moment5,moment9,0.001,73,99980,0.0,1.5668537969403007e-33,8.646926623623854e-16,0.0,1.3877787807814457e-17,1.630383307236969e-16,8.646926623623854e-16,2.2204462477736986e-16
core_N128_s1,128,1,1,moment5,moment9,0.01,73,99980,0.0,1.1083798531808176e-31,9.63255098641504e-16,0.0,2.7755575615628914e-17,1.6482581855710161e-16,9.63255098641504e-16,2.2204462477736986e-16
core_N128_s1,128,1,1,moment5,moment9,0.1,73,99980,-2.7755575615628914e-17,3.950963889027799e-17,6.439835321966323e-16,4.807407289046552e-17,2.7755575615628914e-17,1.6251176467656797e-16,6.478389918065175e-16,2.2204462477736986e-16
core_N128_s1,128,1,1,moment5,moment9,1.0,73,99980,0.0,8.0998177369607e-17,6.30035283828392e-16,1.1102231238868493e-16,1.3877787807814457e-17,1.6320935018183886e-16,6.30035283828392e-16,2.2204462477736986e-16
core_N128_s1,128,1,1,moment5,moment9,10.0,73,99980,0.0,8.300543936726975e-17,2.0673256454534693e-16,1.1102231238868493e-16,1.3877787807814457e-17,1.6549194235779079e-16,2.0673256454534693e-16,2.2204462477736986e-16
core_N128_s1,128,1,1,moment5,moment9,100.0,73,99980,0.0,2.4291055518099197e-32,5.704923066097108e-17,5.551115123125783e-17,0.0,1.6089594615579926e-16,5.705046694226772e-17,2.2204462477736986e-16
core_N128_s1,128,1,3,moment3,moment9,0.0001,73,99980,-0.00375904634648018,0.0014421568197017468,0.3724837655867342,0.002257674556775544,0.0038595341038847875,0.002887361088183949,0.3724837655867342,0.0029480002623303147
core_N128_s1,128,1,3,moment3,moment9,0.001,73,99980,-0.003756519886078419,0.0014428194542198609,0.3724933895031392,0.0022575965766507265,0.0038581858141706477,0.002887361088183949,0.3724933895031392,0.0029477108680125573
core_N128_s1,128,1,3,moment3,moment9,0.01,73,99980,-0.0037320977512309284,0.0014495343403259165,0.3725925845583356,0.0022566987154986704,0.0038453584929218076,0.002887361088183949,0.3725925845583356,0.0029446417238716835
core_N128_s1,128,1,3,moment3,moment9,0.1,73,99980,-0.0034802460318843487,0.0015235149936838302,0.3738433132218435,0.0022390823205177303,0.003726160052181085,0.002887361088183949,0.3738433132218435,0.0029037579754449226
core_N128_s1,128,1,3,moment3,moment9,1.0,73,99980,-0.0016360635411650643,0.002322547064443537,0.39033919575668596,0.0021766053664218606,0.0026055107450746323,0.002887361088183949,0.39033919575668596,0.0024329509907463913
core_N128_s1,128,1,3,moment3,moment9,10.0,73,99980,0.021388953233972927,3.160704142676922e-06,1.6876476086787724,1.8212491100091904e-06,0.021388953233972927,0.014057752771279644,1.6876796568494585,0.0038550454973900567
core_N128_s1,128,1,3,moment3,moment9,100.0,73,99980,0.021031726596177497,2.324241498348324e-06,1.2535638862550664,1.4651537587521396e-06,0.021031726596177497,0.2488617765018094,1.2536358960535117,0.013160082357833058
core_N128_s1,128,1,3,moment5,moment9,0.0001,73,99980,-1.3877787807814457e-17,4.780073741059662e-18,1.4218294587403591e-15,5.551115123125783e-17,4.163336342344337e-17,1.63108863469381e-16,1.4218294587403591e-15,2.2204462477736986e-16
core_N128_s1,128,1,3,moment5,moment9,0.001,73,99980,-1.3877787807814457e-17,3.598160742272216e-17,1.4546869153748191e-15,4.807407289046552e-17,2.7755575615628914e-17,1.63108863469381e-16,1.4546869153748191e-15,2.2204462477736986e-16
core_N128_s1,128,1,3,moment5,moment9,0.01,73,99980,-2.7755575615628914e-17,4.867040894281918e-18,1.272933952005295e-15,5.551115123125783e-17,2.7755575615628914e-17,1.633448958399667e-16,1.272933952005295e-15,2.2204462477736986e-16
core_N128_s1,128,1,3,moment5,moment9,0.1,73,99980,0.0,5.33557530055014e-18,1.2326211292937187e-15,5.551115123125783e-17,2.7755575615628914e-17,1.63108863469381e-16,1.2326211292937187e-15,2.2204462477736986e-16
core_N128_s1,128,1,3,moment5,moment9,1.0,73,99980,0.0,5.011896584098594e-18,1.3848854988422337e-15,1.1102230246251565e-16,2.7755575615628914e-17,1.63108863469381e-16,1.3848854988422337e-15,2.2204462477736986e-16
core_N128_s1,128,1,3,moment5,moment9,10.0,73,99980,-1.3877787807814457e-17,3.915983012562737e-17,1.3475118045733542e-15,1.2098375150554763e-16,1.3877787807814457e-17,1.6551820761407378e-16,1.3475118045733542e-15,2.2204462477736986e-16
core_N128_s1,128,1,3,moment5,moment9,100.0,73,99980,0.0,3.0406869956632616e-18,1.4124279672741337e-15,0.0,2.7755575615628914e-17,1.63108863469381e-16,1.4124279672741337e-15,2.2204462477736986e-16
core_N128_s1,128,1,5,moment3,moment9,0.0001,73,99980,-0.0038151193719978826,0.0013745699514155156,0.3555167819187737,0.002131768439825925,0.0038493644644072844,0.0026872977922569744,0.3555167819187737,0.0027682020297261573
core_N128_s1,128,1,5,moment3,moment9,0.001,73,99980,-0.003813856254321568,0.001375038382399645,0.35551924295549475,0.0021316335454872656,0.003848141080558934,0.0026872977922569744,0.35551924295549475,0.0027679438750916633
core_N128_s1,128,1,5,moment3,moment9,0.01,73,99980,-0.0037996383823001995,0.001379779316006257,0.3555454505775204,0.002130176609793917,0.003836522360193842,0.0026872977922569744,0.3555454505775204,0.0027651964104519664
core_N128_s1,128,1,5,moment3,moment9,0.1,73,99980,-0.003597333226956892,0.0014313644083596814,0.35595224980585805,0.0021077008565250255,0.0037174939766983217,0.0026872977922569744,0.35595224980585805,0.002727203058521417
core_N128_s1,128,1,5,moment3,moment9,1.0,73,99980,-0.002155357738369071,0.0019235614799711553,0.36210249919809134,0.001960320617447594,0.0026813009899906287,0.0026872977922569744,0.36210249919809134,0.00228734556207374
core_N128_s1,128,1,5,moment3,moment9,10.0,73,99980,0.04762809222692395,0.010855443887722194,1.2259350009726808,0.006864370781587138,0.04762809222692395,0.02702491647370339,1.2259350009726808,0.009965106311880256
core_N128_s1,128,1,5,moment3,moment9,100.0,73,99980,0.0670416649299208,0.00235064895411491,1.3785254086255454,0.0003516969842877423,0.0670416649299208,0.037763767221770904,1.3785254086255454,0.008973436317430365
core_N128_s1,128,1,5,moment5,moment9,0.0001,73,99980,8.919267090756744e-05,2.7357371381939134e-05,0.005359923576421155,1.6233818407003742e-05,8.919267090756744e-05,2.7357371381939134e-05,0.005359923576421155,1.6233818407003742e-05
core_N128_s1,128,1,5,moment5,moment9,0.001,73,99980,8.910407741276327e-05,2.7346923358488643e-05,0.005357950255035327,1.622633147696613e-05,8.910407741276327e-05,2.7346923358488643e-05,0.005357950255035327,1.622633147696613e-05
core_N128_s1,128,1,5,moment5,moment9,0.01,73,99980,8.822930998625411e-05,2.724287880304089e-05,0.005338293745481756,1.615121227130656e-05,8.822930998625411e-05,2.724287880304089e-05,0.005338293745481756,1.615121227130656e-05
core_N128_s1,128,1,5,moment5,moment9,0.1,73,99980,8.049776825355681e-05,2.6251066942752245e-05,0.005150452023458108,1.5391274371637842e-05,8.049776825355681e-05,2.6251066942752245e-05,0.005150452023458108,1.5391274371637842e-05
core_N128_s1,128,1,5,moment5,moment9,1.0,73,99980,6.560711251986373e-05,2.053994449557406e-05,0.004056820217581544,1.0231841250613803e-05,6.560711251986373e-05,2.053994449557406e-05,0.004056820217581544,1.0231841250613803e-05
core_N128_s1,128,1,5,moment5,moment9,10.0,73,99980,4.7064183163123e-05,1.471124508688515e-05,0.002921673228651408,5.006816345528559e-06,4.7064183163123e-05,1.471124508688515e-05,0.002921673228651408,5.006816345528559e-06
core_N128_s1,128,1,5,moment5,moment9,100.0,73,99980,4.406727256869858e-05,1.3652761638210919e-05,0.0027039453961643953,4.161689737863573e-06,4.406727256869858e-05,1.3652761638210919e-05,0.0027039453961643953,4.222026371038651e-06
core_N128_s1,128,1,7,moment3,moment9,0.0001,73,99980,-0.0038212910553698104,0.001377264763110654,0.35647282459579793,0.0021371076977247275,0.0038583879757725092,0.0026981634807216244,0.35647282459579793,0.002777643438810771
core_N128_s1,128,1,7,moment3,moment9,0.001,73,99980,-0.003819958603830581,0.0013777402961869982,0.3564754458027597,0.0021369754846728636,0.0038573764658215715,0.0026981634807216244,0.3564754458027597,0.0027773829250770684
core_N128_s1,128,1,7,moment3,moment9,0.01,73,99980,-0.0038061572825879852,0.0013825540787724166,0.3565033445068564,0.0021355450767207534,0.003845197706086656,0.0026981634807216244,0.3565033445068564,0.0027746114457719287
core_N128_s1,128,1,7,moment3,moment9,0.1,73,99980,-0.003599725911058088,0.0014350304050291854,0.3569351134869962,0.0021133121108436624,0.00372412625986962,0.0026981634807216244,0.3569351134869962,0.0027364133199697903
core_N128_s1,128,1,7,moment3,moment9,1.0,73,99980,-0.0021324211583416824,0.001941472421736593,0.36356490846737016,0.0019697522730426375,0.002676323944263828,0.0026981634807216244,0.36356490846737016,0.0022946226843337364
core_N128_s1,128,1,7,moment3,moment9,10.0,73,99980,0.028758951185854864,0.00376858495431136,1.4851507042627337,0.0018202994708380541,0.028758951185854864,0.03257766158539758,1.5408816116646318,0.006593557853211676
core_N128_s1,128,1,7,moment3,moment9,100.0,73,99980,0.02814632215932962,0.0004418668384260002,1.1623498539430066,6.251927662244792e-05,0.02814632215932962,0.04047088268088798,1.297621012961428,0.0037945758215837985
core_N128_s1,128,1,7,moment5,moment9,0.0001,73,99980,7.750513311081952e-05,2.4143626131294862e-05,0.004739124134872608,1.4336002015771743e-05,7.750513311081952e-05,2.4143626131294862e-05,0.004739124134872608,1.4336002015771743e-05
core_N128_s1,128,1,7,moment5,moment9,0.001,73,99980,7.742812016514611e-05,2.4134469599873364e-05,0.004737386627367186,1.432938083447277e-05,7.742812016514611e-05,2.4134469599873364e-05,0.004737386627367186,1.432938083447277e-05
core_N128_s1,128,1,7,moment5,moment9,0.01,73,99980,7.666781476060869e-05,2.4043273243464927e-05,0.004720076976888513,1.4262944827629864e-05,7.666781476060869e-05,2.4043273243464927e-05,0.004720076976888513,1.4262944827629864e-05
core_N128_s1,128,1,7,moment5,moment9,0.1,73,99980,6.99575749403547e-05,2.3172761564410192e-05,0.004554466021254318,1.359058281489143e-05,6.99575749403547e-05,2.3172761564410192e-05,0.004554466021254318,1.359058281489143e-05
core_N128_s1,128,1,7,moment5,moment9,1.0,73,99980,5.750685140398781e-05,1.8116447229952508e-05,0.003582580378236505,9.020552294403728e-06,5.750685140398781e-05,1.8116447229952508e-05,0.003582580378236505,9.020552294403728e-06
core_N128_s1,128,1,7,moment5,moment9,10.0,73,99980,4.1774171186476083e-05,1.2877498945608546e-05,0.0025598492855988964,4.3897963483131224e-06,4.1774171186476083e-05,1.2877498945608546e-05,0.0025598492855988964,4.3897963483131224e-06
core_N128_s1,128,1,7,moment5,moment9,100.0,73,99980,3.9051387677804805e-05,1.1898106490891082e-05,0.0023609880287367457,3.640706831297671e-06,3.9051387677804805e-05,1.1898106490891082e-05,0.0023609880287367457,3.6956241820493643e-06
core_N128_s2,128,2,0,moment3,moment9,0.0001,73,99980,-0.004995940815614733,0.0013258971364572781,0.3316001718945329,0.002097785621340039,0.004995940815614733,0.002671483199545204,0.3316001718945329,0.002711365587558936
core_N128_s2,128,2,0,moment3,moment9,0.001,73,99980,-0.004989005444797717,0.0013263231279351938,0.33159430146217705,0.002097788085133846,0.004989005444797717,0.002671483199545204,0.33159430146217705,0.0027109279371187065
core_N128_s2,128,2,0,moment3,moment9,0.01,73,99980,-0.0049243992836120465,0.0013306975555570967,0.33154207078858433,0.0020977395379173673,0.0049243992836120465,0.002671483199545204,0.33154207078858433,0.002706475136756448
core_N128_s2,128,2,0,moment3,moment9,0.1,73,99980,-0.004389307408784876,0.001384691462781825,0.3316317480644881,0.0020913716048798973,0.004389307408784876,0.002671483199545204,0.3316317480644881,0.0026586786930803373
core_N128_s2,128,2,0,moment3,moment9,1.0,73,99980,-0.0020086298460247898,0.002319807037498769,0.3584872995587721,0.0020633504473900693,0.0027329604298191867,0.002671483199545204,0.3584872995587721,0.002225696829632161
core_N128_s2,128,2,0,moment3,moment9,10.0,73,99980,0.05249937612179029,0.005604894418990867,1.9149569405563973,0.001149338016042537,0.05249937612179029,0.0838805290490199,2.0644642551075947,0.016098617843940205
core_N128_s2,128,2,0,moment3,moment9,100.0,73,99980,0.03375876007030622,0.0012747927886994567,1.1325064641687848,0.00016780077638596562,0.03375876007030622,0.17505989089460205,1.4391889454619498,0.011468199676580113
core_N128_s2,128,2,0,moment5,moment9,0.0001,73,99980,6.478456683914335e-05,1.842512996351329e-05,0.0036435489849313486,1.2459591628379454e-05,6.478456683914335e-05,1.842512996351329e-05,0.0036435489849313486,1.2459591628379454e-05
core_N128_s2,128,2,0,moment5,moment9,0.001,73,99980,6.53002338069919e-05,1.842088497701697e-05,0.003642744886648097,1.2453744350423718e-05,6.53002338069919e-05,1.842088497701697e-05,0.003642744886648097,1.2453744350423718e-05
core_N128_s2,128,2,0,moment5,moment9,0.01,73,99980,6.6421177006587e-05,1.83785039460334e-05,0.003634712826317742,1.239543435189291e-05,6.6421177006587e-05,1.83785039460334e-05,0.003634712826317742,1.239543435189291e-05
core_N128_s2,128,2,0,moment5,moment9,0.1,73,99980,6.568571766273068e-05,1.7964809116429194e-05,0.003555974656846727,1.183105611175522e-05,6.568571766273068e-05,1.7964809116429194e-05,0.003555974656846727,1.183105611175522e-05
core_N128_s2,128,2,0,moment5,moment9,1.0,73,99980,5.308023037425835e-05,1.5278774583236166e-05,0.003037106764136132,8.1897550361116e-06,5.308023037425835e-05,1.5278774583236166e-05,0.003037106764136132,8.1897550361116e-06
core_N128_s2,128,2,0,moment5,moment9,10.0,73,99980,3.389717293114658e-05,1.2111650722626514e-05,0.002417974731191135,4.005517446275228e-06,3.389717293114658e-05,1.2111650722626514e-05,0.002417974731191135,4.0148777647481805e-06
core_N128_s2,128,2,0,moment5,moment9,100.0,73,99980,3.214143744822984e-05,1.1325024401040502e-05,0.0022716363010158304,3.2413316401536325e-06,3.214143744822984e-05,1.1436805331779906e-05,0.0022716363010158304,3.2824320245793843e-06
core_N128_s2,128,2,1,moment3,moment9,0.0001,73,99980,1.3877787807814457e-17,3.921542664044959e-17,7.2412921580097055e-16,4.807407289046552e-17,2.7755575615628914e-17,8.551828698724746e-17,7.615811214503271e-16,1.46868708652284e-16
core_N128_s2,128,2,1,moment3,moment9,0.001,73,99980,0.0,3.9217912922973214e-17,9.497539059973923e-16,4.807407289046552e-17,2.7755575615628914e-17,8.566025928195933e-17,9.497539059973923e-16,1.46868708652284e-16
core_N128_s2,128,2,1,moment3,moment9,0.01,73,99980,0.0,3.9242479651108054e-17,1.2275442967561882e-15,4.807407289046552e-17,2.7755575615628914e-17,8.800366876101687e-17,1.2275442967561882e-15,1.46868708652284e-16
core_N128_s2,128,2,1,moment3,moment9,0.1,73,99980,1.3877787807814457e-17,1.8435375261936528e-31,1.107587718572656e-15,0.0,4.163336342344337e-17,8.771797168042056e-17,1.107587718572656e-15,1.46868708652284e-16
core_N128_s2,128,2,1,moment3,moment9,1.0,73,99980,1.3877787807814457e-17,1.8910798212939925e-31,5.663370704116304e-16,0.0,1.3877787807814457e-17,8.601070652806307e-17,5.663370704116304e-16,1.46868708652284e-16
core_N128_s2,128,2,1,moment3,moment9,10.0,73,99980,0.0,4.166685586330474e-17,1.782918964888211e-16,7.3434354326142e-17,1.3877787807814457e-17,8.62615021237752e-17,1.782918964888211e-16,1.46868708652284e-16
core_N128_s2,128,2,1,moment3,moment9,100.0,73,99980,0.0,4.1921102246619465e-17,3.373917354656172e-17,4.807407289046552e-17,0.0,8.452158703250603e-17,3.3739957451822566e-17,1.7333351575345718e-16
core_N128_s2,128,2,1,moment5,moment9,0.0001,73,99980,2.7755575615628914e-17,3.921542664044959e-17,1.090734831063356e-15,4.807407289046552e-17,2.7755575615628914e-17,1.6270332175453412e-16,1.090734831063356e-15,2.2204462477736986e-16
core_N128_s2,128,2,1,moment5,moment9,0.001,73,99980,0.0,3.921791292297322e-17,6.678234107711766e-16,4.807407289046552e-17,2.7755575615628914e-17,1.633060964798522e-16,6.678234107711766e-16,2.2204462477736986e-16
core_N128_s2,128,2,1,moment5,moment9,0.01,73,99980,0.0,3.924247965110806e-17,6.656897354608093e-16,7.3434354326142e-17,2.7755575615628914e-17,1.6282134751970365e-16,6.656897354608093e-16,2.2204462477736986e-16
core_N128_s2,128,2,1,moment5,moment9,0.1,73,99980,0.0,7.892437151300742e-17,1.4262248098894753e-15,9.614814578093104e-17,2.7755575615628914e-17,1.6125331034475438e-16,1.4262248098894753e-15,2.2204462477736986e-16
core_N128_s2,128,2,1,moment5,moment9,1.0,73,99980,0.0,1.7220745972301365e-31,5.475634133102914e-16,5.551115123125783e-17,2.7755575615628914e-17,1.6137589934767841e-16,5.475634133102914e-16,2.2204462477736986e-16
core_N128_s2,128,2,1,moment5,moment9,10.0,73,99980,0.0,8.333371172660948e-17,1.5741600005566805e-16,1.1102231238868493e-16,1.3877787807814457e-17,1.6439234880858295e-16,1.5741600005566805e-16,2.2204462477736986e-16
core_N128_s2,128,2,1,moment5,moment9,100.0,73,99980,0.0,2.2680157096152032e-32,3.9980350199072985e-17,0.0,1.3877787807814457e-17,1.6164516322420072e-16,4.0537708835342844e-17,2.2204462477736986e-16
core_N128_s2,128,2,3,moment3,moment9,0.0001,73,99980,-0.005110906135953205,0.0013963072639014001,0.3457386137216993,0.0021984699400240297,0.005110906135953205,0.002806057671625898,0.3457386137216993,0.002862575766599694
core_N128_s2,128,2,3,moment3,moment9,0.001,73,99980,-0.005103334649552607,0.0013968042080537346,0.34573233882961013,0.0021985225192836986,0.005103334649552607,0.002806057671625898,0.34573233882961013,0.002862103430835774
core_N128_s2,128,2,3,moment3,moment9,0.01,73,99980,-0.005031752302688361,0.0014019038056974945,0.34567672017341416,0.002198972654113203,0.005031752302688361,0.002806057671625898,0.34567672017341416,0.00285729956684616
core_N128_s2,128,2,3,moment3,moment9,0.1,73,99980,-0.004434905710831258,0.0014647845372074094,0.34580209598279177,0.0021973891092989125,0.004434905710831258,0.002806057671625898,0.34580209598279177,0.0028064289970077825
core_N128_s2,128,2,3,moment3,moment9,1.0,73,99980,-0.0016802046292405115,0.0026447176804876415,0.3782482712494604,0.0022414678971115257,0.002755557931730629,0.002806057671625898,0.3782482712494604,0.0023462997768335845
core_N128_s2,128,2,3,moment3,moment9,10.0,73,99980,0.01887962073114592,7.617241924962036e-06,1.6549209695003446,1.9979886430674697e-06,0.01887962073114592,0.0586397304579731,1.6549263984826903,0.009931111870969404
core_N128_s2,128,2,3,moment3,moment9,100.0,73,99980,0.018796317968418658,4.944912223108006e-06,1.229833198229998,1.3614482632591536e-06,0.018796317968418658,0.02924285225439007,1.2298385284544187,0.003083072212024107
core_N128_s2,128,2,3,moment5,moment9,0.0001,73,99980,0.0,3.995876289370044e-18,1.1348747069718083e-15,5.551115123125783e-17,2.7755575615628914e-17,1.614166042144723e-16,1.1348747069718083e-15,2.2204462477736986e-16
core_N128_s2,128,2,3,moment5,moment9,0.001,73,99980,0.0,7.869686901094847e-17,1.2070700005500399e-15,9.614814578093104e-17,2.7755575615628914e-17,1.6316610532560622e-16,1.2070700005500399e-15,2.2204462477736986e-16
core_N128_s2,128,2,3,moment5,moment9,0.01,73,99980,0.0,3.6461438430062216e-18,1.2318566957443102e-15,1.1102230246251565e-16,2.7755575615628914e-17,1.615255434681579e-16,1.2318566957443102e-15,2.2204462477736986e-16
core_N128_s2,128,2,3,moment5,moment9,0.1,73,99980,0.0,3.987997523131653e-18,1.3435595454270271e-15,5.551115123125783e-17,2.7755575615628914e-17,1.660410285529741e-16,1.3435595454270271e-15,2.2204462477736986e-16
core_N128_s2,128,2,3,moment5,moment9,1.0,73,99980,-1.3877787807814457e-17,7.86227289558207e-17,1.4708296302361397e-15,1.1102231238868493e-16,2.7755575615628914e-17,1.6223943037811183e-16,1.4708296302361397e-15,2.2204462477736986e-16
core_N128_s2,128,2,3,moment5,moment9,10.0,73,99980,1.3877787807814457e-17,3.132193501128385e-18,1.3485655116653459e-15,0.0,1.3877787807814457e-17,1.611694934526057e-16,1.3485655116653459e-15,2.2204462477736986e-16
core_N128_s2,128,2,3,moment5,moment9,100.0,73,99980,0.0,3.0309803297844223e-18,1.132560493580267e-15,0.0,2.7755575615628914e-17,1.566295426605421e-16,1.132560493580267e-15,2.2204462477736986e-16
core_N128_s2,128,2,5,moment3,moment9,0.0001,73,99980,-0.0049879602663324,0.0013231308973693566,0.3309273738281145,0.0020937672929681374,0.0049879602663324,0.002665878881685729,0.3309273738281145,0.002704326636644267
core_N128_s2,128,2,5,moment3,moment9,0.001,73,99980,-0.004981054585348782,0.001323555706108255,0.3309216507488107,0.0020937679258156853,0.004981054585348782,0.002665878881685729,0.3309216507488107,0.002703891475007316
core_N128_s2,128,2,5,moment3,moment9,0.01,73,99980,-0.004916764784561198,0.0013279177525345345,0.3308708577889541,0.0020937011507969083,0.004916764784561198,0.002665878881685729,0.3308708577889541,0.0026994636459520722
core_N128_s2,128,2,5,moment3,moment9,0.1,73,99980,-0.004384519515183927,0.0013817253837710107,0.3309712756117564,0.002087158377219871,0.004384519515183927,0.002665878881685729,0.3309712756117564,0.0026518792417139915
core_N128_s2,128,2,5,moment3,moment9,1.0,73,99980,-0.002019950293241285,0.0023085035504015745,0.35768326763647146,0.0020567054106215166,0.0027302129504101352,0.002665878881685729,0.35768326763647146,0.002220414883626531
core_N128_s2,128,2,5,moment3,moment9,10.0,73,99980,0.07288998120252221,0.009235330742968402,1.6462584756313283,0.005997968443272928,0.07288998120252221,0.03807741810621231,1.6462584756313283,0.012209454825166407
core_N128_s2,128,2,5,moment3,moment9,100.0,73,99980,0.06120159936655782,0.002712240230277416,1.2795326874961532,0.00023532189777991557,0.06120159936655782,0.13760622464418348,1.2795326874961532,0.009865935572548975
core_N128_s2,128,2,5,moment5,moment9,0.0001,73,99980,7.237714751662239e-05,2.055871670464893e-05,0.004062201606665372,1.3820161860948694e-05,7.237714751662239e-05,2.055871670464893e-05,0.004062201606665372,1.3820161860948694e-05
core_N128_s2,128,2,5,moment5,moment9,0.001,73,99980,7.288690211261495e-05,2.0553749362391632e-05,0.004061260220243668,1.3813598001676909e-05,7.288690211261495e-05,2.0553749362391632e-05,0.004061260220243668,1.3813598001676909e-05
core_N128_s2,128,2,5,moment5,moment9,0.01,73,99980,7.392852519991222e-05,2.050415965562803e-05,0.0040518577495601395,1.3748140767705162e-05,7.392852519991222e-05,2.050415965562803e-05,0.0040518577495601395,1.3748140767705162e-05
core_N128_s2,128,2,5,moment5,moment9,0.1,73,99980,7.307692852979997e-05,2.0020557332537436e-05,0.003959801065837651,1.3114707073236368e-05,7.307692852979997e-05,2.0020557332537436e-05,0.003959801065837651,1.3114707073236368e-05
core_N128_s2,128,2,5,moment5,moment9,1.0,73,99980,5.89072804751678e-05,1.6909465164503436e-05,0.00335930136692018,9.05348073562453e-06,5.89072804751678e-05,1.6909465164503436e-05,0.00335930136692018,9.05348073562453e-06
core_N128_s2,128,2,5,moment5,moment9,10.0,73,99980,3.754322191866499e-05,1.3302772175662518e-05,0.0026551264471648935,4.444640338703664e-06,3.754322191866499e-05,1.3302772175662518e-05,0.0026551264471648935,4.453044103445137e-06
core_N128_s2,128,2,5,moment5,moment9,100.0,73,99980,3.572215146516178e-05,1.242194359518687e-05,0.0024905589582933834,3.609673441353419e-06,3.572215146516178e-05,1.2542066500715453e-05,0.0024905589582933834,3.65290298739746e-06
core_N128_s2,128,2,7,moment3,moment9,0.0001,73,99980,-0.004996315343339705,0.0013260190334760038,0.3316307592772388,0.0020979366317913297,0.004996315343339705,0.002671711154252263,0.3316307592772388,0.0027116793086715283
core_N128_s2,128,2,7,moment3,moment9,0.001,73,99980,-0.004989378618033377,0.00132644505191076,0.33162488008470614,0.002097939180512644,0.004989378618033377,0.002671711154252263,0.33162488008470614,0.0027112415059776175
core_N128_s2,128,2,7,moment3,moment9,0.01,73,99980,-0.004924758139931373,0.0013308197670367605,0.33157256378169625,0.0020978914811070693,0.004924758139931373,0.002671711154252263,0.33157256378169625,0.002706787187196451
core_N128_s2,128,2,7,moment3,moment9,0.1,73,99980,-0.004389536260228033,0.0013848188416454054,0.33166157383296296,0.002091531869626148,0.004389536260228033,0.002671711154252263,0.33166157383296296,0.0026589786361055695
core_N128_s2,128,2,7,moment3,moment9,1.0,73,99980,-0.002008071741078088,0.0023203123425120788,0.3585226771662519,0.0020636269732167228,0.002733067551360324,0.002671711154252263,0.3585226771662519,0.002225920712167396
core_N128_s2,128,2,7,moment3,moment9,10.0,73,99980,0.031331041517629124,0.0032036356733045382,1.4661241774970664,0.0015329592004515872,0.031331041517629124,0.019815719551984263,1.5633968964895735,0.004501554910373048
core_N128_s2,128,2,7,moment3,moment9,100.0,73,99980,0.02655946051081247,0.00043411331642564043,1.1476495340112312,6.37106332430942e-05,0.02655946051081247,0.18773386152602017,1.2710305453143873,0.011900913485550212
core_N128_s2,128,2,7,moment5,moment9,0.0001,73,99980,6.421361335311182e-05,1.8267848937809505e-05,0.0036125227128183403,1.2364951107449484e-05,6.421361335311182e-05,1.8267848937809505e-05,0.0036125227128183403,1.2364951107449484e-05
core_N128_s2,128,2,7,moment5,moment9,0.001,73,99980,6.472975824732552e-05,1.8263685946146625e-05,0.003611734460155474,1.2359164497573059e-05,6.472975824732552e-05,1.8263685946146625e-05,0.003611734460155474,1.2359164497573059e-05
core_N128_s2,128,2,7,moment5,moment9,0.01,73,99980,6.585625765814784e-05,1.822212058697787e-05,0.0036038600474152327,1.2301457833732687e-05,6.585625765814784e-05,1.822212058697787e-05,0.0036038600474152327,1.2301457833732687e-05
core_N128_s2,128,2,7,moment5,moment9,0.1,73,99980,6.513467717790544e-05,1.7816119782071523e-05,0.0035266103560092675,1.1742766822316225e-05,6.513467717790544e-05,1.7816119782071523e-05,0.0035266103560092675,1.1742766822316225e-05
core_N128_s2,128,2,7,moment5,moment9,1.0,73,99980,5.266203973978978e-05,1.5171240409416273e-05,0.003015736473457191,8.13268504530282e-06,5.266203973978978e-05,1.5171240409416273e-05,0.003015736473457191,8.13268504530282e-06
core_N128_s2,128,2,7,moment5,moment9,10.0,73,99980,3.3643529623997304e-05,1.203909210709885e-05,0.002403406230293412,3.9764223396306605e-06,3.3643529623997304e-05,1.203909210709885e-05,0.002403406230293412,3.985659055567675e-06
core_N128_s2,128,2,7,moment5,moment9,100.0,73,99980,3.18983899146863e-05,1.1261342329921476e-05,0.0022585881770011756,3.2165748290176067e-06,3.18983899146863e-05,1.1368887709993996e-05,0.0022585881770011756,3.2574427601894135e-06
core_N128_s3,128,3,0,moment3,moment9,0.0001,73,99980,-0.006406405514593455,0.0012345496738778352,0.31665537231376284,0.002147249220921793,0.006406405514593455,0.002450589763462482,0.31665537231376284,0.00285702195717711
core_N128_s3,128,3,0,moment3,moment9,0.001,73,99980,-0.006400381646148645,0.001234503327546473,0.31659213045891643,0.002146916073223622,0.006400381646148645,0.002450589763462482,0.31659213045891643,0.0028560768652529374
core_N128_s3,128,3,0,moment3,moment9,0.01,73,99980,-0.006341011724891932,0.0012341346916373368,0.3159727048680936,0.0021435438224491946,0.006341011724891932,0.002450589763462482,0.3159727048680936,0.0028466025804968257
core_N128_s3,128,3,0,moment3,moment9,0.1,73,99980,-0.005815139406775596,0.0012390646925137167,0.31097030160515504,0.0021069284193651634,0.005815139406775596,0.002450589763462482,0.31097030160515504,0.0027517745162206494
core_N128_s3,128,3,0,moment3,moment9,1.0,73,99980,-0.0037388613702016016,0.0016337432383829288,0.31121359563389644,0.0018576463788433002,0.0038078847587175585,0.002450589763462482,0.31121359563389644,0.002169047702106638
core_N128_s3,128,3,0,moment3,moment9,10.0,73,99980,0.05680544911916685,0.010420394146132893,2.2270421336683373,0.0015819305518397079,0.05680544911916685,0.15765006921542032,2.2270421336683373,0.028427221862389912
core_N128_s3,128,3,0,moment3,moment9,100.0,73,99980,0.03681275720952688,0.0021878183972605667,1.228183464030424,0.00018646397722495798,0.03681275720952688,0.2832690744943052,1.4430128028292932,0.01738212031419943
core_N128_s3,128,3,0,moment5,moment9,0.0001,73,99980,6.477100554783122e-05,1.646369474631036e-05,0.0032511265192199535,1.2614016266218949e-05,6.477100554783122e-05,1.646369474631036e-05,0.0032511265192199535,1.2614016266218949e-05
core_N128_s3,128,3,0,moment5,moment9,0.001,73,99980,6.471797368823307e-05,1.6456096422291995e-05,0.0032496616826663697,1.2603700967004708e-05,6.471797368823307e-05,1.6456096422291995e-05,0.0032496616826663697,1.2603700967004708e-05
core_N128_s3,128,3,0,moment5,moment9,0.01,73,99980,6.419600772322731e-05,1.638101712856811e-05,0.003235184992576853,1.250168659699628e-05,6.419600772322731e-05,1.638101712856811e-05,0.003235184992576853,1.250168659699628e-05
core_N128_s3,128,3,0,moment5,moment9,0.1,73,99980,6.601056314767262e-05,1.571128064438304e-05,0.0031058490718847546,1.1584235781188979e-05,6.601056314767262e-05,1.571128064438304e-05,0.0031058490718847546,1.1584235781188979e-05
core_N128_s3,128,3,0,moment5,moment9,1.0,73,99980,5.0436815176871375e-05,1.2734178496666668e-05,0.0025273268666024125,7.2902394737504064e-06,5.0436815176871375e-05,1.2734178496666668e-05,0.0025273268666024125,7.2902394737504064e-06
core_N128_s3,128,3,0,moment5,moment9,10.0,73,99980,3.840729582028912e-05,1.050655710814885e-05,0.002089713676612633,3.6930948764819803e-06,3.840729582028912e-05,1.050655710814885e-05,0.002089713676612633,3.6930948764819803e-06
core_N128_s3,128,3,0,moment5,moment9,100.0,73,99980,3.739547433830037e-05,1.0323171599932818e-05,0.0020351451512858154,3.0545815436842603e-06,3.739547433830037e-05,1.0323171599932818e-05,0.0020351451512858154,3.08248814273176e-06
core_N128_s3,128,3,1,moment3,moment9,0.0001,73,99980,-4.163336342344337e-17,7.602228405339102e-17,7.032425224429176e-16,1.1102231238868493e-16,4.163336342344337e-17,8.276721289590312e-17,7.065971395272079e-16,1.1102231238868493e-16
core_N128_s3,128,3,1,moment3,moment9,0.001,73,99980,0.0,7.602760169997277e-17,9.518534620702081e-16,9.614814578093104e-17,2.7755575615628914e-17,8.353010811928927e-17,9.518534620702081e-16,1.1102231238868493e-16
core_N128_s3,128,3,1,moment3,moment9,0.01,73,99980,1.3877787807814457e-17,3.804003911700949e-17,1.4362508310248552e-15,4.807407289046552e-17,4.163336342344337e-17,8.164584081968253e-17,1.4362508310248552e-15,1.2098375150554763e-16
core_N128_s3,128,3,1,moment3,moment9,0.1,73,99980,0.0,7.65441331464096e-17,7.474099822166675e-16,9.614814578093104e-17,4.163336342344337e-17,8.017975616280257e-17,7.474099822166675e-16,1.1102231238868493e-16
core_N128_s3,128,3,1,moment3,moment9,1.0,73,99980,2.7755575615628914e-17,3.9362992793284865e-31,4.964679187845421e-16,5.551115123125783e-17,2.7755575615628914e-17,8.166511317127569e-17,4.964679187845421e-16,1.2098375150554763e-16
core_N128_s3,128,3,1,moment3,moment9,10.0,73,99980,0.0,4.0361828549331006e-17,1.8499996816737897e-16,4.807407289046552e-17,2.7755575615628914e-17,8.115703924387372e-17,1.8499996816737897e-16,1.1102231238868493e-16
core_N128_s3,128,3,1,moment3,moment9,100.0,73,99980,1.3877787807814457e-17,4.057499696341575e-17,4.286261343860369e-17,4.807407289046552e-17,1.3877787807814457e-17,8.220831078478266e-17,4.286261343860369e-17,1.2098375150554763e-16
core_N128_s3,128,3,1,moment5,moment9,0.0001,73,99980,0.0,3.8011142026695516e-17,7.017398118093719e-16,7.3434354326142e-17,4.163336342344337e-17,1.5568905365211564e-16,7.017398118093719e-16,2.2204462477736986e-16
core_N128_s3,128,3,1,moment5,moment9,0.001,73,99980,-1.3877787807814457e-17,3.801380084998637e-17,8.358456017284975e-16,4.807407289046552e-17,2.7755575615628914e-17,1.5619894018534923e-16,8.358456017284975e-16,2.2204462477736986e-16
core_N128_s3,128,3,1,moment5,moment9,0.01,73,99980,1.3877787807814457e-17,1.403684546913999e-32,8.141546639142434e-16,0.0,4.163336342344337e-17,1.554935889565612e-16,8.141546639142434e-16,2.2204462477736986e-16
core_N128_s3,128,3,1,moment5,moment9,0.1,73,99980,0.0,6.78261013213319e-32,6.376337786986764e-16,0.0,2.7755575615628914e-17,1.5461234517305805e-16,6.376337786986764e-16,2.2204462477736986e-16
core_N128_s3,128,3,1,moment5,moment9,1.0,73,99980,0.0,3.5369114843223617e-31,4.252054733300518e-16,0.0,2.7755575615628914e-17,1.5712405116607658e-16,4.252054733300518e-16,2.2204462477736986e-16
core_N128_s3,128,3,1,moment5,moment9,10.0,73,99980,0.0,8.0723657098662e-17,1.5582968940977355e-16,9.614814578093104e-17,2.7755575615628914e-17,1.5731752974467485e-16,1.5582968940977355e-16,2.2204462477736986e-16
core_N128_s3,128,3,1,moment5,moment9,100.0,73,99980,0.0,2.9262274488686047e-32,4.6969860523779177e-17,0.0,1.3877787807814457e-17,1.5664713491578914e-16,4.6969860523779177e-17,2.2204462477736986e-16
core_N128_s3,128,3,3,moment3,moment9,0.0001,73,99980,-0.006455733074135814,0.0013205105036406986,0.3320689870528032,0.002272035690459972,0.006455733074135814,0.0026073542071349486,0.3320689870528032,0.0030335669061809373
core_N128_s3,128,3,3,moment3,moment9,0.001,73,99980,-0.006448749129533735,0.0013207166616829454,0.33201127304076394,0.002271759287465387,0.006448749129533735,0.0026073542071349486,0.33201127304076394,0.0030325208257390647
core_N128_s3,128,3,3,moment3,moment9,0.01,73,99980,-0.006379865843260085,0.0013229077707367573,0.3314490530946419,0.0022689493554840564,0.006379865843260085,0.0026073542071349486,0.3314490530946419,0.003022042957406087
core_N128_s3,128,3,3,moment3,moment9,0.1,73,99980,-0.0058043752249034575,0.0013563558301766469,0.3271836700457519,0.002237623156153202,0.0058043752249034575,0.0026073542071349486,0.3271836700457519,0.002917845038401848
core_N128_s3,128,3,3,moment3,moment9,1.0,73,99980,-0.003256041764474346,0.002192939254220366,0.34041016374943944,0.0020900889343299436,0.003597040042182059,0.0026073542071349486,0.34041016374943944,0.002290261756790134
core_N128_s3,128,3,3,moment3,moment9,10.0,73,99980,0.019002198814605936,6.435615977393998e-06,1.6798344440834125,1.9483251298939468e-06,0.019002198814605936,0.013611676624882808,1.6798344440834125,0.0033934760441725305
core_N128_s3,128,3,3,moment3,moment9,100.0,73,99980,0.01886923841478709,4.2393919882672725e-06,1.2377640921869633,1.3933719476982718e-06,0.01886923841478709,0.071605562687217,1.2377640921869633,0.005092920383163902
core_N128_s3,128,3,3,moment5,moment9,0.0001,73,99980,-2.7755575615628914e-17,3.748058964708786e-18,1.2758376878037306e-15,0.0,4.163336342344337e-17,1.5486770407389215e-16,1.2758376878037306e-15,2.2204462477736986e-16
core_N128_s3,128,3,3,moment5,moment9,0.001,73,99980,0.0,3.915126953209461e-17,1.331931879851997e-15,4.807407289046552e-17,4.163336342344337e-17,1.5419619199359377e-16,1.331931879851997e-15,2.2204462477736986e-16
core_N128_s3,128,3,3,moment5,moment9,0.01,73,99980,-1.3877787807814457e-17,4.162305218485061e-18,1.2029194569485136e-15,0.0,4.163336342344337e-17,1.5508309782851775e-16,1.2029194569485136e-15,2.2204462477736986e-16
core_N128_s3,128,3,3,moment5,moment9,0.1,73,99980,0.0,3.6116272089441645e-17,1.3438784572936647e-15,7.3434354326142e-17,2.7755575615628914e-17,1.5436688240810525e-16,1.3438784572936647e-15,2.2204462477736986e-16
core_N128_s3,128,3,3,moment5,moment9,1.0,73,99980,-1.3877787807814457e-17,3.6231635065331875e-18,1.104898087560088e-15,0.0,4.163336342344337e-17,1.551198008945386e-16,1.104898087560088e-15,2.2204462477736986e-16
core_N128_s3,128,3,3,moment5,moment9,10.0,73,99980,-4.163336342344337e-17,4.099472167386521e-18,1.3851847914179026e-15,0.0,4.163336342344337e-17,1.5913015196959266e-16,1.3851847914179026e-15,2.3714376060170135e-16
core_N128_s3,128,3,3,moment5,moment9,100.0,73,99980,0.0,3.869096530608584e-17,1.2112394759922415e-15,1.2098375150554763e-16,2.7755575615628914e-17,1.5575238621577604e-16,1.2112394759922415e-15,2.2204462477736986e-16
core_N128_s3,128,3,5,moment3,moment9,0.0001,73,99980,-0.0064005947389206425,0.0012306521827614382,0.3158444787546338,0.0021415336726773567,0.0064005947389206425,0.00244263745650547,0.3158444787546338,0.002847879050770279
core_N128_s3,128,3,5,moment3,moment9,0.001,73,99980,-0.006394626418611396,0.001230594753719663,0.3157811471620538,0.0021411979935252253,0.006394626418611396,0.00244263745650547,0.3157811471620538,0.002846918416246144
core_N128_s3,128,3,5,moment3,moment9,0.01,73,99980,-0.006335807025751011,0.0012301132365822739,0.3151606801895533,0.0021378004887098734,0.006335807025751011,0.00244263745650547,0.3151606801895533,0.0028375192067803287
core_N128_s3,128,3,5,moment3,moment9,0.1,73,99980,-0.005813015395477336,0.0012337332259560144,0.31013537877571895,0.0021009362873029742,0.005813015395477336,0.00244263745650547,0.31013537877571895,0.0027433656113918137
core_N128_s3,128,3,5,moment3,moment9,1.0,73,99980,-0.003764090187984459,0.001607260472252159,0.3097386970445657,0.0018471342784880807,0.0038222518850483528,0.00244263745650547,0.3097386970445657,0.0021634867936041386
core_N128_s3,128,3,5,moment3,moment9,10.0,73,99980,0.056874672894951114,0.014660560082694436,1.5350738702168274,0.008611202368596145,0.056874672894951114,0.06221610348128416,1.5350738702168274,0.01727727799040678
core_N128_s3,128,3,5,moment3,moment9,100.0,73,99980,0.05769661502307212,0.00687041678666816,1.2305022416242195,0.047192185883550064,0.05769661502307212,0.14045661450383265,1.3117097894114174,0.06316276701336641
core_N128_s3,128,3,5,moment5,moment9,0.0001,73,99980,7.182900753736898e-05,1.8279179130679757e-05,0.0036052913507126252,1.4124704397691677e-05,7.182900753736898e-05,1.8279179130679757e-05,0.0036052913507126252,1.4124704397691677e-05
core_N128_s3,128,3,5,moment5,moment9,0.001,73,99980,7.176822620678924e-05,1.8270379121823964e-05,0.003603595920175755,1.411285628038125e-05,7.176822620678924e-05,1.8270379121823964e-05,0.003603595920175755,1.411285628038125e-05
core_N128_s3,128,3,5,moment5,moment9,0.01,73,99980,7.117002849112153e-05,1.8183458029622167e-05,0.003586846738859957,1.3995724246892841e-05,7.117002849112153e-05,1.8183458029622167e-05,0.003586846738859957,1.3995724246892841e-05
core_N128_s3,128,3,5,moment5,moment9,0.1,73,99980,7.30690553602531e-05,1.7410752695550112e-05,0.0034377417282920215,1.294552255809859e-05,7.30690553602531e-05,1.7410752695550112e-05,0.0034377417282920215,1.294552255809859e-05
core_N128_s3,128,3,5,moment5,moment9,1.0,73,99980,5.51557883136794e-05,1.404369752817335e-05,0.002784388829414239,8.092261352066243e-06,5.51557883136794e-05,1.404369752817335e-05,0.002784388829414239,8.092261352066243e-06
core_N128_s3,128,3,5,moment5,moment9,10.0,73,99980,4.1408465989475896e-05,1.1617471744366926e-05,0.002308656710767123,4.0922602596743624e-06,4.1408465989475896e-05,1.1617471744366926e-05,0.002308656710767123,4.0922602596743624e-06
core_N128_s3,128,3,5,moment5,moment9,100.0,73,99980,4.034621698532914e-05,1.1459585465550013e-05,0.002254055204471361,3.389611886086672e-06,4.034621698532914e-05,1.1459585465550013e-05,0.002254055204471361,3.418688597727477e-06
core_N128_s3,128,3,7,moment3,moment9,0.0001,73,99980,-0.006406816113723485,0.0012347257789153418,0.3166950195450743,0.002147483344802777,0.006406816113723485,0.002450971626477763,0.3166950195450743,0.0028574795192030135
core_N128_s3,128,3,7,moment3,moment9,0.001,73,99980,-0.0064007892000912114,0.0012346800130385131,0.3166317743488648,0.002147150360403002,0.0064007892000912114,0.002450971626477763,0.3166317743488648,0.0028565339155156447
core_N128_s3,128,3,7,moment3,moment9,0.01,73,99980,-0.006341389069193071,0.0012343173172135627,0.3160123254222609,0.002143779755058361,0.006341389069193071,0.002450971626477763,0.3160123254222609,0.0028470545864060816
core_N128_s3,128,3,7,moment3,moment9,0.1,73,99980,-0.005815323589833776,0.001239319378388082,0.31101057518007774,0.0021071818015365924,0.005815323589833776,0.002450971626477763,0.31101057518007774,0.002752182554256736
core_N128_s3,128,3,7,moment3,moment9,1.0,73,99980,-0.0037373212731998257,0.0016354471778338138,0.3112937739753575,0.0018582186325570877,0.003807022630865284,0.002450971626477763,0.3112937739753575,0.0021692908572254112
core_N128_s3,128,3,7,moment3,moment9,10.0,73,99980,0.031031795974623577,0.0056163866311233724,1.6285550805740834,0.0022042477400286784,0.031031795974623577,0.012826876800514973,1.6691594596370771,0.0033620671398566834
core_N128_s3,128,3,7,moment3,moment9,100.0,73,99980,0.02811608549959098,0.00047873798116654343,1.1883506641611536,6.454264388190863e-05,0.02811608549959098,0.48504567199022913,1.2871753917808304,0.017518265828866418
core_N128_s3,128,3,7,moment5,moment9,0.0001,73,99980,6.420643040967733e-05,1.6334451941100225e-05,0.0032259248200566877,1.2495701319785094e-05,6.420643040967733e-05,1.6334451941100225e-05,0.0032259248200566877,1.2495701319785094e-05
core_N128_s3,128,3,7,moment5,moment9,0.001,73,99980,6.415411396797077e-05,1.6326961198403585e-05,0.0032244807581219255,1.2485536399337723e-05,6.415411396797077e-05,1.6326961198403585e-05,0.0032244807581219255,1.2485536399337723e-05
core_N128_s3,128,3,7,moment5,moment9,0.01,73,99980,6.363917811688657e-05,1.6252940023994882e-05,0.0032102084011512407,1.2385000746290493e-05,6.363917811688657e-05,1.6252940023994882e-05,0.0032102084011512407,1.2385000746290493e-05
core_N128_s3,128,3,7,moment5,moment9,0.1,73,99980,6.54569884092765e-05,1.5592248088502916e-05,0.003082619136291794,1.148020352787546e-05,6.54569884092765e-05,1.5592248088502916e-05,0.003082619136291794,1.148020352787546e-05
core_N128_s3,128,3,7,moment5,moment9,1.0,73,99980,5.010028319443749e-05,1.2646453809132908e-05,0.002510124518218221,7.233991883625826e-06,5.010028319443749e-05,1.2646453809132908e-05,0.002510124518218221,7.233991883625826e-06
core_N128_s3,128,3,7,moment5,moment9,10.0,73,99980,3.822746594890625e-05,1.0431349044947702e-05,0.0020748937881863634,3.666969572520551e-06,3.822746594890625e-05,1.0431349044947702e-05,0.0020748937881863634,3.666969572520551e-06
core_N128_s3,128,3,7,moment5,moment9,100.0,73,99980,3.722814753798209e-05,1.0245866933056732e-05,0.002020224359605923,3.03294327151694e-06,3.722814753798209e-05,1.0245866933056732e-05,0.002020224359605923,3.060749255822034e-06
core_N128_s4,128,4,0,moment3,moment9,0.0001,73,99980,-0.0046007058339332385,0.0014245411512988518,0.33311420227859917,0.0027478557308262333,0.0046007058339332385,0.002858274829432238,0.33311420227859917,0.003289263187357631
core_N128_s4,128,4,0,moment3,moment9,0.001,73,99980,-0.004591653171956353,0.0014254957407366768,0.33310485117827143,0.0027473652205108365,0.004591653171956353,0.002858274829432238,0.33310485117827143,0.0032876340104666044
core_N128_s4,128,4,0,moment3,moment9,0.01,73,99980,-0.004502858087951617,0.0014352739213767634,0.3330364190925988,0.0027423232502061115,0.004502858087951617,0.002858274829432238,0.3330364190925988,0.0032718459371478734
core_N128_s4,128,4,0,moment3,moment9,0.1,73,99980,-0.0036799284889524747,0.001550137086509815,0.3344189360625167,0.00268340691780307,0.0036799284889524747,0.002858274829432238,0.3344189360625167,0.003123225080766522
core_N128_s4,128,4,0,moment3,moment9,1.0,73,99980,-0.0007388471535740154,0.00288406837574042,0.3893541363679243,0.002502416999423835,0.0023710013586805967,0.00288406837574042,0.3893541363679243,0.002502416999423835
core_N128_s4,128,4,0,moment3,moment9,10.0,73,99980,0.0524074918492833,0.005617178790867094,1.9433584740477763,0.0011453121983446362,0.0524074918492833,0.0917886243290186,2.0841791937487346,0.015900462287560996
core_N128_s4,128,4,0,moment3,moment9,100.0,73,99980,0.030509164047880136,0.0012851262438789807,1.1307798455535694,0.00016410153044350246,0.030509164047880136,0.27028415575449727,1.4238938623211694,0.015728311081250636
core_N128_s4,128,4,0,moment5,moment9,0.0001,73,99980,7.007840871905979e-05,1.466660738808959e-05,0.0029076787592280055,1.4286347988888636e-05,7.007840871905979e-05,1.466660738808959e-05,0.0029076787592280055,1.4286347988888636e-05
core_N128_s4,128,4,0,moment5,moment9,0.001,73,99980,7.000401977537429e-05,1.465845673230026e-05,0.002906110528047465,1.4272856176512486e-05,7.000401977537429e-05,1.465845673230026e-05,0.002906110528047465,1.4272856176512486e-05
core_N128_s4,128,4,0,moment5,moment9,0.01,73,99980,6.92729544702897e-05,1.457831759720873e-05,0.0028906883146988843,1.4139619375282309e-05,6.92729544702897e-05,1.457831759720873e-05,0.0028906883146988843,1.4139619375282309e-05
core_N128_s4,128,4,0,moment5,moment9,0.1,73,99980,6.305958798480393e-05,1.3895876179296242e-05,0.0027591427370218416,1.2957311353006678e-05,6.305958798480393e-05,1.3895876179296242e-05,0.0027591427370218416,1.2957311353006678e-05
core_N128_s4,128,4,0,moment5,moment9,1.0,73,99980,4.612561204558885e-05,1.1604368773060277e-05,0.002314934455960108,7.824071160359894e-06,4.612561204558885e-05,1.1633175912469047e-05,0.002314934455960108,7.82582686676231e-06
core_N128_s4,128,4,0,moment5,moment9,10.0,73,99980,3.351515398768157e-05,1.062825465923246e-05,0.0021255492193354235,4.0670376905806744e-06,3.351515398768157e-05,1.1633175912469047e-05,0.0021255492193354235,4.077248886547639e-06
core_N128_s4,128,4,0,moment5,moment9,100.0,73,99980,3.20446944863384e-05,1.0421322937044782e-05,0.002090587390991071,3.4575221527138436e-06,3.20446944863384e-05,1.1633175912469047e-05,0.002090587390991071,3.4973812199193144e-06
core_N128_s4,128,4,1,moment3,moment9,0.0001,73,99980,-2.7755575615628914e-17,3.817015180270566e-17,7.081918627216969e-16,4.807407289046552e-17,2.7755575615628914e-17,8.065225396336584e-17,7.081918627216969e-16,1.1102231238868493e-16
core_N128_s4,128,4,1,moment3,moment9,0.001,73,99980,0.0,3.817263101619872e-17,8.309145502108368e-16,4.807407289046552e-17,2.7755575615628914e-17,1.526905240647945e-16,8.309145502108368e-16,2.00148324148528e-16
core_N128_s4,128,4,1,moment3,moment9,0.01,73,99980,-2.7755575615628914e-17,3.819707703880454e-17,8.297778256040617e-16,4.807407289046552e-17,2.7755575615628914e-17,8.091846147615417e-17,8.297778256040617e-16,1.2098375150554763e-16
core_N128_s4,128,4,1,moment3,moment9,0.1,73,99980,-1.3877787807814457e-17,3.841163093725455e-17,6.314812394184787e-16,7.3434354326142e-17,4.163336342344337e-17,8.04050683380394e-17,6.393902329381905e-16,1.1102231238868493e-16
core_N128_s4,128,4,1,moment3,moment9,1.0,73,99980,0.0,3.935005724347441e-17,4.78695199216398e-16,7.3434354326142e-17,4.163336342344337e-17,7.974194577545511e-17,4.78695199216398e-16,1.2719203487996101e-16
core_N128_s4,128,4,1,moment3,moment9,10.0,73,99980,-1.3877787807814457e-17,4.0172034915469885e-17,1.9197985514433408e-16,7.3434354326142e-17,1.3877787807814457e-17,8.036889482967955e-17,1.9197985514433408e-16,1.2719203487996101e-16
core_N128_s4,128,4,1,moment3,moment9,100.0,73,99980,-1.3877787807814457e-17,4.033021093412319e-17,4.931129793692281e-17,4.807407289046552e-17,1.3877787807814457e-17,8.024957043771577e-17,4.931213226811963e-17,1.2098375150554763e-16
core_N128_s4,128,4,1,moment5,moment9,0.0001,73,99980,0.0,0.0,6.650209073152249e-16,0.0,2.7755575615628914e-17,1.5609536973683574e-16,6.650209073152249e-16,2.2204462477736986e-16
core_N128_s4,128,4,1,moment5,moment9,0.001,73,99980,0.0,2.7572429937256054e-32,9.166262729696664e-16,0.0,2.7755575615628914e-17,1.5537589327253663e-16,9.166262729696664e-16,2.2204462477736986e-16
core_N128_s4,128,4,1,moment5,moment9,0.01,73,99980,-2.7755575615628914e-17,6.409846697849679e-32,6.475217369846991e-16,0.0,4.163336342344337e-17,1.5615500082865257e-16,6.53491057249559e-16,2.2204462477736986e-16
core_N128_s4,128,4,1,moment5,moment9,0.1,73,99980,0.0,1.2980786577256218e-31,7.004922167773064e-16,5.551115123125783e-17,4.163336342344337e-17,1.5587950597150624e-16,7.004922167773064e-16,2.2204462477736986e-16
core_N128_s4,128,4,1,moment5,moment9,1.0,73,99980,0.0,3.935005724347441e-17,6.132207509469398e-16,7.3434354326142e-17,2.7755575615628914e-17,1.5514950227949073e-16,6.132207509469398e-16,2.2204462477736986e-16
core_N128_s4,128,4,1,moment5,moment9,10.0,73,99980,-1.3877787807814457e-17,8.034406983093976e-17,1.276393816797827e-16,1.1102231238868493e-16,1.3877787807814457e-17,1.5575668937756116e-16,1.276393816797827e-16,2.2204462477736986e-16
core_N128_s4,128,4,1,moment5,moment9,100.0,73,99980,-1.3877787807814457e-17,2.1733524894338924e-32,5.219428534678079e-17,0.0,1.3877787807814457e-17,1.5759860035379555e-16,5.219507359383387e-17,2.2204462477736986e-16
core_N128_s4,128,4,3,moment3,moment9,0.0001,73,99980,-0.00488782121124938,0.001476745221321449,0.350920792546628,0.002879875485430639,0.00488782121124938,0.0030466385438715376,0.350920792546628,0.003509504828025877
core_N128_s4,128,4,3,moment3,moment9,0.001,73,99980,-0.004877403821700099,0.0014778840639492836,0.35090973112730794,0.002879490592896476,0.004877403821700099,0.0030466385438715376,0.35090973112730794,0.0035078197919771424
core_N128_s4,128,4,3,moment3,moment9,0.01,73,99980,-0.00477509454964023,0.001489577919892395,0.3508283015084653,0.002875480689707027,0.00477509454964023,0.0030466385438715376,0.3508283015084653,0.0034910233797516
core_N128_s4,128,4,3,moment3,moment9,0.1,73,99980,-0.003865969632605673,0.0016294733600888318,0.35244097334110297,0.0028249696324044076,0.003865969632605673,0.0030466385438715376,0.35244097334110297,0.003330615077483865
core_N128_s4,128,4,3,moment3,moment9,1.0,73,99980,-0.00026072242051065897,0.0033764162460343462,0.4196543883164899,0.002760599541878187,0.002469197047893737,0.0033764162460343462,0.4196543883164899,0.002760599541878187
core_N128_s4,128,4,3,moment3,moment9,10.0,73,99980,0.023248896289919982,8.882138551662684e-06,1.7258028628104627,2.503634512072659e-06,0.023248896289919982,0.03784251426493818,1.7258324848416484,0.007525345754734067
core_N128_s4,128,4,3,moment3,moment9,100.0,73,99980,0.01766301965749595,5.15465209830167e-06,1.2371537808670208,1.6267909450574275e-06,0.01766301965749595,0.03378715151313268,1.2372178015105686,0.003202153572976755
core_N128_s4,128,4,3,moment5,moment9,0.0001,73,99980,0.0,3.995679355673215e-18,1.3772928264781863e-15,5.551115123125783e-17,4.163336342344337e-17,1.55816940448209e-16,1.3772928264781863e-15,2.2204462477736986e-16
core_N128_s4,128,4,3,moment5,moment9,0.001,73,99980,0.0,3.866237850317488e-18,1.5744613127458133e-15,0.0,4.163336342344337e-17,1.5610033986453247e-16,1.5744613127458133e-15,2.2204462477736986e-16
core_N128_s4,128,4,3,moment5,moment9,0.01,73,99980,0.0,3.5685978456622516e-17,1.2223863057455706e-15,4.807407289046552e-17,4.163336342344337e-17,1.5525843251040882e-16,1.2223863057455706e-15,2.2204462477736986e-16
core_N128_s4,128,4,3,moment5,moment9,0.1,73,99980,0.0,3.5889442291658825e-17,1.4769641899384338e-15,7.3434354326142e-17,2.7755575615628914e-17,1.556922624836878e-16,1.4769641899384338e-15,2.2204462477736986e-16
core_N128_s4,128,4,3,moment5,moment9,1.0,73,99980,0.0,4.102118487557686e-17,1.474077721102805e-15,4.807407289046552e-17,4.163336342344337e-17,1.562715338203901e-16,1.474077721102805e-15,2.2204462477736986e-16
core_N128_s4,128,4,3,moment5,moment9,10.0,73,99980,-1.3877787807814457e-17,4.1008212464517783e-17,1.461264929432685e-15,7.3434354326142e-17,4.163336342344337e-17,1.5760921688065047e-16,1.461264929432685e-15,2.3714376060170135e-16
core_N128_s4,128,4,3,moment5,moment9,100.0,73,99980,-1.3877787807814457e-17,4.141483285102977e-17,1.281881540993621e-15,4.807407289046552e-17,4.163336342344337e-17,1.5525843251040882e-16,1.281881540993621e-15,2.2204462477736986e-16
core_N128_s4,128,4,5,moment3,moment9,0.0001,73,99980,-0.004571982661671831,0.001423194104914118,0.3320365398469437,0.0027422351366057376,0.004571982661671831,0.002848270753840146,0.3320365398469437,0.003276306480999809
core_N128_s4,128,4,5,moment3,moment9,0.001,73,99980,-0.00456300866181529,0.0014241472670505492,0.3320279856341665,0.0027417402576903824,0.00456300866181529,0.002848270753840146,0.3320279856341665,0.0032746879487975185
core_N128_s4,128,4,5,moment3,moment9,0.01,73,99980,-0.004474992040199785,0.001433906857361011,0.33196723469700906,0.0027366556406142628,0.004474992040199785,0.002848270753840146,0.33196723469700906,0.003258932623382093
core_N128_s4,128,4,5,moment3,moment9,0.1,73,99980,-0.003656752865670229,0.0015482110096433016,0.33340050790726705,0.0026774012212445603,0.003656752865670229,0.002848270753840146,0.33340050790726705,0.0031112442019200705
core_N128_s4,128,4,5,moment3,moment9,1.0,73,99980,-0.0007505680913500318,0.002866943843539235,0.3879999143394452,0.002492667783020665,0.002360950928255945,0.002866943843539235,0.3879999143394452,0.002492667783020665
core_N128_s4,128,4,5,moment3,moment9,10.0,73,99980,0.08543588078193769,0.008257187174187011,1.9018883381714409,0.005157601490282258,0.08543588078193769,0.030985656656291015,1.9018883381714409,0.01287102436380064
core_N128_s4,128,4,5,moment3,moment9,100.0,73,99980,0.05856302508981154,0.001296657707194544,1.3672403903814114,0.00023923313070862195,0.05856302508981154,0.15915694513559744,1.3672837640822337,0.011943901086195393
core_N128_s4,128,4,5,moment5,moment9,0.0001,73,99980,8.227242785953381e-05,1.7333319434218658e-05,0.003433255410513505,1.6446940178454317e-05,8.227242785953381e-05,1.7333319434218658e-05,0.003433255410513505,1.6446940178454317e-05
core_N128_s4,128,4,5,moment5,moment9,0.001,73,99980,8.21862198003287e-05,1.7323486486597487e-05,0.0034313634982143216,1.6431108707991518e-05,8.21862198003287e-05,1.7323486486597487e-05,0.0034313634982143216,1.6431108707991518e-05
core_N128_s4,128,4,5,moment5,moment9,0.01,73,99980,8.133904668694569e-05,1.722676925676247e-05,0.003412750786160208,1.6274799778806794e-05,8.133904668694569e-05,1.722676925676247e-05,0.003412750786160208,1.6274799778806794e-05
core_N128_s4,128,4,5,moment5,moment9,0.1,73,99980,7.414195140480195e-05,1.6400052187996877e-05,0.0032533813434392233,1.4890291640696327e-05,7.414195140480195e-05,1.6400052187996877e-05,0.0032533813434392233,1.4890291640696327e-05
core_N128_s4,128,4,5,moment5,moment9,1.0,73,99980,5.4454527558270294e-05,1.3546597913786274e-05,0.0027000242659579554,8.923235071813807e-06,5.4454527558270294e-05,1.3546597913786274e-05,0.0027000242659579554,8.923235071813807e-06
core_N128_s4,128,4,5,moment5,moment9,10.0,73,99980,3.979783757236677e-05,1.2238191872444311e-05,0.0024454972350438663,4.584712426757809e-06,3.979783757236677e-05,1.309695770675767e-05,0.0024454972350438663,4.592754715986516e-06
core_N128_s4,128,4,5,moment5,moment9,100.0,73,99980,3.814294197436452e-05,1.2020734529136537e-05,0.0024040733497916545,3.883209507159346e-06,3.814294197436452e-05,1.309695770675767e-05,0.0024040733497916545,3.923867460328023e-06
core_N128_s4,128,4,7,moment3,moment9,0.0001,73,99980,-0.004602527952033392,0.0014245637274695854,0.33317251366519784,0.002748065621662922,0.004602527952033392,0.0028587815164446743,0.33317251366519784,0.0032899862066188795
core_N128_s4,128,4,7,moment3,moment9,0.001,73,99980,-0.004593470789912138,0.0014255182580081621,0.3331630982983573,0.0027475753450344966,0.004593470789912138,0.0028587815164446743,0.3331630982983573,0.0032883562475650536
core_N128_s4,128,4,7,moment3,moment9,0.01,73,99980,-0.004504631172124587,0.0014352960891087481,0.3330940421786964,0.0027425356749611086,0.004504631172124587,0.0028587815164446743,0.3330940421786964,0.0032725660099231836
core_N128_s4,128,4,7,moment3,moment9,0.1,73,99980,-0.0036814136930798935,0.0015501773632378216,0.3344720185807381,0.0026836390527192598,0.0036814136930798935,0.0028587815164446743,0.3344720185807381,0.0031238784318113524
core_N128_s4,128,4,7,moment3,moment9,1.0,73,99980,-0.000738241578392182,0.0028849473018546083,0.38942174741004193,0.00250287203244045,0.0023715766585556824,0.0028849473018546083,0.38942174741004193,0.00250287203244045
core_N128_s4,128,4,7,moment3,moment9,10.0,73,99980,0.032465857530994194,0.0030353144909410316,1.5120227507185773,0.0013987416845249877,0.032465857530994194,0.02061022092055039,1.6056730957519636,0.004789627903937123
core_N128_s4,128,4,7,moment3,moment9,100.0,73,99980,0.023910633986842636,0.0004037893975892177,1.1464734808710186,5.718582855146513e-05,0.023910633986842636,0.38572872735890584,1.2671825993108223,0.01799970656894204
core_N128_s4,128,4,7,moment5,moment9,0.0001,73,99980,6.888851812233976e-05,1.4419390191533605e-05,0.002858755028834017,1.4091140094624642e-05,6.888851812233976e-05,1.4419390191533605e-05,0.002858755028834017,1.4091140094624642e-05
core_N128_s4,128,4,7,moment5,moment9,0.001,73,99980,6.881538456235403e-05,1.4411433396453182e-05,0.002857224452311334,1.407789933132728e-05,6.881538456235403e-05,1.4411433396453182e-05,0.002857224452311334,1.407789933132728e-05
core_N128_s4,128,4,7,moment5,moment9,0.01,73,99980,6.809664375750923e-05,1.4333203727761857e-05,0.0028421732189228416,1.3947133173633532e-05,6.809664375750923e-05,1.4333203727761857e-05,0.0028421732189228416,1.3947133173633532e-05
core_N128_s4,128,4,7,moment5,moment9,0.1,73,99980,6.198715495786544e-05,1.3667316149620685e-05,0.0027138505980006996,1.278609920500993e-05,6.198715495786544e-05,1.3667316149620685e-05,0.0027138505980006996,1.278609920500993e-05
core_N128_s4,128,4,7,moment5,moment9,1.0,73,99980,4.535690599696829e-05,1.143962224145023e-05,0.002282160984275714,7.734262770135242e-06,4.535690599696829e-05,1.1523472567527051e-05,0.002282160984275714,7.736222747329518e-06
core_N128_s4,128,4,7,moment5,moment9,10.0,73,99980,3.296755971728127e-05,1.0500708215168886e-05,0.0021001342885870124,4.0287320135219155e-06,3.296755971728127e-05,1.1523472567527051e-05,0.0021001342885870124,4.039021331603164e-06
core_N128_s4,128,4,7,moment5,moment9,100.0,73,99980,3.153010781369037e-05,1.0296966278290827e-05,0.002066066986068172,3.4269341471688828e-06,3.153010781369037e-05,1.1523472567527051e-05,0.002066066986068172,3.4667177194503e-06
