cohort,panel,quantity,model,block,cases,available,supported,actual_failed,surrogate_failed,truncated,finite_relative_errors,missing,error_below_one,relative_error_count,relative_error_minimum,relative_error_median,relative_error_maximum
all,all,baseline_movement,anchored_fine,readout,16,16,15,0,1,0,15,0,15,15,2.7824893259983173e-05,0.007632467130002808,0.3515656205697556
all,all,baseline_movement,anchored_fine,slope,16,16,15,0,1,0,15,0,15,15,1.4252477340874466e-05,0.007846629900718289,0.8808006529607592
all,all,baseline_movement,anchored_full,readout,16,16,15,0,1,0,15,0,15,15,7.26292944383542e-05,0.006177186858121623,0.2985599297416288
all,all,baseline_movement,anchored_full,slope,16,16,15,0,1,0,15,0,15,15,1.729283097011612e-05,0.00690783238602403,0.9022119664410764
all,all,baseline_movement,scalar_amplification,slope,16,16,16,0,0,0,16,0,16,16,0.0004838953911923075,0.12474191357230366,0.41230613649811226
all,all,central_response,anchored_fine,readout,16,16,15,0,1,0,15,0,14,15,0.0006178099322044138,0.017555742531350494,8.869241906103984
all,all,central_response,anchored_fine,slope,16,16,15,0,1,0,15,0,14,15,0.014274986707804445,0.10696567748432706,3.0075464813367
all,all,central_response,anchored_full,readout,16,16,15,0,1,0,15,0,14,15,0.0003646556945746247,0.017539232458534674,3.6791161234015775
all,all,central_response,anchored_full,slope,16,16,15,0,1,0,15,0,14,15,0.017377459330289374,0.11698638940026021,5.505110816587394
all,all,central_response,effective_jacobian,full,16,16,16,0,0,0,16,0,15,16,0.009449055962630938,0.23437972728583334,2.604172601070476
all,all,central_response,effective_jacobian,readout,16,16,16,0,0,0,16,0,16,16,0.0029055764583254353,0.1588123170892723,0.5090687202054707
all,all,central_response,effective_jacobian,slope,16,16,16,0,0,0,16,0,8,16,0.32886292505236303,0.9654522692174905,1.1711680790808512
all,all,central_response,full_hessian,full,16,16,16,0,0,0,16,0,15,16,0.0993259354914352,0.2642557685093414,2.600467026587865
all,all,central_response,full_hessian,readout,16,16,16,0,0,0,16,0,16,16,0.11998022333261708,0.23876690022486896,0.7732996378942131
all,all,central_response,full_hessian,slope,16,16,16,0,0,0,16,0,8,16,0.6389427041549139,1.017385998207676,13.434020087375856
all,all,central_response,scalar_amplification,full,16,16,16,0,0,0,16,0,14,16,0.07927243776223507,0.26445676321284345,5.267477792936081
all,all,central_response,scalar_amplification,readout,16,16,16,0,0,0,16,0,13,16,0.05300631381249882,0.1777328903699345,2.0228918014891235
all,all,central_response,scalar_amplification,slope,16,16,16,0,0,0,16,0,12,16,0.7055179587524328,0.9006892579955661,4.6689433636752895
confirmation,N128,baseline_movement,anchored_fine,readout,6,6,6,0,0,0,6,0,6,6,0.0001490014489386298,0.006952191751964801,0.10747827114237267
confirmation,N128,baseline_movement,anchored_fine,slope,6,6,6,0,0,0,6,0,6,6,0.0002828911644263613,0.006245437067118355,0.1256090821618553
confirmation,N128,baseline_movement,anchored_full,readout,6,6,6,0,0,0,6,0,6,6,0.00012533393735899618,0.004620269231669349,0.10813090151446632
confirmation,N128,baseline_movement,anchored_full,slope,6,6,6,0,0,0,6,0,6,6,0.00026950804954524975,0.005181337241288483,0.1246623903386658
confirmation,N128,baseline_movement,scalar_amplification,slope,6,6,6,0,0,0,6,0,6,6,0.0026325874049135407,0.1355108063921033,0.255419068757707
confirmation,N128,central_response,anchored_fine,readout,6,6,6,0,0,0,6,0,6,6,0.003873504372235631,0.01401273360575278,0.24282178970857524
confirmation,N128,central_response,anchored_fine,slope,6,6,6,0,0,0,6,0,6,6,0.05501451818613959,0.14216481964318753,0.4990752519277169
confirmation,N128,central_response,anchored_full,readout,6,6,6,0,0,0,6,0,6,6,0.0005421832100191931,0.014226079175055358,0.2543197607974178
confirmation,N128,central_response,anchored_full,slope,6,6,6,0,0,0,6,0,6,6,0.06224622735388498,0.11751144460104211,0.48859209844650225
confirmation,N128,central_response,effective_jacobian,full,6,6,6,0,0,0,6,0,6,6,0.009449055962630938,0.23437972728583334,0.5239279336197631
confirmation,N128,central_response,effective_jacobian,readout,6,6,6,0,0,0,6,0,6,6,0.0029055764583254353,0.19118416466092086,0.2826710030564036
confirmation,N128,central_response,effective_jacobian,slope,6,6,6,0,0,0,6,0,3,6,0.599362913658977,0.9478011227844678,1.1711680790808512
confirmation,N128,central_response,full_hessian,full,6,6,6,0,0,0,6,0,6,6,0.18335891788257033,0.24051178068158002,0.5279466292043016
confirmation,N128,central_response,full_hessian,readout,6,6,6,0,0,0,6,0,6,6,0.19256471050370083,0.23004241806064196,0.3564423133212264
confirmation,N128,central_response,full_hessian,slope,6,6,6,0,0,0,6,0,4,6,0.6531680535034728,0.9342238828067226,13.434020087375856
confirmation,N128,central_response,scalar_amplification,full,6,6,6,0,0,0,6,0,6,6,0.07927243776223507,0.19505511707258824,0.7720436477895478
confirmation,N128,central_response,scalar_amplification,readout,6,6,6,0,0,0,6,0,6,6,0.06594572152131964,0.1445596409337777,0.9913448154044412
confirmation,N128,central_response,scalar_amplification,slope,6,6,6,0,0,0,6,0,5,6,0.7198137560732132,0.8782323167706437,3.0413353648576567
confirmation,late,baseline_movement,anchored_fine,readout,2,2,1,0,1,0,1,0,1,1,7.755469265833719e-05,7.755469265833719e-05,7.755469265833719e-05
confirmation,late,baseline_movement,anchored_fine,slope,2,2,1,0,1,0,1,0,1,1,6.0056606937842394e-05,6.0056606937842394e-05,6.0056606937842394e-05
confirmation,late,baseline_movement,anchored_full,readout,2,2,1,0,1,0,1,0,1,1,0.00033806075043948274,0.00033806075043948274,0.00033806075043948274
confirmation,late,baseline_movement,anchored_full,slope,2,2,1,0,1,0,1,0,1,1,5.281837343031013e-05,5.281837343031013e-05,5.281837343031013e-05
confirmation,late,baseline_movement,scalar_amplification,slope,2,2,2,0,0,0,2,0,2,2,0.0004838953911923075,0.030690876602215714,0.06089785781323912
confirmation,late,central_response,anchored_fine,readout,2,2,1,0,1,0,1,0,1,1,0.0006178099322044138,0.0006178099322044138,0.0006178099322044138
confirmation,late,central_response,anchored_fine,slope,2,2,1,0,1,0,1,0,1,1,0.014274986707804445,0.014274986707804445,0.014274986707804445
confirmation,late,central_response,anchored_full,readout,2,2,1,0,1,0,1,0,1,1,0.0004937795326633445,0.0004937795326633445,0.0004937795326633445
confirmation,late,central_response,anchored_full,slope,2,2,1,0,1,0,1,0,1,1,0.017377459330289374,0.017377459330289374,0.017377459330289374
confirmation,late,central_response,effective_jacobian,full,2,2,2,0,0,0,2,0,2,2,0.009722842225566831,0.034291567484136476,0.05886029274270611
confirmation,late,central_response,effective_jacobian,readout,2,2,2,0,0,0,2,0,2,2,0.004700393943087869,0.014272185684811534,0.0238439774265352
confirmation,late,central_response,effective_jacobian,slope,2,2,2,0,0,0,2,0,1,2,0.32886292505236303,0.7052438521549174,1.0816247792574718
confirmation,late,central_response,full_hessian,full,2,2,2,0,0,0,2,0,2,2,0.16120129005981768,0.19223208335104147,0.22326287664226527
confirmation,late,central_response,full_hessian,readout,2,2,2,0,0,0,2,0,2,2,0.11998022333261708,0.19304655972427856,0.26611289611594
confirmation,late,central_response,full_hessian,slope,2,2,2,0,0,0,2,0,0,2,1.5505253167828257,2.010526159486211,2.470527002189596
confirmation,late,central_response,scalar_amplification,full,2,2,2,0,0,0,2,0,2,2,0.1340717302909922,0.42670780224998317,0.7193438742089742
confirmation,late,central_response,scalar_amplification,readout,2,2,2,0,0,0,2,0,2,2,0.07770515165508686,0.1007725280406852,0.12383990442628355
confirmation,late,central_response,scalar_amplification,slope,2,2,2,0,0,0,2,0,2,2,0.747977197812546,0.8735165429481558,0.9990558880837657
development,N128,baseline_movement,anchored_fine,readout,6,6,6,0,0,0,6,0,6,6,0.00034830084447617216,0.013757530416826563,0.10515554013925772
development,N128,baseline_movement,anchored_fine,slope,6,6,6,0,0,0,6,0,6,6,0.00035562279259407283,0.015474443206024776,0.11974184568864421
development,N128,baseline_movement,anchored_full,readout,6,6,6,0,0,0,6,0,6,6,0.00025943180950061234,0.012080630228665054,0.10573457497609219
development,N128,baseline_movement,anchored_full,slope,6,6,6,0,0,0,6,0,6,6,0.0002890276985220119,0.014500754817227016,0.11931041505774921
development,N128,baseline_movement,scalar_amplification,slope,6,6,6,0,0,0,6,0,6,6,0.0013051916501588413,0.16871848697598135,0.25001893049278995
development,N128,central_response,anchored_fine,readout,6,6,6,0,0,0,6,0,6,6,0.006341593236180097,0.031407691740958435,0.1339607786018892
development,N128,central_response,anchored_fine,slope,6,6,6,0,0,0,6,0,6,6,0.04026638977206866,0.14037394498557113,0.4981950420504004
development,N128,central_response,anchored_full,readout,6,6,6,0,0,0,6,0,6,6,0.002662803336165446,0.03254365682139971,0.14398913377303232
development,N128,central_response,anchored_full,slope,6,6,6,0,0,0,6,0,6,6,0.03479516773419942,0.14266503130980385,0.5111985170114741
development,N128,central_response,effective_jacobian,full,6,6,6,0,0,0,6,0,6,6,0.015920304829124404,0.32536745649764937,0.4390774341841485
development,N128,central_response,effective_jacobian,readout,6,6,6,0,0,0,6,0,6,6,0.014586710843342256,0.1588123170892723,0.3013398569872635
development,N128,central_response,effective_jacobian,slope,6,6,6,0,0,0,6,0,3,6,0.619473185570881,0.9172426819321537,1.0698739757733309
development,N128,central_response,full_hessian,full,6,6,6,0,0,0,6,0,6,6,0.0993259354914352,0.32894692465908604,0.4391461791553696
development,N128,central_response,full_hessian,readout,6,6,6,0,0,0,6,0,6,6,0.18405890318843132,0.20874706184673544,0.34228808365404556
development,N128,central_response,full_hessian,slope,6,6,6,0,0,0,6,0,3,6,0.6389427041549139,0.9265582785269851,1.0590319398517987
development,N128,central_response,scalar_amplification,full,6,6,6,0,0,0,6,0,6,6,0.08828011033694401,0.2640155526031964,0.6718227509333946
development,N128,central_response,scalar_amplification,readout,6,6,6,0,0,0,6,0,5,6,0.05300631381249882,0.19123951213303866,1.7471417158283442
development,N128,central_response,scalar_amplification,slope,6,6,6,0,0,0,6,0,5,6,0.7055179587524328,0.8911440613039567,3.4852670272005803
development,late,baseline_movement,anchored_fine,readout,2,2,2,0,0,0,2,0,2,2,2.7824893259983173e-05,0.1757967227315078,0.3515656205697556
development,late,baseline_movement,anchored_fine,slope,2,2,2,0,0,0,2,0,2,2,1.4252477340874466e-05,0.44040745271905,0.8808006529607592
development,late,baseline_movement,anchored_full,readout,2,2,2,0,0,0,2,0,2,2,7.26292944383542e-05,0.14931627951803358,0.2985599297416288
development,late,baseline_movement,anchored_full,slope,2,2,2,0,0,0,2,0,2,2,1.729283097011612e-05,0.4511146296360232,0.9022119664410764
development,late,baseline_movement,scalar_amplification,slope,2,2,2,0,0,0,2,0,2,2,0.0007233742694470496,0.20651475538377967,0.41230613649811226
development,late,central_response,anchored_fine,readout,2,2,2,0,0,0,2,0,1,2,0.008816735277045214,4.439029320690515,8.869241906103984
development,late,central_response,anchored_fine,slope,2,2,2,0,0,0,2,0,1,2,0.05231486332985835,1.529930672333279,3.0075464813367
development,late,central_response,anchored_full,readout,2,2,2,0,0,0,2,0,1,2,0.0003646556945746247,1.839740389548076,3.6791161234015775
development,late,central_response,anchored_full,slope,2,2,2,0,0,0,2,0,1,2,0.02353229361594676,2.7643215551016707,5.505110816587394
development,late,central_response,effective_jacobian,full,2,2,2,0,0,0,2,0,1,2,0.014031079879865498,1.3091018404751709,2.604172601070476
development,late,central_response,effective_jacobian,readout,2,2,2,0,0,0,2,0,2,2,0.012891582843063893,0.2609801515242673,0.5090687202054707
development,late,central_response,effective_jacobian,slope,2,2,2,0,0,0,2,0,1,2,0.9239446242319701,0.9921948437071768,1.0604450631823836
development,late,central_response,full_hessian,full,2,2,2,0,0,0,2,0,1,2,0.268121875172367,1.4342944508801159,2.600467026587865
development,late,central_response,full_hessian,readout,2,2,2,0,0,0,2,0,2,2,0.27733300580118125,0.5253163218476972,0.7732996378942131
development,late,central_response,full_hessian,slope,2,2,2,0,0,0,2,0,1,2,0.9520663748583588,2.0543277420280717,3.156589109197785
development,late,central_response,scalar_amplification,full,2,2,2,0,0,0,2,0,0,2,1.8095798090058126,3.538528800970947,5.267477792936081
development,late,central_response,scalar_amplification,readout,2,2,2,0,0,0,2,0,0,2,1.1439555172367375,1.5834236593629305,2.0228918014891235
development,late,central_response,scalar_amplification,slope,2,2,2,0,0,0,2,0,0,2,1.2577847211200361,2.9633640423976626,4.6689433636752895
