kind,panel,cohort,nref,arm,cases,failed,observed_vector_resolved,observed_mean_resolved,observed_mean_unresolved,predicted_mean_unresolved_among_observed_resolved,sign_correct,sign_rate,invalid_vector_forecasts,positive_skill,skill_count,skill_minimum,skill_median,skill_maximum
feedback,feedback_confirmation_N1024,confirmation,1024.0,projected_constant,6,0,6,5,1,0,5,1.0,0,5,6,-0.017813506490271802,0.2292922456480318,0.43920958619889805
feedback,feedback_confirmation_N1024,confirmation,1024.0,no_geometry,6,0,6,5,1,0,5,1.0,0,6,6,0.10393568737854775,0.2944566304529962,0.43904500639729793
feedback,feedback_confirmation_N1024,confirmation,1024.0,double_geometry,6,0,6,5,1,0,5,1.0,0,6,6,0.08877549116360317,0.2952139901088405,0.43911337214547796
feedback,feedback_confirmation_N1024,confirmation,1024.0,no_relaxation,6,0,6,5,1,0,5,1.0,0,6,6,0.23666670554640834,0.7179678240632438,0.9402331017553197
feedback,feedback_confirmation_N1024,confirmation,1024.0,double_relaxation,6,0,6,5,1,0,5,1.0,0,6,6,0.23665881605197148,0.7179678167801103,0.9402343526185039
feedback,feedback_confirmation_N128,confirmation,128.0,projected_constant,6,0,6,6,0,0,4,0.6666666666666666,0,6,6,0.0018357891144723526,0.31638033998091997,0.5087389544532661
feedback,feedback_confirmation_N128,confirmation,128.0,no_geometry,6,0,6,6,0,0,5,0.8333333333333334,0,6,6,0.0029905896941452292,0.3221639402385899,0.5185542754050847
feedback,feedback_confirmation_N128,confirmation,128.0,double_geometry,6,0,6,6,0,0,5,0.8333333333333334,0,6,6,0.012051277563351115,0.22115597120941238,0.4384621015851211
feedback,feedback_confirmation_N128,confirmation,128.0,no_relaxation,6,0,6,6,0,0,4,0.6666666666666666,0,6,6,0.09905401331788455,0.4498900041132174,0.6594853813943544
feedback,feedback_confirmation_N128,confirmation,128.0,double_relaxation,6,0,6,6,0,0,4,0.6666666666666666,0,6,6,0.099489961881575,0.45400099867364685,0.6609863270228191
feedback,feedback_confirmation_N512,confirmation,512.0,projected_constant,6,0,6,6,0,0,5,0.8333333333333334,0,5,6,-0.017096753640824636,0.27887313835357863,0.41880230836747423
feedback,feedback_confirmation_N512,confirmation,512.0,no_geometry,6,0,6,6,0,0,6,1.0,0,6,6,0.04751514979831328,0.34459264486740243,0.4184681587860908
feedback,feedback_confirmation_N512,confirmation,512.0,double_geometry,6,0,6,6,0,0,6,1.0,0,6,6,0.024228345296205323,0.33605488766202635,0.4175825093820078
feedback,feedback_confirmation_N512,confirmation,512.0,no_relaxation,6,0,6,6,0,0,5,0.8333333333333334,0,6,6,0.26346762733442686,0.7424134175402157,0.9224226026255695
feedback,feedback_confirmation_N512,confirmation,512.0,double_relaxation,6,0,6,6,0,0,5,0.8333333333333334,0,6,6,0.26345905368915057,0.7424205102206738,0.922440792575659
feedback,feedback_confirmation_late,confirmation,128.0,projected_constant,2,0,2,2,0,0,2,1.0,0,2,2,0.323307878318121,0.6105988110817507,0.8978897438453805
feedback,feedback_confirmation_late,confirmation,128.0,no_geometry,2,0,2,2,0,0,1,0.5,0,2,2,0.17383939160467832,0.19034550455571486,0.2068516175067514
feedback,feedback_confirmation_late,confirmation,128.0,double_geometry,2,0,2,2,0,0,1,0.5,0,2,2,0.10416567728625559,0.15533431008854004,0.2065029428908245
feedback,feedback_confirmation_late,confirmation,128.0,no_relaxation,2,0,2,2,0,0,2,1.0,0,2,2,0.4790438235037213,0.6670825248390833,0.8551212261744453
feedback,feedback_confirmation_late,confirmation,128.0,double_relaxation,2,0,2,2,0,0,2,1.0,0,2,2,0.8224730067903603,0.8388125374308983,0.8551520680714364
feedback,feedback_development_N1024,development,1024.0,projected_constant,6,0,6,5,1,0,5,1.0,0,5,6,-0.012682806624031429,0.24164322533046956,0.448311425089733
feedback,feedback_development_N1024,development,1024.0,no_geometry,6,0,6,5,1,0,5,1.0,0,6,6,0.10877276082696274,0.3257693609581903,0.4481429228703031
feedback,feedback_development_N1024,development,1024.0,double_geometry,6,0,6,5,1,0,5,1.0,0,6,6,0.09414148319502225,0.32807118448298134,0.4481718996177487
feedback,feedback_development_N1024,development,1024.0,no_relaxation,6,0,6,5,1,0,5,1.0,0,6,6,0.18643134706956532,0.7075367926858951,0.9386472500454875
feedback,feedback_development_N1024,development,1024.0,double_relaxation,6,0,6,5,1,0,5,1.0,0,6,6,0.18643830706281006,0.7075368219864866,0.9386483682017913
feedback,feedback_development_N128,development,128.0,projected_constant,6,0,6,6,0,0,5,0.8333333333333334,0,6,6,0.16454057163907887,0.33617138766185434,0.5972761976075256
feedback,feedback_development_N128,development,128.0,no_geometry,6,0,6,6,0,0,5,0.8333333333333334,0,6,6,0.16317661174726217,0.34342546923397,0.676319146606531
feedback,feedback_development_N128,development,128.0,double_geometry,6,0,6,6,0,0,5,0.8333333333333334,0,6,6,0.11887073485683808,0.1847978951332202,0.6757970900776319
feedback,feedback_development_N128,development,128.0,no_relaxation,6,0,6,6,0,0,5,0.8333333333333334,0,6,6,0.11360490983896199,0.3785768623558639,0.6046208407203535
feedback,feedback_development_N128,development,128.0,double_relaxation,6,0,6,6,0,0,5,0.8333333333333334,0,6,6,0.11390559042914128,0.3902285823554519,0.6080478670405933
feedback,feedback_development_N512,development,512.0,projected_constant,6,0,6,6,0,0,6,1.0,0,6,6,0.0492910548769836,0.2973390125738316,0.44780108357346005
feedback,feedback_development_N512,development,512.0,no_geometry,6,0,6,6,0,0,6,1.0,0,6,6,0.047862423096140194,0.35746446918586455,0.4993493853518519
feedback,feedback_development_N512,development,512.0,double_geometry,6,0,6,6,0,0,6,1.0,0,6,6,0.026142805889498466,0.35105651024529233,0.49931401607835835
feedback,feedback_development_N512,development,512.0,no_relaxation,6,0,6,6,0,0,5,0.8333333333333334,0,6,6,0.11281922836303793,0.7427179092807403,0.9263444679144235
feedback,feedback_development_N512,development,512.0,double_relaxation,6,0,6,6,0,0,5,0.8333333333333334,0,6,6,0.11281588937372455,0.7427231802418501,0.9263619071034565
feedback,feedback_development_late,development,128.0,projected_constant,2,0,2,2,0,0,2,1.0,0,1,2,-0.6099242186685792,0.06385132271046728,0.7376268640895137
feedback,feedback_development_late,development,128.0,no_geometry,2,0,2,2,0,0,2,1.0,0,2,2,0.20664753776974498,0.2116281132826618,0.2166086887955786
feedback,feedback_development_late,development,128.0,double_geometry,2,0,2,2,0,0,2,1.0,0,1,2,-1.3635310083610497,-0.5735103048881581,0.21651039858473342
feedback,feedback_development_late,development,128.0,no_relaxation,2,0,2,2,0,0,2,1.0,0,2,2,0.6051678309654022,0.6515441911152215,0.697920551265041
feedback,feedback_development_late,development,128.0,double_relaxation,2,0,2,2,0,0,2,1.0,0,2,2,0.6979519806484611,0.7999803980079425,0.9020088153674239
