n,seed,coordinates,eta,key,completed_updates,failed_update,eligible,window_mean_mse,window_std_mse,window_min_mse,window_max_mse,previous_20k_mse,half_window_ratio,zero_native_steps,zero_physical_steps,sign_crossings,endpoint_mse,validation_mse,lambda_core_abs_quantiles,lambda_halo_abs_quantiles,negative_slopes,mean_late_delta_c_rms,mean_late_delta_gamma_rms,physical_gamma_rate,physical_scaled_ordinary_readout_rate
1024,0,scaled_differences,0.003,N1024_s0_scaled_differences_eta0.003,100000,,True,2.2408612932727694e-05,9.740122162850734e-06,1.1239478854602853e-05,4.996388285371533e-05,2.8562386847773625e-05,0.9020584514227746,0,0,41501,1.595298565400469e-05,1.5936833992009992e-05,"[2.105715950462518e-06, 0.00024819433970165513, 0.0012333673818199118, 0.005759745582178084, 0.06413117848111237]","[4.300976639075568e-05, 0.0005436904312900552, 0.002066639917117849, 0.011737627728258326, 0.05822609468129552]",393,7.452448152613094e-06,0.0041491906525092425,786.432,1.2323687600481375e-05
1024,0,scaled_differences,0.1,N1024_s0_scaled_differences_eta0.1,61,62,False,,,,,,,,,,,,,,,,,,
1024,0,scaled,0.003,N1024_s0_scaled_eta0.003,100000,,True,0.0015472620342761732,0.000235370959342625,0.0011973435801636968,0.002013992042222571,0.0029006878112731935,0.7687520252650362,0,0,164075,0.0011972920396794977,0.0011965614987330653,"[0.0008614561961654418, 0.0008874191910154055, 0.0037778571726299454, 0.04827843162038001, 0.12418683990021337]","[0.0006930600183722216, 0.01010675033010647, 0.012124486204400799, 0.017323262820788665, 0.10221329111406012]",533,1.2039286837817727e-06,0.0020432954694589167,786.432,1.2323687600481375e-05
1024,0,scaled,0.1,N1024_s0_scaled_eta0.1,100000,,True,2.1454847311840715e-06,1.68558236314835e-07,1.8770263546626113e-06,2.4633436346601253e-06,2.9325661044462436e-06,0.8730337340157465,0,0,871,1.8770036089174639e-06,1.8520824004448894e-06,"[0.0013585467276619166, 0.005182577456171153, 0.041313321309362876, 0.06204583704834676, 0.10740447724954719]","[0.018539248950327953, 0.024976949172192685, 0.05659899630649265, 0.0921271383191842, 0.6165552669976911]",533,1.2616495015006513e-09,1.6280406281819453e-05,26214.4,0.00041078958668271256
1024,1,scaled_differences,0.003,N1024_s1_scaled_differences_eta0.003,100000,,True,4.673489447494592e-05,1.1354192079982e-05,2.1399522911045796e-05,9.378024151250127e-05,5.506122067646378e-05,0.9266764219447464,0,0,28741,6.749886569641729e-05,6.747021886616296e-05,"[6.504042428027158e-07, 0.00012035854738457167, 0.0008476822762394365, 0.005658873326850336, 0.06427188848763445]","[9.762024429141304e-06, 0.0005125783679652146, 0.0028728013959928226, 0.015522968972403158, 0.025173236661280036]",473,8.755508535442699e-06,0.006407524981403992,786.432,1.2323687600481375e-05
1024,1,scaled_differences,0.1,N1024_s1_scaled_differences_eta0.1,62,63,False,,,,,,,,,,,,,,,,,,
1024,1,scaled,0.003,N1024_s1_scaled_eta0.003,100000,,True,0.0035132449186686407,0.00042038498034194054,0.0028574538208242864,0.00428976694129856,0.005705109716264784,0.811118796056586,0,0,66447,0.002857403510808591,0.0028565229909867647,"[0.0002759565322394752, 0.0013532648886684822, 0.0033564938635085393, 0.05796245970362561, 0.14124802821558066]","[0.008768308694410165, 0.009201252727984681, 0.012322065308387531, 0.019415885796611645, 0.1056688754638865]",545,2.2788962250700194e-08,9.204259369742661e-05,786.432,1.2323687600481375e-05
1024,1,scaled,0.1,N1024_s1_scaled_eta0.1,100000,,True,1.8417221186505455e-06,1.393864628662786e-07,1.6195132572159047e-06,2.1044922720404935e-06,2.4950772224895255e-06,0.8774080407106807,0,0,899,1.619494376817667e-06,1.5984927101081704e-06,"[0.0013993273231931442, 0.005491349583604155, 0.04178169100319584, 0.06362649914106527, 0.1047037281277552]","[0.014452343300873562, 0.02392258285976597, 0.050780676612121295, 0.0968842535046493, 0.4727679994176803]",557,1.165740619998837e-09,1.5022007410861815e-05,26214.4,0.00041078958668271256
512,0,scaled_differences,0.0001,N512_s0_scaled_differences_eta0.0001,100000,,True,0.04639837185097763,0.003710528399778072,0.04000951465333046,0.05398780391697945,0.06425023581480854,0.872720902891847,0,0,14161,0.04122000460536935,0.04121365214753071,"[5.709067361386391e-06, 0.00043477012051163546, 0.001414754473690331, 0.0035195602299776057, 0.06436339537083687]","[0.00022897688730982022, 0.0013678691756804225, 0.0023995830458611624, 0.022093705673627617, 0.025301165119483993]",269,2.4387560496350147e-05,0.011292084060954676,6.5536,8.662986733781008e-07
512,0,scaled_differences,0.0003,N512_s0_scaled_differences_eta0.0003,100000,,True,0.34962018411680496,0.003874500262225015,0.34532744916695207,0.35390297777923796,0.3506359528873104,0.9989306880750672,0,0,15561,0.35317974471354735,0.3530051791083932,"[1.978477072378492e-05, 0.0006380775876248592, 0.001042099778838428, 0.003058683866236352, 0.022206144257868692]","[0.0007526899276915183, 0.0012543917172342508, 0.0015002593634657277, 0.0030623761746296566, 0.0033124553176922707]",265,4.94012938669031e-05,0.033680211450041006,19.6608,2.598896020134302e-06
512,0,scaled_differences,0.001,N512_s0_scaled_differences_eta0.001,100000,,True,0.0034864525091678894,0.0022314330920597133,0.0012349171045823175,0.014388208032517637,0.2047180217334198,0.4242297183337888,0,0,105274,0.0014925934238185572,0.0014919831474533597,"[3.058558076694541e-06, 0.0005889709783546937, 0.0021984200788046694, 0.008634273857246686, 0.058437739933583845]","[2.2352987955582376e-05, 0.00043650226831067214, 0.0013031828296451297, 0.004985151739629578, 0.008357134655740372]",320,2.6766035280437183e-05,0.020760256826653823,65.536,8.662986733781008e-06
512,0,scaled_differences,0.003,N512_s0_scaled_differences_eta0.003,616000,,True,0.00028681043285920353,0.00010945887757097865,0.0001663231550494429,0.0014108981114803409,0.0004694101016287064,0.7996007958116016,0,0,34676,0.00032268226306860214,0.00032207454334915006,"[1.0919716656169692e-05, 0.0009876366563737235, 0.004517878339942288, 0.013825043687645778, 0.05973869792669721]","[0.0002756403608237879, 0.0009201515452912463, 0.0019945935526470525, 0.004562007032964301, 0.08153374127023733]",272,2.1002099660380364e-05,0.00934870526897478,196.608,2.5988960201343023e-05
512,0,scaled_differences,0.01,N512_s0_scaled_differences_eta0.01,118,119,False,,,,,,,,,,,,,,,,,,
512,0,scaled_differences,0.03,N512_s0_scaled_differences_eta0.03,84,85,False,,,,,,,,,,,,,,,,,,
512,0,scaled_differences,0.1,N512_s0_scaled_differences_eta0.1,65,66,False,,,,,,,,,,,,,,,,,,
512,0,scaled_differences,0.3,N512_s0_scaled_differences_eta0.3,54,55,False,,,,,,,,,,,,,,,,,,
512,0,scaled_differences,1e-05,N512_s0_scaled_differences_eta1e-05,100000,,True,0.5216307410905172,0.02207454211827127,0.48874572071962075,0.5658196274584962,0.6384781952504259,0.9300352885395093,0,0,265,0.48874326945164864,0.48861777933839856,"[2.0557490247126708e-05, 0.0003220254782390322, 0.0010673322275076276, 0.0014184265539618842, 0.06922100485464991]","[1.6596458043146664e-05, 0.00015564253546385332, 0.0014974452928329864, 0.006169927594452635, 0.006884820200891328]",243,7.126490333603502e-07,9.615629053280518e-06,0.65536,8.662986733781008e-08
512,0,scaled_differences,3e-05,N512_s0_scaled_differences_eta3e-05,100000,,True,0.3436879288653256,0.012625041006247804,0.32456102908524886,0.370152654512288,0.3912249848044107,0.9396052002074712,0,0,426,0.3245594710083391,0.32439514966982186,"[6.039133725950206e-06, 0.00030642484503456795, 0.001157896197870749, 0.0025480971783971313, 0.034540314758119056]","[1.1847959458113978e-05, 0.00046249419429199464, 0.0012279414543034343, 0.002361721953230308, 0.004583187051568602]",246,9.344202192782533e-07,1.853386440778615e-05,1.96608,2.5988960201343026e-07
512,0,scaled,0.0001,N512_s0_scaled_eta0.0001,100000,,True,0.796332654705697,0.002012745182846872,0.7928764733209288,0.7998487611992132,0.8034893501071643,0.9956319368924091,0,0,267,0.7928761335695204,0.7928843482111707,"[1.1753373443108398e-05, 0.0006007901866320757, 0.0006240985526368891, 0.0006928810149827881, 0.07890449704302908]","[0.00036023244138568906, 0.0006094304775835816, 0.0007192748667511257, 0.008182006065681306, 0.009028001338175424]",267,1.2850511016542328e-07,4.826448323067494e-06,6.5536,8.662986733781008e-07
512,0,scaled,0.0003,N512_s0_scaled_eta0.0003,100000,,True,0.7453310428915545,0.00401999550680311,0.7385029660535343,0.7524321607341041,0.7601428164722618,0.9907035209776744,0,0,297,0.7385023089975812,0.738465252339338,"[2.502633075020984e-07, 2.9622207882833078e-05, 8.203222199550246e-05, 0.00021059499470732894, 0.1355257707601895]","[5.806006683128115e-07, 2.582699365847607e-05, 0.00010634342191058681, 0.007790478576182092, 0.008504793543842915]",267,2.9089509642189117e-07,7.45893110839744e-06,19.6608,2.598896020134302e-06
512,0,scaled,0.001,N512_s0_scaled_eta0.001,100000,,True,0.6215226816577227,0.009731929147848983,0.6020374110479788,0.6397556011151169,0.6529799469079481,0.9739877675110201,0,0,624924,0.6057377678077654,0.6055805178869955,"[7.709325244469246e-08, 3.9220863076117635e-05, 0.00036888328160056456, 0.007309329165331651, 0.20631220603659411]","[6.152424143442403e-06, 0.0009388230252941685, 0.006182172141823541, 0.006656223134822049, 0.009044820393930592]",284,4.6789756438962136e-05,0.05691188266418194,65.536,8.662986733781008e-06
512,0,scaled,0.003,N512_s0_scaled_eta0.003,100000,,True,0.0015407755289805695,0.0002679825220595639,0.0011566207136057874,0.0021117103903096797,0.00401715399844948,0.7436433880097637,0,0,236905,0.0011565660545722256,0.0011551964511985965,"[0.001553585958164637, 0.0018309109382554426, 0.003134853919777586, 0.09882888979766517, 0.1864751612195128]","[0.00026480727599249024, 0.011117880326809899, 0.02346264929864826, 0.03776700904446522, 0.1360743915902624]",279,2.3029130868951087e-06,0.0014371649048018345,196.608,2.5988960201343023e-05
512,0,scaled,0.01,N512_s0_scaled_eta0.01,100000,,True,0.00016929285811165972,1.8726627615475283e-05,0.00014068575191588276,0.00020623655921704842,0.00026931696544320755,0.8265766196921372,0,0,45130,0.00014068349619626776,0.00014038140020840968,"[0.00025026996252521536, 0.0003099059245825943, 0.0006627994748402231, 0.0901490674334495, 0.20993878520592252]","[0.0020182601228914973, 0.016593944501701166, 0.02397741622654497, 0.08462920390943224, 0.13392927426944098]",272,1.129463190342287e-08,3.1486619980835906e-05,655.36,8.662986733781008e-05
512,0,scaled,0.03,N512_s0_scaled_eta0.03,100000,,True,3.7543347002018017e-06,4.373906386688951e-07,3.0848857337615556e-06,4.612760152358466e-06,6.163324899668775e-06,0.8180130265431209,0,0,2765,3.08483725288951e-06,3.07225899628151e-06,"[3.0078575000961213e-06, 0.0017558979550386764, 0.05341655519643452, 0.0958590439524559, 0.13995189757000553]","[0.0011321723842144303, 0.0017600884239216295, 0.03342558705172841, 0.057823388930760555, 0.13347889763224183]",251,1.3958825751400572e-06,0.00024515953702773256,1966.08,0.00025988960201343023
512,0,scaled,0.1,N512_s0_scaled_eta0.1,700000,,True,2.844999699427622e-06,2.3251589478559937e-07,2.475701135155655e-06,3.2845246378248195e-06,3.938841777670395e-06,0.868280703749351,0,0,1120,2.475645224592705e-06,2.4428427861187978e-06,"[0.0025937768357966687, 0.004530655889032141, 0.05976156750931243, 0.08770952236982367, 0.19292804236060687]","[0.02511711959624302, 0.03254161585605914, 0.06665105885178449, 0.13541375296963554, 0.34783336188344155]",250,1.9166264565457947e-05,0.0007491394525771977,6553.6,0.0008662986733781008
512,0,scaled,0.3,N512_s0_scaled_eta0.3,245,246,False,,,,,,,,,,,,,,,,,,
512,0,scaled,1e-05,N512_s0_scaled_eta1e-05,100000,,True,0.8287894234798289,0.0003611691374218551,0.8281074245839082,0.8293437980090775,0.8297215962625575,0.9992457331722,0,0,254,0.8281073469027102,0.82814174311688,"[1.8998311604591956e-05, 0.0005840426516778602, 0.0009408820552690025, 0.0010341033461684485, 0.01428295983483863]","[8.181323865662048e-05, 0.0006894669490134754, 0.0011591349795699864, 0.00824584796260573, 0.009290217351800995]",254,1.5113280534057917e-08,4.143146606083335e-06,0.65536,8.662986733781008e-08
512,0,scaled,3e-05,N512_s0_scaled_eta3e-05,100000,,True,0.8201795611605363,0.0007097706369063087,0.818953293992077,0.8214119482017546,0.8226859062625456,0.9985022448482203,0,0,263,0.8189531719588165,0.8189810485521165,"[6.707179818088582e-06, 0.0008279183438220861, 0.0008664749549497106, 0.0009413056344241996, 0.03994833915086269]","[0.000463147844081939, 0.0009430771684482755, 0.00101810146701726, 0.008323080732329517, 0.00922825034066788]",263,4.347218458092084e-08,3.0139016718031866e-06,1.96608,2.5988960201343026e-07
512,1,scaled_differences,0.003,N512_s1_scaled_differences_eta0.003,612000,,True,0.00012844679678296128,5.873007278332195e-05,5.564646348477727e-05,0.00031728398607825097,0.00016232236341010716,0.9015004079579373,0,0,26385,5.574829715966134e-05,5.5655699201157755e-05,"[1.0198373374058205e-05, 0.0010930823922459248, 0.004412755254398903, 0.013833303427891143, 0.08416066582470821]","[0.00016081963142301463, 0.0011878107280701147, 0.003380187843589448, 0.016502414889881502, 0.06616580291098047]",261,1.66567549471881e-05,0.007331492105856606,196.608,2.5988960201343023e-05
512,1,scaled_differences,0.1,N512_s1_scaled_differences_eta0.1,65,66,False,,,,,,,,,,,,,,,,,,
512,1,scaled,0.003,N512_s1_scaled_eta0.003,100000,,True,0.0266040277373754,0.0034100895820462188,0.021311465681918645,0.033280162476321505,0.04567288506859066,0.8016759379664773,0,0,173265,0.021311005473712168,0.021310672565471957,"[0.001273789020966842, 0.0013628902932338476, 0.004064560802766514, 0.06690890798662313, 0.18762900999893417]","[0.002184761195255592, 0.015647767750695762, 0.02009049899117013, 0.03456169577073953, 0.1725483814602921]",277,2.3029482373530048e-06,0.0014723555174501332,196.608,2.5988960201343023e-05
512,1,scaled,0.1,N512_s1_scaled_eta0.1,666000,,True,1.5491725079651924e-06,8.787815438411375e-08,1.4074532101128957e-06,1.713071545125096e-06,1.9532595808866867e-06,0.9066134390999393,0,0,1930,1.4074408718432223e-06,1.3897479732900222e-06,"[1.356630232800566e-07, 0.003902984144493511, 0.062091982680193385, 0.08852594173610777, 0.1625507653953341]","[1.455767745663639e-07, 1.5842532512138705e-06, 0.05909300569162205, 0.14557226019190855, 0.24055304245476142]",270,8.476385988784053e-09,8.394149739297508e-06,6553.6,0.0008662986733781008
