target,seed,start,eta,width,nref,halo,target_scale,window_start,degree,all_exact_force_norm,all_polynomial_error_norm,all_polynomial_relative_error,all_tracking_norm,all_tracking_relative,slope_exact_force_norm,slope_polynomial_error_norm,slope_polynomial_relative_error,slope_tracking_norm,slope_tracking_relative
moment5,30,20000,0.002,177,128,24,1.0,20000,3,1.9344263566197035e-05,2.2825041805596622e-05,1.1799385242807612,5.508021657186214e-10,2.847366940766439e-05,1.868076296070899e-05,2.201178509678745e-05,1.1783129598659625,3.995316855779581e-10,2.138733232782237e-05
moment5,30,20000,0.002,177,128,24,1.0,20000,5,1.9344263566197035e-05,2.6844761648588535e-06,0.1387737587255489,5.508021657186214e-10,2.847366940766439e-05,1.868076296070899e-05,2.321576057013904e-06,0.12427629759538436,3.995316855779581e-10,2.138733232782237e-05
mixed_sine,30,20000,0.002,177,128,24,0.8100925873009825,20000,3,0.0010324447745938298,0.00010845555667681328,0.10504732005591327,7.50027113563789e-07,0.0007264573680067821,0.0009681354089959101,8.25230652866165e-05,0.08523917679263926,5.496496672345161e-07,0.0005677404856047756
mixed_sine,30,20000,0.002,177,128,24,0.8100925873009825,20000,5,0.0010324447745938298,7.453471778559137e-06,0.007219245001740049,7.50027113563789e-07,0.0007264573680067821,0.0009681354089959101,5.095496696380942e-06,0.005263206622786036,5.496496672345161e-07,0.0005677404856047756
gauss_left,30,20000,0.002,177,128,24,0.3713011646461742,20000,3,0.004531344444499198,0.0005171854523892029,0.11413510023874646,1.2353141066540478e-05,0.002726153621258368,0.0038085722288158383,0.00039811926939600236,0.1045324193627767,8.856546520945983e-06,0.0023254243293423533
gauss_left,30,20000,0.002,177,128,24,0.3713011646461742,20000,5,0.004531344444499198,5.2810738942064064e-05,0.011654540851815708,1.2353141066540478e-05,0.002726153621258368,0.0038085722288158383,3.7479764636299574e-05,0.009840896373902508,8.856546520945983e-06,0.0023254243293423533
bump_right,30,20000,0.002,177,128,24,0.32889495195335533,20000,3,0.004367493579643653,0.000362374908012998,0.08297090800590587,1.3708108530722502e-05,0.0031386671281245383,0.003602820988202127,0.00025905223490519925,0.07190261069131582,9.850527496428208e-06,0.002734115163835492
bump_right,30,20000,0.002,177,128,24,0.32889495195335533,20000,5,0.004367493579643653,2.3851531260082522e-05,0.005461148556978208,1.3708108530722502e-05,0.0031386671281245383,0.003602820988202127,1.6070935445203104e-05,0.004460653331883356,9.850527496428208e-06,0.002734115163835492
step_right,30,20000,0.002,177,128,24,0.9636241118102141,20000,3,0.008310343965763883,0.0014063147828618074,0.16922461797675295,3.673874414697991e-05,0.0044208451898420185,0.006342695904575867,0.0009436753450066843,0.14878142657381388,2.5933048364778596e-05,0.004088647596374515
step_right,30,20000,0.002,177,128,24,0.9636241118102141,20000,5,0.008310343965763883,0.00022320369855296948,0.026858539125757197,3.673874414697991e-05,0.0044208451898420185,0.006342695904575867,0.00014648219669622018,0.023094627095481945,2.5933048364778596e-05,0.004088647596374515
kink_abs,30,20000,0.002,177,128,24,0.6214766720163144,20000,3,0.0053007350633176445,0.0004276735306199403,0.08068192911197232,1.8291847924715144e-05,0.0034508134638343104,0.003998602715815581,0.0003005716835946011,0.07516917907491956,1.3477890082030914e-05,0.003370649959477626
kink_abs,30,20000,0.002,177,128,24,0.6214766720163144,20000,5,0.0053007350633176445,3.578534830410736e-05,0.006751016203724374,1.8291847924715144e-05,0.0034508134638343104,0.003998602715815581,2.4059331120753776e-05,0.0060169346220849745,1.3477890082030914e-05,0.003370649959477626
moment5,31,20000,0.002,177,128,24,1.0,20000,3,1.4969097171750759e-05,1.8222975574799702e-05,1.217373056351693,2.8691637380681126e-10,1.916724639534517e-05,1.4156380496200829e-05,1.737922553129857e-05,1.227660243800501,1.922620790027718e-10,1.3581302018151427e-05
moment5,31,20000,0.002,177,128,24,1.0,20000,5,1.4969097171750759e-05,2.147616146047078e-06,0.14346998495674115,2.8691637380681126e-10,1.916724639534517e-05,1.4156380496200829e-05,1.805327651357342e-06,0.12752748853012538,1.922620790027718e-10,1.3581302018151427e-05
mixed_sine,31,20000,0.002,177,128,24,0.8100925873009825,20000,3,0.0010433014664489742,0.00010753484536730738,0.1030716900392344,9.452393417932838e-07,0.000906007872308031,0.0009644273752588617,8.170795436563013e-05,0.0847217286254436,6.475833317105202e-07,0.0006714692555639066
mixed_sine,31,20000,0.002,177,128,24,0.8100925873009825,20000,5,0.0010433014664489742,8.068370434498578e-06,0.007733498604157465,9.452393417932838e-07,0.000906007872308031,0.0009644273752588617,5.544761967109281e-06,0.005749278908244401,6.475833317105202e-07,0.0006714692555639066
gauss_left,31,20000,0.002,177,128,24,0.3713011646461742,20000,3,0.005754403098080386,0.0011346255946571087,0.19717520224393195,2.211819930256223e-05,0.0038437000198927066,0.0047357483851620235,0.0008264303297288615,0.1745089186575496,1.4780643175460783e-05,0.0031210786497380804
gauss_left,31,20000,0.002,177,128,24,0.3713011646461742,20000,5,0.005754403098080386,0.0001772680616018654,0.03080563849637165,2.211819930256223e-05,0.0038437000198927066,0.0047357483851620235,0.00012159822704192501,0.025676665471272665,1.4780643175460783e-05,0.0031210786497380804
bump_right,31,20000,0.002,177,128,24,0.32889495195335533,20000,3,0.0038017482670315997,0.0002884688765188949,0.07587795305135525,1.0158227187430618e-05,0.002671988378484131,0.0030315823498343257,0.00020513881843400175,0.0676672426349271,6.759345766352465e-06,0.0022296428024532666
bump_right,31,20000,0.002,177,128,24,0.32889495195335533,20000,5,0.0038017482670315997,1.9432556604339536e-05,0.005111479045800276,1.0158227187430618e-05,0.002671988378484131,0.0030315823498343257,1.3160303983217175e-05,0.004341067622305024,6.759345766352465e-06,0.0022296428024532666
step_right,31,20000,0.002,177,128,24,0.9636241118102141,20000,3,0.007069952692650632,0.0008635056889147994,0.12213740691821491,2.8855787652028585e-05,0.004081468279416466,0.005281023987546609,0.0005760619558289524,0.1090814882089888,1.9290563896050456e-05,0.003652807474751165
step_right,31,20000,0.002,177,128,24,0.9636241118102141,20000,5,0.007069952692650632,9.015891740518329e-05,0.012752407452302392,2.8855787652028585e-05,0.004081468279416466,0.005281023987546609,5.889033242132761e-05,0.011151309397609105,1.9290563896050456e-05,0.003652807474751165
kink_abs,31,20000,0.002,177,128,24,0.6214766720163144,20000,3,0.004706257308086015,0.00029115745025999325,0.06186602882076669,1.493989378910584e-05,0.0031744744945069177,0.003493351352541254,0.00020691450429256058,0.059230945705486995,1.042410785615656e-05,0.002983984948600574
kink_abs,31,20000,0.002,177,128,24,0.6214766720163144,20000,5,0.004706257308086015,1.6646522375459708e-05,0.0035371041755108946,1.493989378910584e-05,0.0031744744945069177,0.003493351352541254,1.1297882541722462e-05,0.003234109999700937,1.042410785615656e-05,0.002983984948600574
moment5,30,20000,0.002,705,512,96,1.0,20000,3,9.531421718522204e-07,1.0243083497761e-06,1.0746648086985637,1.132351343503803e-12,1.1880193500444214e-06,8.863159134557368e-07,9.771624409480925e-07,1.102499036870664,7.094374498666477e-13,8.004340654344773e-07
moment5,30,20000,0.002,705,512,96,1.0,20000,5,9.531421718522204e-07,5.522164231421742e-08,0.057936416984788755,1.132351343503803e-12,1.1880193500444214e-06,8.863159134557368e-07,4.853677701121361e-08,0.05476238920496102,7.094374498666477e-13,8.004340654344773e-07
mixed_sine,30,20000,0.002,705,512,96,0.8100925873009825,20000,3,0.0003095974978285558,8.051626796691405e-06,0.026006756686225263,9.123147861921027e-08,0.00029467770010767677,0.00028759429146575784,5.849676598273871e-06,0.0203400302852338,6.351452866872263e-08,0.00022084766823782706
mixed_sine,30,20000,0.002,705,512,96,0.8100925873009825,20000,5,0.0003095974978285558,1.3865523126130607e-07,0.0004478564337044109,9.123147861921027e-08,0.00029467770010767677,0.00028759429146575784,9.151205337068541e-08,0.00031819843469174425,6.351452866872263e-08,0.00022084766823782706
gauss_left,30,20000,0.002,705,512,96,0.3713011646461742,20000,3,0.001252050514736095,2.78635536274071e-05,0.022254336625771146,1.0167939825353656e-06,0.0008121030026889,0.0010534991630625433,2.0765156727343965e-05,0.019710653273780715,6.995365495542298e-07,0.0006640124397637516
gauss_left,30,20000,0.002,705,512,96,0.3713011646461742,20000,5,0.001252050514736095,5.313224071514728e-07,0.0004243617976256045,1.0167939825353656e-06,0.0008121030026889,0.0010534991630625433,3.6887410518639644e-07,0.00035014181132718886,6.995365495542298e-07,0.0006640124397637516
bump_right,30,20000,0.002,705,512,96,0.32889495195335533,20000,3,0.0009571726331487016,2.145840427573082e-05,0.02241853092387478,6.111487925872443e-07,0.0006384938008275663,0.0008041890759108748,1.622444713032164e-05,0.020174916094134722,4.2131377555124924e-07,0.0005238989040904877
bump_right,30,20000,0.002,705,512,96,0.32889495195335533,20000,5,0.0009571726331487016,4.3143277324647223e-07,0.0004507366365325731,6.111487925872443e-07,0.0006384938008275663,0.0008041890759108748,3.018095335065499e-07,0.0003752967337497113,4.2131377555124924e-07,0.0005238989040904877
step_right,30,20000,0.002,705,512,96,0.9636241118102141,20000,3,0.0016283708936776463,3.877833670278532e-05,0.02381419175038504,1.7892463562638418e-06,0.0010987953439912336,0.001310300148178357,2.7087280137591228e-05,0.020672576565948862,1.239631065751062e-06,0.0009460664928371239
step_right,30,20000,0.002,705,512,96,0.9636241118102141,20000,5,0.0016283708936776463,8.307826822455526e-07,0.000510192539961977,1.7892463562638418e-06,0.0010987953439912336,0.001310300148178357,5.518760878548638e-07,0.00042118295462463984,1.239631065751062e-06,0.0009460664928371239
kink_abs,30,20000,0.002,705,512,96,0.6214766720163144,20000,3,0.001337420469254822,2.223129341542829e-05,0.016622516199273536,1.0132356836537678e-06,0.0007576044385041586,0.0011169131912049993,1.6763011620074794e-05,0.015008338832483262,7.120534457915497e-07,0.000637519058238841
kink_abs,30,20000,0.002,705,512,96,0.6214766720163144,20000,5,0.001337420469254822,3.3830355350591947e-07,0.0002529522773749784,1.0132356836537678e-06,0.0007576044385041586,0.0011169131912049993,2.371216872216015e-07,0.00021230091030241934,7.120534457915497e-07,0.000637519058238841
moment5,31,20000,0.002,705,512,96,1.0,20000,3,1.2432143075763847e-06,1.2183436171815132e-06,0.9799948486408943,1.8725623482388844e-12,1.50622651044726e-06,1.1059104703884556e-06,1.1622439223721938e-06,1.0509385284723374,1.116508402195342e-12,1.0095829925574027e-06
moment5,31,20000,0.002,705,512,96,1.0,20000,5,1.2432143075763847e-06,6.164694394459107e-08,0.049586739445406036,1.8725623482388844e-12,1.50622651044726e-06,1.1059104703884556e-06,5.419817922709451e-08,0.04900774581513563,1.116508402195342e-12,1.0095829925574027e-06
mixed_sine,31,20000,0.002,705,512,96,0.8100925873009825,20000,3,0.00031332672954543557,9.250176445467166e-06,0.0295224619325872,7.388442360147966e-08,0.0002358063217545111,0.00029203631623136154,6.886164584487075e-06,0.023579822788312433,5.245331995599137e-08,0.00017961231888172422
mixed_sine,31,20000,0.002,705,512,96,0.8100925873009825,20000,5,0.00031332672954543557,1.6908848260472336e-07,0.0005396554671541478,7.388442360147966e-08,0.0002358063217545111,0.00029203631623136154,1.1291188061002326e-07,0.0003866364364100883,5.245331995599137e-08,0.00017961231888172422
gauss_left,31,20000,0.002,705,512,96,0.3713011646461742,20000,3,0.00132834372279332,3.257714078240479e-05,0.024524631858010095,9.260157171042945e-07,0.0006971205578907044,0.00112954450759395,2.467391981442503e-05,0.021844132434394377,6.490605291213082e-07,0.0005746214733086314
gauss_left,31,20000,0.002,705,512,96,0.3713011646461742,20000,5,0.00132834372279332,6.802803548970532e-07,0.0005121267509485566,9.260157171042945e-07,0.0006971205578907044,0.00112954450759395,4.764018173813488e-07,0.0004217645379872063,6.490605291213082e-07,0.0005746214733086314
bump_right,31,20000,0.002,705,512,96,0.32889495195335533,20000,3,0.0010869973436101093,2.53350542534333e-05,0.023307374578571766,6.598059108316267e-07,0.000606998641450489,0.0009167726663263335,1.9084689258001804e-05,0.020817253784929532,4.628316534355331e-07,0.0005048488795921234
bump_right,31,20000,0.002,705,512,96,0.32889495195335533,20000,5,0.0010869973436101093,5.25824295650283e-07,0.0004837401845932099,6.598059108316267e-07,0.000606998641450489,0.0009167726663263335,3.6675849974640696e-07,0.0004000539209093915,4.628316534355331e-07,0.0005048488795921234
step_right,31,20000,0.002,705,512,96,0.9636241118102141,20000,3,0.0016876982277016389,3.689724381584262e-05,0.02186246522643474,1.7233938289547018e-06,0.0010211504643822932,0.001330220617697264,2.5762590252924064e-05,0.01936715602673601,1.21491025764649e-06,0.000913314860319646
step_right,31,20000,0.002,705,512,96,0.9636241118102141,20000,5,0.0016876982277016389,7.517194699661926e-07,0.00044541106794305764,1.7233938289547018e-06,0.0010211504643822932,0.001330220617697264,5.008045732243511e-07,0.0003764823417722171,1.21491025764649e-06,0.000913314860319646
kink_abs,31,20000,0.002,705,512,96,0.6214766720163144,20000,3,0.0014574316091849758,2.4501140782424165e-05,0.01681117702402906,1.0134997631547095e-06,0.0006954012502318914,0.0012036894271530223,1.846831938155976e-05,0.01534309346327084,7.246647307970334e-07,0.0006020363014328516
kink_abs,31,20000,0.002,705,512,96,0.6214766720163144,20000,5,0.0014574316091849758,3.8060128103051653e-07,0.0002611452082086762,1.0134997631547095e-06,0.0006954012502318914,0.0012036894271530223,2.670526674104316e-07,0.0002218617704751857,7.246647307970334e-07,0.0006020363014328516
moment5,30,20000,0.002,1409,1024,192,1.0,20000,3,2.8800251793988317e-07,2.7145618643046167e-07,0.9425479623310955,9.729269349329533e-14,3.3781889890839055e-07,2.548362432269012e-07,2.59469257899765e-07,1.0181803601175312,5.810093893359132e-14,2.2799323282230066e-07
moment5,30,20000,0.002,1409,1024,192,1.0,20000,5,2.8800251793988317e-07,6.01063607055693e-09,0.020870081669951142,9.729269349329533e-14,3.3781889890839055e-07,2.548362432269012e-07,5.21362593516542e-09,0.020458730159992628,5.810093893359132e-14,2.2799323282230066e-07
mixed_sine,30,20000,0.002,1409,1024,192,0.8100925873009825,20000,3,0.00016756930294436597,2.302380966126162e-06,0.013739873149025193,2.4590294504315262e-08,0.00014674701196602452,0.00015709415895472887,1.6913794291649597e-06,0.010766660201875352,1.734985611109129e-08,0.00011044240108310546
mixed_sine,30,20000,0.002,1409,1024,192,0.8100925873009825,20000,5,0.00016756930294436597,2.047363110183784e-08,0.00012218008156682022,2.4590294504315262e-08,0.00014674701196602452,0.00015709415895472887,1.3581471071514516e-08,8.645433516995627e-05,1.734985611109129e-08,0.00011044240108310546
gauss_left,30,20000,0.002,1409,1024,192,0.3713011646461742,20000,3,0.0006360152621153855,7.084425569280871e-06,0.011138766616571568,2.531274795423248e-07,0.00039798963109851065,0.0005338971315027309,5.340180631926983e-06,0.010002265074727543,1.7746454980447297e-07,0.00033239464933061783
gauss_left,30,20000,0.002,1409,1024,192,0.3713011646461742,20000,5,0.0006360152621153855,6.752878691923832e-08,0.00010617479004299003,2.531274795423248e-07,0.00039798963109851065,0.0005338971315027309,4.7260536801451106e-08,8.851993017536819e-05,1.7746454980447297e-07,0.00033239464933061783
bump_right,30,20000,0.002,1409,1024,192,0.32889495195335533,20000,3,0.00047946971909644293,4.512576596037635e-06,0.009411598723150968,1.214232148733197e-07,0.0002532448036596364,0.00039961900458179754,3.383073692717472e-06,0.008465747759563809,8.48823778064272e-08,0.00021240826095159527
bump_right,30,20000,0.002,1409,1024,192,0.32889495195335533,20000,5,0.00047946971909644293,3.888393305583079e-08,8.10977867989396e-05,1.214232148733197e-07,0.0002532448036596364,0.00039961900458179754,2.713109595284632e-08,6.789240662174985e-05,8.48823778064272e-08,0.00021240826095159527
step_right,30,20000,0.002,1409,1024,192,0.9636241118102141,20000,3,0.0007568566098899731,7.394761454618583e-06,0.009770359877934587,3.6793007880987425e-07,0.00048612917427432064,0.0005947104327776625,5.2042529910533425e-06,0.00875090246314713,2.5887264502783763e-07,0.0004352919181503906
step_right,30,20000,0.002,1409,1024,192,0.9636241118102141,20000,5,0.0007568566098899731,6.795123746040981e-08,8.978086016886094e-05,3.6793007880987425e-07,0.00048612917427432064,0.0005947104327776625,4.5422531244101735e-08,7.637755912898762e-05,2.5887264502783763e-07,0.0004352919181503906
kink_abs,30,20000,0.002,1409,1024,192,0.6214766720163144,20000,3,0.0006818473843571009,5.367412849070192e-06,0.007871868356774602,1.9872508201688418e-07,0.00029145097066590313,0.0005615763280186054,4.050571888031706e-06,0.007212860809719721,1.4030679575478549e-07,0.00024984456921435094
kink_abs,30,20000,0.002,1409,1024,192,0.6214766720163144,20000,5,0.0006818473843571009,3.964029478775068e-08,5.813660900837311e-05,1.9872508201688418e-07,0.00029145097066590313,0.0005615763280186054,2.784571890536487e-08,4.958492286099767e-05,1.4030679575478549e-07,0.00024984456921435094
moment5,31,20000,0.002,1409,1024,192,1.0,20000,3,2.86012107192019e-07,2.909242168192906e-07,1.017174481442402,9.230587385259546e-14,3.2273414842059245e-07,2.5708722708536576e-07,2.785306301215664e-07,1.0834090564486907,5.719288506380672e-14,2.2246490310783052e-07
moment5,31,20000,0.002,1409,1024,192,1.0,20000,5,2.86012107192019e-07,6.329460420913781e-09,0.022130043665124957,9.230587385259546e-14,3.2273414842059245e-07,2.5708722708536576e-07,5.5005127285622365e-09,0.02139551151927043,5.719288506380672e-14,2.2246490310783052e-07
mixed_sine,31,20000,0.002,1409,1024,192,0.8100925873009825,20000,3,0.0001613394689666573,2.280092381084304e-06,0.014132266553793555,2.159053343728918e-08,0.00013382053117920648,0.00015110102203343785,1.6851434223910744e-06,0.011152429015458024,1.5268461091555258e-08,0.00010104803320374914
mixed_sine,31,20000,0.002,1409,1024,192,0.8100925873009825,20000,5,0.0001613394689666573,2.0666346886109478e-08,0.00012809231999133717,2.159053343728918e-08,0.00013382053117920648,0.00015110102203343785,1.3788003012571422e-08,9.125022999196002e-05,1.5268461091555258e-08,0.00010104803320374914
gauss_left,31,20000,0.002,1409,1024,192,0.3713011646461742,20000,3,0.0006275573465150247,6.7925403653916015e-06,0.010823776349862198,2.3193049325182343e-07,0.00036957657262685017,0.0005272968727019085,5.116692089181389e-06,0.009703626844898732,1.6303647745178259e-07,0.00030919295351852083
gauss_left,31,20000,0.002,1409,1024,192,0.3713011646461742,20000,5,0.0006275573465150247,6.37625241428101e-08,0.0001016042987894231,2.3193049325182343e-07,0.00036957657262685017,0.0005272968727019085,4.4622893178160514e-08,8.462574972142255e-05,1.6303647745178259e-07,0.00030919295351852083
bump_right,31,20000,0.002,1409,1024,192,0.32889495195335533,20000,3,0.0004912993784037089,4.7009130705247474e-06,0.009568326924814321,1.3060421538220814e-07,0.0002658342776792371,0.00041116205148267307,3.538147092763622e-06,0.008605237472682287,9.161121577935705e-08,0.0002228104842093329
bump_right,31,20000,0.002,1409,1024,192,0.32889495195335533,20000,5,0.0004912993784037089,4.01160398932314e-08,8.165294249622962e-05,1.3060421538220814e-07,0.0002658342776792371,0.00041116205148267307,2.7922282621471e-08,6.791065109433545e-05,9.161121577935705e-08,0.0002228104842093329
step_right,31,20000,0.002,1409,1024,192,0.9636241118102141,20000,3,0.0007755255758859654,7.638863231451278e-06,0.00984991787372659,3.812615594725597e-07,0.0004916170031362331,0.0006073082761386825,5.3986649202683226e-06,0.00888949670601147,2.6879945439217557e-07,0.00044260792245616226
step_right,31,20000,0.002,1409,1024,192,0.9636241118102141,20000,5,0.0007755255758859654,7.293711532912034e-08,9.404862663078069e-05,3.812615594725597e-07,0.0004916170031362331,0.0006073082761386825,4.888069074176137e-08,8.048744379468849e-05,2.6879945439217557e-07,0.00044260792245616226
kink_abs,31,20000,0.002,1409,1024,192,0.6214766720163144,20000,3,0.0006932150564461938,5.471629788492502e-06,0.007893120233918636,2.141846341526352e-07,0.0003089728536057264,0.0005690770272549963,4.118839517893815e-06,0.007237753978159119,1.519460619930695e-07,0.00026700438555040177
kink_abs,31,20000,0.002,1409,1024,192,0.6214766720163144,20000,5,0.0006932150564461938,4.014685568521881e-08,5.791399842212593e-05,2.141846341526352e-07,0.0003089728536057264,0.0005690770272549963,2.817444647996638e-08,4.950902097712295e-05,1.519460619930695e-07,0.00026700438555040177
