n,seed,coordinates,eta,comparison_step,key,completed_updates,failed_update,eligible,window_mean_mse,window_std_mse,window_min_mse,window_max_mse,previous_20k_mse,half_window_ratio,zero_native_steps,zero_physical_steps,sign_crossings,endpoint_mse,validation_mse,lambda_core_abs_quantiles,lambda_halo_abs_quantiles,negative_slopes,mean_late_delta_c_rms,mean_late_delta_gamma_rms,physical_gamma_rate,physical_scaled_ordinary_readout_rate
1024,0,scaled_differences,0.003,1000000,N1024_s0_scaled_differences_eta0.003,100000,,False,,,,,,,,,,,,,,,,,,
1024,0,scaled_differences,0.1,1000000,N1024_s0_scaled_differences_eta0.1,61,62,False,,,,,,,,,,,,,,,,,,
1024,0,scaled,0.003,1000000,N1024_s0_scaled_eta0.003,100000,,False,,,,,,,,,,,,,,,,,,
1024,0,scaled,0.1,1000000,N1024_s0_scaled_eta0.1,100000,,False,,,,,,,,,,,,,,,,,,
1024,1,scaled_differences,0.003,1000000,N1024_s1_scaled_differences_eta0.003,100000,,False,,,,,,,,,,,,,,,,,,
1024,1,scaled_differences,0.1,1000000,N1024_s1_scaled_differences_eta0.1,62,63,False,,,,,,,,,,,,,,,,,,
1024,1,scaled,0.003,1000000,N1024_s1_scaled_eta0.003,100000,,False,,,,,,,,,,,,,,,,,,
1024,1,scaled,0.1,1000000,N1024_s1_scaled_eta0.1,100000,,False,,,,,,,,,,,,,,,,,,
512,0,scaled_differences,0.0001,1000000,N512_s0_scaled_differences_eta0.0001,100000,,False,,,,,,,,,,,,,,,,,,
512,0,scaled_differences,0.0003,1000000,N512_s0_scaled_differences_eta0.0003,100000,,False,,,,,,,,,,,,,,,,,,
512,0,scaled_differences,0.001,1000000,N512_s0_scaled_differences_eta0.001,100000,,False,,,,,,,,,,,,,,,,,,
512,0,scaled_differences,0.003,1000000,N512_s0_scaled_differences_eta0.003,5000000,,True,3.6468417190399947e-05,1.546421354473084e-05,1.7424346326987885e-05,7.833702929125335e-05,3.711875161468087e-05,0.9943005027636668,0,0,94231,2.7501211195539206e-05,2.7459361963454268e-05,"[1.333280161002991e-05, 0.0010294221170188385, 0.0050669546188202704, 0.0186498015657235, 0.062103425482146334]","[7.593490974490934e-07, 0.00012348752167236788, 0.0014893199676150664, 0.004774226172546044, 0.07340542060841092]",235,6.93239416486284e-06,0.0037854340866521987,196.608,2.5988960201343023e-05
512,0,scaled_differences,0.01,1000000,N512_s0_scaled_differences_eta0.01,118,119,False,,,,,,,,,,,,,,,,,,
512,0,scaled_differences,0.03,1000000,N512_s0_scaled_differences_eta0.03,84,85,False,,,,,,,,,,,,,,,,,,
512,0,scaled_differences,0.1,1000000,N512_s0_scaled_differences_eta0.1,65,66,False,,,,,,,,,,,,,,,,,,
512,0,scaled_differences,0.3,1000000,N512_s0_scaled_differences_eta0.3,54,55,False,,,,,,,,,,,,,,,,,,
512,0,scaled_differences,1e-05,1000000,N512_s0_scaled_differences_eta1e-05,100000,,False,,,,,,,,,,,,,,,,,,
512,0,scaled_differences,3e-05,1000000,N512_s0_scaled_differences_eta3e-05,100000,,False,,,,,,,,,,,,,,,,,,
512,0,scaled,0.0001,1000000,N512_s0_scaled_eta0.0001,100000,,False,,,,,,,,,,,,,,,,,,
512,0,scaled,0.0003,1000000,N512_s0_scaled_eta0.0003,100000,,False,,,,,,,,,,,,,,,,,,
512,0,scaled,0.001,1000000,N512_s0_scaled_eta0.001,100000,,False,,,,,,,,,,,,,,,,,,
512,0,scaled,0.003,1000000,N512_s0_scaled_eta0.003,100000,,False,,,,,,,,,,,,,,,,,,
512,0,scaled,0.01,1000000,N512_s0_scaled_eta0.01,100000,,False,,,,,,,,,,,,,,,,,,
512,0,scaled,0.03,1000000,N512_s0_scaled_eta0.03,100000,,False,,,,,,,,,,,,,,,,,,
512,0,scaled,0.1,1000000,N512_s0_scaled_eta0.1,5062000,,True,1.7910940007622536e-07,1.0085400097647318e-09,1.7737353050181382e-07,1.8086924948437633e-07,1.8267675411299967e-07,0.9902946474644136,0,0,1120,1.7737318823328256e-07,1.7472679308474148e-07,"[0.002066907360979164, 0.004712829763440453, 0.057621125582861685, 0.08147168805243434, 0.2015704639021807]","[0.025866104678637897, 0.03345209688841331, 0.06994599113455516, 0.14563300455283623, 0.347833980050602]",250,7.704917542051126e-06,0.00030120782265157534,6553.6,0.0008662986733781008
512,0,scaled,0.3,1000000,N512_s0_scaled_eta0.3,245,246,False,,,,,,,,,,,,,,,,,,
512,0,scaled,1e-05,1000000,N512_s0_scaled_eta1e-05,100000,,False,,,,,,,,,,,,,,,,,,
512,0,scaled,3e-05,1000000,N512_s0_scaled_eta3e-05,100000,,False,,,,,,,,,,,,,,,,,,
512,1,scaled_differences,0.003,1000000,N512_s1_scaled_differences_eta0.003,5034000,,True,6.388580391070828e-06,3.6583101466078803e-06,2.266850342757331e-06,2.0094486770280284e-05,6.52687832086128e-06,0.9999806383509914,0,0,31152,2.8169628359728955e-06,2.8164215196914115e-06,"[1.3609021988416568e-05, 0.0012399681432103628, 0.004788724444762698, 0.015539324592855857, 0.07498941826000748]","[0.00010219923859696296, 0.001122826466643443, 0.0034035705382811296, 0.018520418591321385, 0.0675094314263708]",264,4.036799564755035e-06,0.001770647543531019,196.608,2.5988960201343023e-05
512,1,scaled_differences,0.1,1000000,N512_s1_scaled_differences_eta0.1,65,66,False,,,,,,,,,,,,,,,,,,
512,1,scaled,0.003,1000000,N512_s1_scaled_eta0.003,100000,,False,,,,,,,,,,,,,,,,,,
512,1,scaled,0.1,1000000,N512_s1_scaled_eta0.1,5100000,,True,1.1294718652232198e-07,6.850436430323751e-10,1.1176869445626952e-07,1.141471590844243e-07,1.1538646541616941e-07,0.9895502391774921,0,0,1930,1.1176846349704563e-07,1.1086556169932844e-07,"[1.6727170876567653e-07, 0.0035994459546590286, 0.060120596873034844, 0.0856900930179009, 0.1668903246572961]","[2.001895875823579e-07, 2.185508674190409e-06, 0.06987533866312182, 0.149310695438025, 0.24061900678435802]",270,8.063877449742841e-06,0.0003360138091749852,6553.6,0.0008662986733781008
