target,gamma,kind,updates,train_mse,heldout_mse,readout_l2,relative_train_mse,relative_heldout_mse
sine,0.1,construction,0,0.5,0.5,0.0,1.0,1.0
sine,0.1,construction,2000,0.4248610966482763,0.4248613115008093,0.32613527533193853,0.8497221932965526,0.8497226230016186
sine,0.1,construction,20000,0.424132116003646,0.4241323558526136,0.3615783560306192,0.848264232007292,0.8482647117052272
sine,0.1,construction,100000,0.42413211326805045,0.42413235311702785,0.3615788100023162,0.8482642265361009,0.8482647062340557
sine,0.1,construction,600000,0.42413209617058056,0.4241323360196194,0.3615953595828839,0.8482641923411611,0.8482646720392388
sine,0.25,construction,0,0.5,0.5,0.0,1.0,1.0
sine,0.25,construction,2000,0.4247088509184135,0.42470908775915384,0.15010082377935974,0.849417701836827,0.8494181755183077
sine,0.25,construction,20000,0.42470423507595384,0.42470447193280625,0.1504389363762036,0.8494084701519077,0.8494089438656125
sine,0.25,construction,100000,0.42468372374877117,0.4246839606755502,0.158408663981295,0.8493674474975423,0.8493679213511004
sine,0.25,construction,600000,0.42455565834208675,0.4245558957058775,0.33875148681692,0.8491113166841735,0.849111791411755
sine,0.5,construction,0,0.5,0.5,0.0,1.0,1.0
sine,0.5,construction,2000,0.425894593872327,0.42589482429355063,0.08662812378199061,0.851789187744654,0.8517896485871013
sine,0.5,construction,20000,0.423726130569712,0.4237263675922216,0.23510324889062587,0.847452261139424,0.8474527351844432
sine,0.5,construction,100000,0.41475001858195626,0.4147502847581443,1.0702404246622181,0.8295000371639125,0.8295005695162886
sine,0.5,construction,600000,0.37723560017965785,0.3772360356983693,5.374705203132076,0.7544712003593157,0.7544720713967386
sine,1.0,construction,0,0.5,0.5,0.0,1.0,1.0
sine,1.0,construction,2000,0.40245825386309975,0.4024585420597471,0.23635083410159263,0.8049165077261995,0.8049170841194943
sine,1.0,construction,20000,0.328811062209577,0.328811785242607,1.3109656998934605,0.657622124419154,0.657623570485214
sine,1.0,construction,100000,0.31769121657942984,0.31769211848171475,1.8848228394642614,0.6353824331588597,0.6353842369634295
sine,1.0,construction,600000,0.2860039027548551,0.2860046524193538,5.093697161124937,0.5720078055097102,0.5720093048387076
sine,2.0,construction,0,0.5,0.5,0.0,1.0,1.0
sine,2.0,construction,2000,0.2614743301801644,0.2614750234029307,0.5114638127130207,0.5229486603603288,0.5229500468058614
sine,2.0,construction,20000,0.10002133457246132,0.10002151499877218,1.987111462348277,0.20004266914492264,0.20004302999754436
sine,2.0,construction,100000,0.004067367324740135,0.00406739247165339,4.325473216122491,0.00813473464948027,0.00813478494330678
sine,2.0,construction,600000,0.0015389673868740242,0.001539006711158624,4.728278933122397,0.0030779347737480483,0.003078013422317248
sine,3.2,construction,0,0.5,0.5,0.0,1.0,1.0
sine,3.2,construction,2000,0.0905997341366127,0.09060002035881688,0.6488053633532701,0.1811994682732254,0.18120004071763376
sine,3.2,construction,20000,0.0001327688363206603,0.000132768571766683,1.4325680466418587,0.0002655376726413206,0.000265537143533366
sine,3.2,construction,100000,2.298799332779804e-05,2.298887212336296e-05,1.4460593658763279,4.597598665559608e-05,4.597774424672592e-05
sine,3.2,construction,600000,8.151519825204724e-06,8.15229260275736e-06,1.4508732808936669,1.6303039650409447e-05,1.630458520551472e-05
sine,4.0,construction,0,0.5,0.5,0.0,1.0,1.0
sine,4.0,construction,2000,0.02806400061658257,0.02806413113087331,0.6759343604710378,0.05612800123316514,0.05612826226174662
sine,4.0,construction,20000,0.00017943555599747197,0.0001794368123326411,0.9841448407607652,0.00035887111199494394,0.0003588736246652822
sine,4.0,construction,100000,6.502106963005276e-06,6.5020901657973746e-06,1.0004423559675955,1.3004213926010552e-05,1.3004180331594749e-05
sine,4.0,construction,600000,4.720340554501103e-07,4.721095961161451e-07,1.0030666843635623,9.440681109002206e-07,9.442191922322902e-07
sine,8.0,construction,0,0.5,0.5,0.0,1.0,1.0
sine,8.0,construction,2000,0.0018407471788147666,0.0018407974169820929,0.48890938244630683,0.003681494357629533,0.0036815948339641857
sine,8.0,construction,20000,7.701302990606841e-05,7.701881571858414e-05,0.5270138123322541,0.00015402605981213683,0.00015403763143716828
sine,8.0,construction,100000,9.71665119026885e-06,9.717896460472036e-06,0.5377417478962084,1.94333023805377e-05,1.9435792920944072e-05
sine,8.0,construction,600000,1.012970704973815e-06,1.0131806051195716e-06,0.5449699275153355,2.02594140994763e-06,2.026361210239143e-06
sine,16.0,construction,0,0.5,0.5,0.0,1.0,1.0
sine,16.0,construction,2000,0.0008122747820915965,0.0008123269870779331,0.40681432755534264,0.001624549564183193,0.0016246539741558662
sine,16.0,construction,20000,4.214700333660875e-05,4.215589854638951e-05,0.42640859752512833,8.42940066732175e-05,8.431179709277902e-05
sine,16.0,construction,100000,6.259570654698746e-06,6.262007045574516e-06,0.43342017905783753,1.2519141309397492e-05,1.2524014091149031e-05
sine,16.0,construction,600000,7.949774944676666e-07,7.955200702208429e-07,0.4389428838080857,1.5899549889353332e-06,1.5910401404416858e-06
runge,0.1,construction,0,0.1565708461513541,0.15657084593940104,0.0,1.0,1.0
runge,0.1,construction,2000,0.08094146703799214,0.08094146828573838,0.1891891153999547,0.5169638475335794,0.5169638562026154
runge,0.1,construction,20000,0.0809270613817824,0.0809270626254029,0.19006429551079346,0.5168718402629806,0.5168718489055415
runge,0.1,construction,100000,0.08086310821479462,0.08086310943880826,0.2092844508066374,0.5164633787354369,0.5164633872522181
runge,0.1,construction,600000,0.0804655055323038,0.08046550663526125,0.567748969780028,0.5139239360980352,0.5139239438382067
runge,0.25,construction,0,0.1565708461513541,0.15657084593940104,0.0,1.0,1.0
runge,0.25,construction,2000,0.0793163874348086,0.07931638822296797,0.10244744144773149,0.5065846508751375,0.5065846565947946
runge,0.25,construction,20000,0.0785326381272605,0.07853263869546775,0.16659524801277312,0.5015789341225407,0.5015789384306125
runge,0.25,construction,100000,0.07521941409536119,0.07521941379933135,0.6547695011744095,0.4804177530128948,0.4804177517725373
runge,0.25,construction,600000,0.059681342421772615,0.05968133996078455,3.4280266166611457,0.3811778749926393,0.38117785979059937
runge,0.5,construction,0,0.1565708461513541,0.15657084593940104,0.0,1.0,1.0
runge,0.5,construction,2000,0.07379210168833789,0.0737921011898038,0.07785879832788996,0.4713016727073471,0.47130167016127755
runge,0.5,construction,20000,0.06465474159767831,0.06465473963702684,0.45778687073417895,0.41294240394650344,0.4129423919830561
runge,0.5,construction,100000,0.04391773057678934,0.04391773120170625,1.7243872470932708,0.2804974978185587,0.2804975021895462
runge,0.5,construction,600000,0.034769737333547206,0.03476975534050149,3.2571929792357026,0.22207031633421684,0.2220704316431855
runge,1.0,construction,0,0.1565708461513541,0.15657084593940104,0.0,1.0,1.0
runge,1.0,construction,2000,0.045781608919961074,0.045781607593351085,0.20714848514004378,0.2924018745846519,0.2924018665075766
runge,1.0,construction,20000,0.028086575174684776,0.028086582985767165,0.6182801190658604,0.17938572770778802,0.1793857778391116
runge,1.0,construction,100000,0.026406264185121358,0.026406269898878558,0.7742191724880146,0.16865377453216876,0.16865381125358933
runge,1.0,construction,600000,0.019409614673519482,0.019409613550855798,2.402113461926162,0.12396697821225651,0.12396697120974914
runge,2.0,construction,0,0.1565708461513541,0.15657084593940104,0.0,1.0,1.0
runge,2.0,construction,2000,0.019971794082610614,0.019971795069202793,0.18348944348012436,0.12755755348798622,0.12755755996191429
runge,2.0,construction,20000,0.009503119027091313,0.009503120656777598,0.5202548240815892,0.06069532905190297,0.06069533954268646
runge,2.0,construction,100000,0.007341864590822516,0.0073418677398410775,0.7795945245678767,0.04689164535602799,0.04689166553192581
runge,2.0,construction,600000,0.0040572442094981495,0.004057244666186933,1.777378669100356,0.025913152475244897,0.02591315542714282
runge,3.2,construction,0,0.1565708461513541,0.15657084593940104,0.0,1.0,1.0
runge,3.2,construction,2000,0.008071169570819658,0.008071169735004186,0.187295536901279,0.05154963244573265,0.05154963356414412
runge,3.2,construction,20000,0.0032330774774528273,0.0032330774123687364,0.37365990963497825,0.02064929427747661,0.020649293889745363
runge,3.2,construction,100000,0.0017661761326087941,0.0017661769460584412,0.5986308178867888,0.01128036397594393,0.011280369186623796
runge,3.2,construction,600000,0.0007917050579625492,0.0007917057866136404,1.0670690715327928,0.005056529216155751,0.005056533876811658
runge,4.0,construction,0,0.1565708461513541,0.15657084593940104,0.0,1.0,1.0
runge,4.0,construction,2000,0.005110828440534206,0.005110828712070267,0.17870771552791123,0.03264227387258074,0.03264227565103886
runge,4.0,construction,20000,0.0016208301576382768,0.001620830610968197,0.32775003396172286,0.010352055938124334,0.010352058847504222
runge,4.0,construction,100000,0.0006908851975249613,0.0006908853602828523,0.4947950307885941,0.00441260435456225,0.004412605400051626
runge,4.0,construction,600000,0.0002800889014858226,0.0002800889140970688,0.7653722287820223,0.0017888956237425318,0.0017888957067107758
runge,8.0,construction,0,0.1565708461513541,0.15657084593940104,0.0,1.0,1.0
runge,8.0,construction,2000,0.0008885415832438808,0.0008885415961077723,0.1474613686246264,0.005675012973902844,0.005675013063745419
runge,8.0,construction,20000,8.716626724664792e-05,8.716627024068596e-05,0.19530491025982577,0.0005567209310626444,0.0005567209509388655
runge,8.0,construction,100000,1.697956039111206e-05,1.6979560663651635e-05,0.22250298464524843,0.0001084465007917134,0.00010844650267919853
runge,8.0,construction,600000,2.7258500901106246e-06,2.7258500950461154e-06,0.2485138121118099,1.7409691249133294e-05,1.740969130422355e-05
runge,16.0,construction,0,0.1565708461513541,0.15657084593940104,0.0,1.0,1.0
runge,16.0,construction,2000,0.00013946071374451818,0.0001394607158061742,0.13027085042080053,0.0008907195507502343,0.0008907195651235791
runge,16.0,construction,20000,1.62180307776068e-06,1.6218033905272942e-06,0.1408683617921175,1.0358269867130394e-05,1.035827187875701e-05
runge,16.0,construction,100000,6.274351450093771e-08,6.274362504693924e-08,0.14196898954292855,4.007356161330618e-07,4.007363227201534e-07
runge,16.0,construction,600000,1.6762446919037746e-09,1.6762734396369139e-09,0.14219161462389468,1.0705982199798424e-08,1.0706165822759214e-08
moment3,0.1,construction,0,1.0,1.0000032106240777,0.0,1.0,1.0
moment3,0.1,construction,2000,0.7521234584397885,0.7521258899664792,0.5158254086077212,0.7521234584397885,0.7521234751807404
moment3,0.1,construction,20000,0.7505917643648965,0.750594114683208,0.5633012834353577,0.7505917643648965,0.750591704815408
moment3,0.1,construction,100000,0.7505917343001697,0.7505940846183883,0.5633044858137243,0.7505917343001697,0.7505916747506848
moment3,0.1,construction,600000,0.7505915464059927,0.7505938967236299,0.5634212196312063,0.7505915464059927,0.7505914868565297
moment3,0.25,construction,0,1.0,1.0000032106240777,0.0,1.0,1.0
moment3,0.25,construction,2000,0.7533342603008925,0.7533366261280083,0.24274929736877895,0.7533342603008925,0.7533342074550633
moment3,0.25,construction,20000,0.7532863205880379,0.7532886862686986,0.24491232334923835,0.7532863205880379,0.75328626774967
moment3,0.25,construction,100000,0.7530733704788156,0.7530757355141544,0.29246943498250466,0.7530733704788156,0.7530733176788283
moment3,0.25,construction,600000,0.7517461746832025,0.75174853569186,1.0074330211560332,0.7517461746832025,0.75174612211766
moment3,0.5,construction,0,1.0,1.0000032106240777,0.0,1.0,1.0
moment3,0.5,construction,2000,0.7578739943920787,0.7578763907721204,0.15096671368421702,0.7578739943920787,0.7578739575237445
moment3,0.5,construction,20000,0.7381710908309964,0.7381734306100605,0.6758998510197629,0.7381710908309964,0.7381710606202798
moment3,0.5,construction,100000,0.65672216304499,0.6567242678367993,3.2171902285244145,0.65672216304499,0.656722159348822
moment3,0.5,construction,600000,0.3168280406580748,0.3168291431893415,16.17748162089135,0.3168280406580748,0.31682812597333176
moment3,1.0,construction,0,1.0,1.0000032106240777,0.0,1.0,1.0
moment3,1.0,construction,2000,0.5797188374248049,0.5797207998026095,0.6278451793209832,0.5797188374248049,0.5797189385430271
moment3,1.0,construction,20000,0.04891972071001529,0.04892007635724871,3.518693443257504,0.04891972071001529,0.048919919293777946
moment3,1.0,construction,100000,0.00695594558305974,0.006956025251383641,4.589710193721899,0.00695594558305974,0.006956002918273187
moment3,1.0,construction,600000,0.006226892021358567,0.006226964205161488,4.648658053164015,0.006226892021358567,0.006226944212784468
moment3,2.0,construction,0,1.0,1.0000032106240777,0.0,1.0,1.0
moment3,2.0,construction,2000,0.030871256663850745,0.030871637718017257,1.0364628780686878,0.030871256663850745,0.03087153860111211
moment3,2.0,construction,20000,0.009671460684202306,0.009671598515391289,1.2785607362984748,0.009671460684202306,0.009671567463623921
moment3,2.0,construction,100000,0.0009456764977197629,0.0009457057468680746,1.7250085719965387,0.0009456764977197629,0.0009457027105721817
moment3,2.0,construction,600000,0.0004590708469609172,0.00045908456718741223,1.8694157038129462,0.0004590708469609172,0.0004590830932441794
moment3,3.2,construction,0,1.0,1.0000032106240777,0.0,1.0,1.0
moment3,3.2,construction,2000,0.024281077311771086,0.024281413575985004,0.7052493749956877,0.024281077311771086,0.024281335617744232
moment3,3.2,construction,20000,0.002357500582662818,0.002357566587160128,0.9501129840975313,0.002357500582662818,0.0023575590179243803
moment3,3.2,construction,100000,0.00037895898571027565,0.0003789790204004927,1.0947267625593067,0.00037895898571027565,0.0003789778036452314
moment3,3.2,construction,600000,8.501922677309816e-05,8.502503850025273e-05,1.2144302335530321,8.501922677309816e-05,8.502476551769336e-05
moment3,4.0,construction,0,1.0,1.0000032106240777,0.0,1.0,1.0
moment3,4.0,construction,2000,0.015196017405455089,0.015196320068032915,0.6443545265260856,0.015196017405455089,0.015196271278518457
moment3,4.0,construction,20000,0.0014133944004718153,0.0014134551970491356,0.8313714315472548,0.0014133944004718153,0.0014134506589904173
moment3,4.0,construction,100000,0.000304286516892228,0.00030430484197369804,0.9354200757269012,0.000304286516892228,0.00030430386496838226
moment3,4.0,construction,600000,4.926696512317078e-05,4.927139580021334e-05,1.0414240192005717,4.926696512317078e-05,4.927123760879153e-05
moment3,8.0,construction,0,1.0,1.0000032106240777,0.0,1.0,1.0
moment3,8.0,construction,2000,0.006250983369133689,0.006251244390932893,0.5379701707710242,0.006250983369133689,0.0062512243206015745
moment3,8.0,construction,20000,0.0005122066865607069,0.0005122588433628695,0.6374829582539014,0.0005122066865607069,0.0005122571986975734
moment3,8.0,construction,100000,9.224933517477932e-05,9.226489636517556e-05,0.688914275882521,9.224933517477932e-05,9.226460013822884e-05
moment3,8.0,construction,600000,1.4090670042905063e-05,1.4094468784100152e-05,0.7366307179893106,1.4090670042905063e-05,1.4094423532204599e-05
moment3,16.0,construction,0,1.0,1.0000032106240777,0.0,1.0,1.0
moment3,16.0,construction,2000,0.003498959030559434,0.003499233958412371,0.49457720724510984,0.003498959030559434,0.003499222723723641
moment3,16.0,construction,20000,0.00024235677709612518,0.0002424139031129318,0.558113645171578,0.00024235677709612518,0.0002424131248155165
moment3,16.0,construction,100000,4.067387589153035e-05,4.069118842881247e-05,0.5871820601924179,4.067387589153035e-05,4.06910577851226e-05
moment3,16.0,construction,600000,5.813774176341606e-06,5.818050987414309e-06,0.612532348089577,5.813774176341606e-06,5.818032307899696e-06
moment5,0.1,construction,0,0.9999999999999999,1.000011628232036,0.0,1.0,1.0
moment5,0.1,construction,2000,0.751537126759855,0.7515465835406039,0.5166293100677458,0.7515371267598551,0.7515378444841644
moment5,0.1,construction,20000,0.7499997509190586,0.7500089751889143,0.5642059763530517,0.7499997509190587,0.7500002540119336
moment5,0.1,construction,100000,0.7499997506047746,0.7500089748746301,0.5642060098204129,0.7499997506047748,0.7500002536976531
moment5,0.1,construction,600000,0.7499997486508376,0.7500089729206937,0.5642072228706813,0.7499997486508377,0.7500002517437394
moment5,0.25,construction,0,0.9999999999999999,1.000011628232036,0.0,1.0,1.0
moment5,0.25,construction,2000,0.7500059868816223,0.7500152297276953,0.24477367418785895,0.7500059868816225,0.7500065084779862
moment5,0.25,construction,20000,0.7500056164435388,0.7500148592895189,0.24479062876495672,0.7500056164435389,0.7500061380441174
moment5,0.25,construction,100000,0.7500040489806769,0.750013291841965,0.24517772490857748,0.750004048980677,0.7500045706147899
moment5,0.25,construction,600000,0.7499966509877237,0.7500058939471856,0.255925092599545,0.7499966509877238,0.749997172806034
moment5,0.5,construction,0,0.9999999999999999,1.000011628232036,0.0,1.0,1.0
moment5,0.5,construction,2000,0.7501437941392708,0.7501530815209059,0.13896638220992547,0.7501437941392709,0.7501443586682428
moment5,0.5,construction,20000,0.7500586820411079,0.7500679740114983,0.14560447641277943,0.750058682041108,0.7500592521484736
moment5,0.5,construction,100000,0.7498146472311646,0.7498239589989256,0.22889493690067048,0.7498146472311648,0.7498152399733311
moment5,0.5,construction,600000,0.7492820106101743,0.749291423819114,0.671749448193799,0.7492820106101744,0.74928271098589
moment5,1.0,construction,0,0.9999999999999999,1.000011628232036,0.0,1.0,1.0
moment5,1.0,construction,2000,0.7487139230321085,0.748723385096169,0.1147558172761456,0.7487139230321086,0.7487146788681543
moment5,1.0,construction,20000,0.7417589817612866,0.7417688712506112,0.40783183873087037,0.7417589817612867,0.7417602458903569
moment5,1.0,construction,100000,0.7287718615547059,0.7287817887996726,1.32347881349942,0.728771861554706,0.7287733144544705
moment5,1.0,construction,600000,0.6542131752164208,0.6542223146068498,7.377855687844664,0.6542131752164209,0.6542147072464326
moment5,2.0,construction,0,0.9999999999999999,1.000011628232036,0.0,1.0,1.0
moment5,2.0,construction,2000,0.6619982900278654,0.6620082305586965,0.4117963805402205,0.6619982900278655,0.6620005326628948
moment5,2.0,construction,20000,0.28705837181771676,0.2870644324520297,2.9493152964976828,0.2870583718177168,0.2870610944390151
moment5,2.0,construction,100000,0.058536353669610165,0.05853834986523232,6.6104114986046465,0.05853635366961017,0.0585376691756323
moment5,2.0,construction,600000,0.031446519932370305,0.03144763007523765,8.231787164684198,0.03144651993237031,0.03144726439915032
moment5,3.2,construction,0,0.9999999999999999,1.000011628232036,0.0,1.0,1.0
moment5,3.2,construction,2000,0.3296010369990183,0.32960845960459845,0.8771725418950417,0.3296010369990184,0.3296046268855169
moment5,3.2,construction,20000,0.06719611547047405,0.06719851113692601,2.3964529844378437,0.06719611547047406,0.06719772974613224
moment5,3.2,construction,100000,0.014840362265047802,0.014841262058061723,3.6686666194777087,0.014840362265047804,0.014841089482429555
moment5,3.2,construction,600000,0.003990792241247681,0.003991108179220141,4.807370142365714,0.0039907922412476815,0.003991061770227807
moment5,4.0,construction,0,0.9999999999999999,1.000011628232036,0.0,1.0,1.0
moment5,4.0,construction,2000,0.19668373545366752,0.19668963444944665,0.9706046407803975,0.19668373545366755,0.19668734732333343
moment5,4.0,construction,20000,0.033827669307965,0.03382947351066022,2.0882862328537493,0.033827669307965005,0.03382908013826681
moment5,4.0,construction,100000,0.0094483176343979,0.00944899247006122,2.8705429250217267,0.009448317634397902,0.009448882596261912
moment5,4.0,construction,600000,0.001945226287740119,0.0019454237854177113,3.788748616711144,0.0019452262877401193,0.001945401163841575
moment5,8.0,construction,0,0.9999999999999999,1.000011628232036,0.0,1.0,1.0
moment5,8.0,construction,2000,0.06970188175617553,0.06970562124503414,0.8613205070554565,0.06970188175617555,0.06970481070132128
moment5,8.0,construction,20000,0.008225076685692775,0.008226039652540233,1.4127856829957877,0.008225076685692776,0.008225943999354694
moment5,8.0,construction,100000,0.0017544530385381276,0.0017547808445687362,1.73873579283251,0.0017544530385381278,0.0017547604398071746
moment5,8.0,construction,600000,0.00031003634786102034,0.00031012673234695427,2.064663391383681,0.0003100363478610204,0.00031012312616328353
moment5,16.0,construction,0,0.9999999999999999,1.000011628232036,0.0,1.0,1.0
moment5,16.0,construction,2000,0.033282418627284635,0.03328552553957616,0.7859706056482993,0.03328241862728464,0.033285138492262424
moment5,16.0,construction,20000,0.0029027168180034294,0.0029034682791104806,1.112545484724254,0.00290271681800343,0.002903434517300212
moment5,16.0,construction,100000,0.0005417160233556527,0.0005419630144529834,1.2734038359559514,0.0005417160233556528,0.0005419567124545776
moment5,16.0,construction,600000,8.501028836879182e-05,8.507614463713212e-05,1.4200448731069781,8.501028836879183e-05,8.507515536348505e-05
moment9,0.1,construction,0,1.0,1.0000567813323114,0.0,1.0,1.0
moment9,0.1,construction,2000,0.7515377027997816,0.7515863750893068,0.516628520890454,0.7515377027997816,0.7515437014366491
moment9,0.1,construction,20000,0.7500003325476179,0.7500481270528193,0.5642050881229761,0.7500003325476179,0.7500055407389753
moment9,0.1,construction,100000,0.7500003322334593,0.7500481267386594,0.5642051215770431,0.7500003322334593,0.7500055404248331
moment9,0.1,construction,600000,0.7500003302803069,0.7500481247855032,0.5642063341426228,0.7500003302803069,0.7500055384717879
moment9,0.25,construction,0,1.0,1.0000567813323114,0.0,1.0,1.0
moment9,0.25,construction,2000,0.7500235518126435,0.7500714060878206,0.24476293505030833,0.7500235518126435,0.750028818452237
moment9,0.25,construction,20000,0.7500231879535344,0.7500710422127521,0.2447795946898624,0.7500231879535344,0.7500284545978286
moment9,0.25,construction,100000,0.7500216497255376,0.7500695039730538,0.24515955325144903,0.7500216497255376,0.7500269164454687
moment9,0.25,construction,600000,0.7500144342648976,0.7500622884418626,0.25565787876410473,0.7500144342648976,0.7500197013239617
moment9,0.5,construction,0,1.0,1.0000567813323114,0.0,1.0,1.0
moment9,0.5,construction,2000,0.7502802569346956,0.7503282544364898,0.1388994214175046,0.7502802569346956,0.7502856522175427
moment9,0.5,construction,20000,0.7502214331631711,0.7502694279245488,0.14353733565020002,0.7502214331631711,0.7502268290456598
moment9,0.5,construction,100000,0.7500863754761324,0.7501343585938489,0.19637562515010704,0.7500863754761324,0.7500917673839411
moment9,0.5,construction,600000,0.7500140061818927,0.7500619306967551,0.31244578628466024,0.7500140061818927,0.7500193435991662
moment9,1.0,construction,0,1.0,1.0000567813323114,0.0,1.0,1.0
moment9,1.0,construction,2000,0.7507933520263999,0.7508415623574672,0.10051826020356283,0.7507933520263999,0.7507989309938675
moment9,1.0,construction,20000,0.7500304833305586,0.7500784200267725,0.15838272767741302,0.7500304833305586,0.7500358319929507
moment9,1.0,construction,100000,0.7500150433076456,0.750062874266869,0.16798531051366086,0.7500150433076456,0.750020287115706
moment9,1.0,construction,600000,0.7499833003858827,0.7500310988113051,0.22554229980008825,0.7499833003858827,0.7499885134642924
moment9,2.0,construction,0,1.0,1.0000567813323114,0.0,1.0,1.0
moment9,2.0,construction,2000,0.7497473411188054,0.749795340211941,0.09714647754989299,0.7497473411188054,0.7497527682508557
moment9,2.0,construction,20000,0.7459535164457605,0.7460009803590419,0.30643475250879953,0.7459535164457605,0.7459586238345315
moment9,2.0,construction,100000,0.7343076319647008,0.7343549852858793,1.23524207016119,0.7343076319647008,0.7343132899989392
moment9,2.0,construction,600000,0.6836888895614287,0.6837403733542369,6.2033095943860035,0.6836888895614287,0.6837015518692184
moment9,3.2,construction,0,1.0,1.0000567813323114,0.0,1.0,1.0
moment9,3.2,construction,2000,0.7289277148678723,0.7289753775311697,0.22220290044487717,0.7289277148678723,0.7289339876881817
moment9,3.2,construction,20000,0.6206240886482451,0.6206747927986354,1.5734326994935652,0.6206240886482451,0.6206395520579844
moment9,3.2,construction,100000,0.4776376320359045,0.4776958108595754,4.706914270931811,0.4776376320359045,0.47766868819505626
moment9,3.2,construction,600000,0.29627983644329503,0.2963244234077247,12.758237075420807,0.29627983644329503,0.2963075986674984
moment9,4.0,construction,0,1.0,1.0000567813323114,0.0,1.0,1.0
moment9,4.0,construction,2000,0.6791941413432883,0.6792420795650064,0.3828131643369265,0.6791941413432883,0.6792035134846002
moment9,4.0,construction,20000,0.4653824768735216,0.46543821935391133,2.23087952745286,0.4653824768735216,0.46541179265225113
moment9,4.0,construction,100000,0.32857652595355813,0.3286266743732251,4.897478146053374,0.32857652595355813,0.32860801557229274
moment9,4.0,construction,600000,0.17643752944023305,0.17646789736464574,11.865446483952828,0.17643752944023305,0.1764578778512445
moment9,8.0,construction,0,1.0,1.0000567813323114,0.0,1.0,1.0
moment9,8.0,construction,2000,0.375540026527587,0.3755922221824256,0.8081820575029035,0.375540026527587,0.3755708967665298
moment9,8.0,construction,20000,0.18572501449878526,0.18576340363542856,2.1980336246240757,0.18572501449878526,0.1857528563407649
moment9,8.0,construction,100000,0.07655040350863436,0.07657125622536916,4.529647289835194,0.07655040350863436,0.07656690865428481
moment9,8.0,construction,600000,0.022384885284829854,0.022393390801315836,8.046918850179571,0.022384885284829854,0.02239211934694604
moment9,16.0,construction,0,1.0,1.0000567813323114,0.0,1.0,1.0
moment9,16.0,construction,2000,0.2314975988404154,0.2315447713564991,0.8382682436108478,0.2314975988404154,0.23153162468237742
moment9,16.0,construction,20000,0.06091903723884104,0.06094145956160854,2.0904524697540072,0.06091903723884104,0.06093799942081304
moment9,16.0,construction,100000,0.016954843942557134,0.016964606845903063,3.3263219035865825,0.016954843942557134,0.01696364362761703
moment9,16.0,construction,600000,0.0036211151841036406,0.0036244197176348017,4.717504332368241,0.0036211151841036406,0.003624213929939278
mixed_sine,0.1,construction,0,1.0,1.0,0.0,1.0,1.0
mixed_sine,0.1,construction,2000,0.834492405849234,0.8344940024639829,0.4840322649533405,0.834492405849234,0.8344940024639829
mixed_sine,0.1,construction,20000,0.8328866883483392,0.8328884621048436,0.5366349658939807,0.8328866883483392,0.8328884621048436
mixed_sine,0.1,construction,100000,0.8328866811718795,0.8328884549284467,0.5366357683218472,0.8328866811718795,0.8328884549284467
mixed_sine,0.1,construction,600000,0.8328866363190126,0.8328884100759723,0.5366650210792261,0.8328866363190126,0.8328884100759723
mixed_sine,0.25,construction,0,1.0,1.0,0.0,1.0,1.0
mixed_sine,0.25,construction,2000,0.8342687484531833,0.8342705027731073,0.22269719966058038,0.8342687484531833,0.8342705027731073
mixed_sine,0.25,construction,20000,0.8342568503146361,0.8342586047376701,0.22328446212486183,0.8342568503146361,0.8342586047376701
mixed_sine,0.25,construction,100000,0.8342039787931266,0.8342057336625018,0.23706690861441104,0.8342039787931266,0.8342057336625018
mixed_sine,0.25,construction,600000,0.8338738678821774,0.8338756255402611,0.5360159556466003,0.8338738678821774,0.8338756255402611
mixed_sine,0.5,construction,0,1.0,1.0,0.0,1.0,1.0
mixed_sine,0.5,construction,2000,0.8370603845060807,0.8370620969470406,0.12895288338247127,0.8370603845060807,0.8370620969470406
mixed_sine,0.5,construction,20000,0.8316944597174168,0.8316962140262354,0.36719869360691787,0.8316944597174168,0.8316962140262354
mixed_sine,0.5,construction,100000,0.8094829040187368,0.8094848399694905,1.6829768328568304,0.8094829040187368,0.8094848399694905
mixed_sine,0.5,construction,600000,0.7166555395061955,0.7166584511270879,8.454519234684039,0.7166555395061955,0.7166584511270879
mixed_sine,1.0,construction,0,1.0,1.0,0.0,1.0,1.0
mixed_sine,1.0,construction,2000,0.7828561273854262,0.7828581906694428,0.3592978916882308,0.7828561273854262,0.7828581906694428
mixed_sine,1.0,construction,20000,0.6131968437905213,0.6132012038880326,1.9900840017502686,0.6131968437905213,0.6132012038880326
mixed_sine,1.0,construction,100000,0.5939304216818695,0.5939356670008804,2.7261476750007883,0.5939304216818695,0.5939356670008804
mixed_sine,1.0,construction,600000,0.5588449745473255,0.558849814197863,5.67726442333762,0.5588449745473255,0.558849814197863
mixed_sine,2.0,construction,0,1.0,1.0,0.0,1.0,1.0
mixed_sine,2.0,construction,2000,0.5177903286138592,0.517794730962694,0.7055921445232143,0.5177903286138592,0.517794730962694
mixed_sine,2.0,construction,20000,0.3386847182236006,0.33868750977075857,2.1454346374063142,0.3386847182236006,0.33868750977075857
mixed_sine,2.0,construction,100000,0.2314413684997256,0.23144214508974503,4.587056447800621,0.2314413684997256,0.23144214508974503
mixed_sine,2.0,construction,600000,0.2205751456664567,0.2205759964671884,5.566554936895474,0.2205751456664567,0.2205759964671884
mixed_sine,3.2,construction,0,1.0,1.0,0.0,1.0,1.0
mixed_sine,3.2,construction,2000,0.3145394927677039,0.31454255694817995,0.7479390181831039,0.3145394927677039,0.31454255694817995
mixed_sine,3.2,construction,20000,0.21273616859694688,0.2127373665150446,1.55184182942553,0.21273616859694688,0.2127373665150446
mixed_sine,3.2,construction,100000,0.20916852807800612,0.20917009180824728,1.7131071001188352,0.20916852807800612,0.20917009180824728
mixed_sine,3.2,construction,600000,0.20549088430430623,0.20549279957842548,2.3974856735847894,0.20549088430430623,0.20549279957842548
mixed_sine,4.0,construction,0,1.0,1.0,0.0,1.0,1.0
mixed_sine,4.0,construction,2000,0.24034875120526733,0.24035103216412954,0.7571016488830218,0.24034875120526733,0.24035103216412954
mixed_sine,4.0,construction,20000,0.20840543800005065,0.20840697568113312,1.079159460336991,0.20840543800005065,0.20840697568113312
mixed_sine,4.0,construction,100000,0.20313423970975902,0.20313610401630744,1.358034503564256,0.20313423970975902,0.20313610401630744
mixed_sine,4.0,construction,600000,0.18777305036701608,0.18777497360742984,3.584146328663585,0.18777305036701608,0.18777497360742984
mixed_sine,8.0,construction,0,1.0,1.0,0.0,1.0,1.0
mixed_sine,8.0,construction,2000,0.1909939838484163,0.1909958703675171,0.5710379527529865,0.1909939838484163,0.1909958703675171
mixed_sine,8.0,construction,20000,0.11010127770240416,0.11010308637493516,1.4677517331103265,0.11010127770240416,0.11010308637493516
mixed_sine,8.0,construction,100000,0.048366688691011725,0.048367266294646605,3.3684497143137286,0.048366688691011725,0.048367266294646605
mixed_sine,8.0,construction,600000,0.04520354382355467,0.045203880027871735,3.918640957925981,0.04520354382355467,0.045203880027871735
mixed_sine,16.0,construction,0,1.0,1.0,0.0,1.0,1.0
mixed_sine,16.0,construction,2000,0.10704230315215313,0.10704421267835769,0.6302079156880989,0.10704230315215313,0.10704421267835769
mixed_sine,16.0,construction,20000,0.04259915793764324,0.042600017447654646,1.2754520048207854,0.04259915793764324,0.042600017447654646
mixed_sine,16.0,construction,100000,0.03227095134102507,0.03227156915731795,1.7196271191154022,0.03227095134102507,0.03227156915731795
mixed_sine,16.0,construction,600000,0.0061686505856085455,0.006168763238231027,4.819351035564857,0.0061686505856085455,0.006168763238231027
localized_sine,0.1,construction,0,0.9999999999999998,1.0000000000004887,0.0,1.0,1.0
localized_sine,0.1,construction,2000,0.9965445355342097,0.996544519457167,0.06993886313322863,0.99654453553421,0.99654451945668
localized_sine,0.1,construction,20000,0.9965110101343666,0.996510992385831,0.07753971903838539,0.9965110101343668,0.9965109923853439
localized_sine,0.1,construction,100000,0.996511004379435,0.9965109866309019,0.07754417206561888,0.9965110043794352,0.9965109866304148
localized_sine,0.1,construction,600000,0.996510968411117,0.9965109506626,0.07770634751682663,0.9965109684111172,0.9965109506621129
localized_sine,0.25,construction,0,0.9999999999999998,1.0000000000004887,0.0,1.0,1.0
localized_sine,0.25,construction,2000,0.9963285844259198,0.9963285663231469,0.03317215851607429,0.99632858442592,0.99632856632266
localized_sine,0.25,construction,20000,0.9963190929262544,0.9963190748275607,0.0361829938828577,0.9963190929262546,0.9963190748270737
localized_sine,0.25,construction,100000,0.9962769157367766,0.9962768976563362,0.07981616255118229,0.9962769157367768,0.9962768976558493
localized_sine,0.25,construction,600000,0.9960135764183023,0.9960135584522833,0.4367331704334113,0.9960135764183026,0.9960135584517966
localized_sine,0.5,construction,0,0.9999999999999998,1.0000000000004887,0.0,1.0,1.0
localized_sine,0.5,construction,2000,0.9953868199993885,0.9953868012307346,0.036711171052533145,0.9953868199993887,0.9953868012302481
localized_sine,0.5,construction,20000,0.991152075584669,0.9911520586338094,0.30762794750843775,0.9911520755846692,0.991152058633325
localized_sine,0.5,construction,100000,0.9736228777617963,0.973622870254031,1.4911545862015978,0.9736228777617966,0.9736228702535552
localized_sine,0.5,construction,600000,0.9003636604988796,0.9003637422987121,7.509938797816256,0.9003636604988798,0.9003637422982721
localized_sine,1.0,construction,0,0.9999999999999998,1.0000000000004887,0.0,1.0,1.0
localized_sine,1.0,construction,2000,0.9472158125077892,0.9472158174462482,0.3088401199068481,0.9472158125077894,0.9472158174457852
localized_sine,1.0,construction,20000,0.8151647529417141,0.8151650612920665,1.754188613987509,0.8151647529417143,0.8151650612916681
localized_sine,1.0,construction,100000,0.798285435342621,0.7982859130499469,2.4500151543811186,0.7982854353426212,0.7982859130495568
localized_sine,1.0,construction,600000,0.7597299684076314,0.7597303261472672,5.7664215572358275,0.7597299684076316,0.759730326146896
localized_sine,2.0,construction,0,0.9999999999999998,1.0000000000004887,0.0,1.0,1.0
localized_sine,2.0,construction,2000,0.7195534018391124,0.7195536869955601,0.6370928439379218,0.7195534018391125,0.7195536869952085
localized_sine,2.0,construction,20000,0.4987096122141015,0.4987096097329797,2.334731707337462,0.4987096122141016,0.4987096097327359
localized_sine,2.0,construction,100000,0.3579626779227973,0.3579630028363646,5.170525696290387,0.35796267792279735,0.35796300283618965
localized_sine,2.0,construction,600000,0.30455180730495657,0.3045519199712804,8.268362281742114,0.3045518073049566,0.30455191997113157
localized_sine,3.2,construction,0,0.9999999999999998,1.0000000000004887,0.0,1.0,1.0
localized_sine,3.2,construction,2000,0.45235647158776826,0.4523565048117466,0.8092090641748858,0.45235647158776837,0.4523565048115255
localized_sine,3.2,construction,20000,0.2762243098811954,0.2762243645880862,2.0002053512167626,0.27622430988119545,0.2762243645879512
localized_sine,3.2,construction,100000,0.24058930533527334,0.24058932325349947,3.0470881392323617,0.2405893053352734,0.2405893232533819
localized_sine,3.2,construction,600000,0.23607247227277706,0.2360725155573849,3.6816719309518375,0.2360724722727771,0.23607251555726952
localized_sine,4.0,construction,0,0.9999999999999998,1.0000000000004887,0.0,1.0,1.0
localized_sine,4.0,construction,2000,0.32959095695200447,0.32959095676515593,0.8746043981241205,0.3295909569520045,0.32959095676499484
localized_sine,4.0,construction,20000,0.24237536324108622,0.24237535746708988,1.5952853856148592,0.24237536324108627,0.24237535746697142
localized_sine,4.0,construction,100000,0.23265333622761736,0.2326533662091516,2.015945204426478,0.2326533362276174,0.2326533662090379
localized_sine,4.0,construction,600000,0.21135875244020969,0.21135881399989181,4.4194243873348125,0.21135875244020974,0.2113588139997885
localized_sine,8.0,construction,0,0.9999999999999998,1.0000000000004887,0.0,1.0,1.0
localized_sine,8.0,construction,2000,0.21929531173776828,0.21929530923492618,0.706690978334618,0.21929531173776834,0.21929530923481902
localized_sine,8.0,construction,20000,0.1205977527832857,0.12059777946560099,1.6530643449722449,0.12059775278328573,0.12059777946554205
localized_sine,8.0,construction,100000,0.05579723673295669,0.05579724168095175,3.5122742225684926,0.0557972367329567,0.05579724168092448
localized_sine,8.0,construction,600000,0.04753506082068764,0.04753506298051417,4.510388842332903,0.047535060820687654,0.04753506298049094
localized_sine,16.0,construction,0,0.9999999999999998,1.0000000000004887,0.0,1.0,1.0
localized_sine,16.0,construction,2000,0.11560377099817351,0.11560378157382062,0.7333417416410442,0.11560377099817354,0.11560378157376412
localized_sine,16.0,construction,20000,0.04432963044131991,0.04432963180779252,1.3740385351197506,0.04432963044131992,0.04432963180777086
localized_sine,16.0,construction,100000,0.0330644637199797,0.033064467296669176,1.8264571859023704,0.03306446371997971,0.033064467296653015
localized_sine,16.0,construction,600000,0.006549651759328829,0.006549651699368107,4.897540383313745,0.006549651759328831,0.006549651699364906
chirp,0.1,construction,0,1.0,0.9999999999978713,0.0,1.0,1.0
chirp,0.1,construction,2000,0.9224407916597648,0.9224413093893026,0.3112285421754041,0.9224407916597648,0.9224413093912662
chirp,0.1,construction,20000,0.9218167580033712,0.9218173502695407,0.34304245489714136,0.9218167580033712,0.921817350271503
chirp,0.1,construction,100000,0.921796020729395,0.9217966127410837,0.34665108750602286,0.921796020729395,0.921796612743046
chirp,0.1,construction,600000,0.9216670951847854,0.9216676856105395,0.4587866939955046,0.9216670951847854,0.9216676856125015
chirp,0.25,construction,0,1.0,0.9999999999978713,0.0,1.0,1.0
chirp,0.25,construction,2000,0.9224036641180084,0.9224042563210132,0.14513345430008076,0.9224036641180084,0.9224042563229767
chirp,0.25,construction,20000,0.9221287144288328,0.9221293033665637,0.1646762575286096,0.9221287144288328,0.9221293033685267
chirp,0.25,construction,100000,0.9209661976755446,0.9209667724889687,0.40963760136367716,0.9209661976755446,0.9209667724909293
chirp,0.25,construction,600000,0.9155081439453906,0.9155086434389863,2.035778474221171,0.9155081439453906,0.9155086434409352
chirp,0.5,construction,0,1.0,0.9999999999978713,0.0,1.0,1.0
chirp,0.5,construction,2000,0.9235846021360166,0.923585193214267,0.08783601826507861,0.9235846021360166,0.9235851932162331
chirp,0.5,construction,20000,0.919197224747945,0.9191977772667412,0.32454499005069026,0.919197224747945,0.919197777268698
chirp,0.5,construction,100000,0.908461304269707,0.9084617483615192,1.2312021694614037,0.908461304269707,0.9084617483634531
chirp,0.5,construction,600000,0.8972609139759418,0.8972613694066301,3.1897341244195174,0.8972609139759418,0.8972613694085402
chirp,1.0,construction,0,1.0,0.9999999999978713,0.0,1.0,1.0
chirp,1.0,construction,2000,0.908788321190784,0.9087888770332336,0.19973579777784997,0.908788321190784,0.9087888770351682
chirp,1.0,construction,20000,0.8833341026174608,0.8833348195175983,0.7581372943891391,0.8833341026174608,0.8833348195194787
chirp,1.0,construction,100000,0.8801266476072288,0.8801275282697923,1.0313538496065375,0.8801266476072288,0.880127528271666
chirp,1.0,construction,600000,0.8703105184195612,0.8703114544463569,2.8670394565456188,0.8703105184195612,0.8703114544482096
chirp,2.0,construction,0,1.0,0.9999999999978713,0.0,1.0,1.0
chirp,2.0,construction,2000,0.8704424144501743,0.8704431861278177,0.2583058842433132,0.8704424144501743,0.8704431861296706
chirp,2.0,construction,20000,0.8504402814006914,0.8504408777408541,0.7203061997314896,0.8504402814006914,0.8504408777426644
chirp,2.0,construction,100000,0.812482434438968,0.8124828052313433,2.325184702132486,0.812482434438968,0.8124828052330729
chirp,2.0,construction,600000,0.7296205892593252,0.7296216802909139,8.351136907856379,0.7296205892593252,0.7296216802924671
chirp,3.2,construction,0,1.0,0.9999999999978713,0.0,1.0,1.0
chirp,3.2,construction,2000,0.8336111863713842,0.8336118079527758,0.3079753333288619,0.8336111863713842,0.8336118079545504
chirp,3.2,construction,20000,0.7210940409924619,0.7210947956561198,1.6233934694922596,0.7210940409924619,0.7210947956576548
chirp,3.2,construction,100000,0.6549074431855997,0.6549087273593248,3.472711619353455,0.6549074431855997,0.6549087273607189
chirp,3.2,construction,600000,0.561834278522639,0.5618368421376205,9.153296042853222,0.561834278522639,0.5618368421388166
chirp,4.0,construction,0,1.0,0.9999999999978713,0.0,1.0,1.0
chirp,4.0,construction,2000,0.7868858523038479,0.786886423740474,0.41631988357149385,0.7868858523038479,0.7868864237421491
chirp,4.0,construction,20000,0.6439050177612428,0.6439060957218928,1.8075537924543983,0.6439050177612428,0.6439060957232635
chirp,4.0,construction,100000,0.5486066860603561,0.5486086467202429,4.0332295528338715,0.5486066860603561,0.5486086467214107
chirp,4.0,construction,600000,0.4630922377884154,0.46309498136856797,9.086143811399438,0.4630922377884154,0.4630949813695538
chirp,8.0,construction,0,1.0,0.9999999999978713,0.0,1.0,1.0
chirp,8.0,construction,2000,0.5430078603851367,0.5430088053279571,0.7484820643846312,0.5430078603851367,0.5430088053291131
chirp,8.0,construction,20000,0.2888176811938524,0.28881994216538964,2.4599681453849893,0.2888176811938524,0.2888199421660045
chirp,8.0,construction,100000,0.12513711248520223,0.1251406872236542,5.413472339238927,0.12513711248520223,0.1251406872239206
chirp,8.0,construction,600000,0.02366940858666375,0.023669892783582006,10.564005639433685,0.02366940858666375,0.023669892783632393
chirp,16.0,construction,0,1.0,0.9999999999978713,0.0,1.0,1.0
chirp,16.0,construction,2000,0.26136893760586666,0.2613703447063314,0.9721560333276648,0.26136893760586666,0.2613703447068878
chirp,16.0,construction,20000,0.02427973880452211,0.024281330116898515,2.4028471981767376,0.02427973880452211,0.024281330116950203
chirp,16.0,construction,100000,0.001404140148677291,0.0014043105781707272,3.0924222953772147,0.001404140148677291,0.0014043105781737166
chirp,16.0,construction,600000,3.554433417743223e-05,3.5546545175012944e-05,3.3125145316181968,3.554433417743223e-05,3.5546545175088614e-05
moment4,0.1,construction,0,1.0,1.0000056456555617,0.0,1.0,1.0
moment4,0.1,construction,2000,0.7515363578393957,0.7515413901112953,0.5166291369193969,0.7515363578393957,0.7515371471914204
moment4,0.1,construction,20000,0.7499989873410016,0.7500040191198303,0.5642056572421716,0.7499989873410016,0.7499997848793735
moment4,0.1,construction,100000,0.7499989859337021,0.7500040177165486,0.5642058069630176,0.7499989859337021,0.7499997834760997
moment4,0.1,construction,600000,0.749998977184381,0.750004008992271,0.5642112387308471,0.749998977184381,0.7499997747518714
moment4,0.25,construction,0,1.0,1.0000056456555617,0.0,1.0,1.0
moment4,0.25,construction,2000,0.7499502048013682,0.7499552585382971,0.24478294029744338,0.7499502048013682,0.7499510245731242
moment4,0.25,construction,20000,0.7499499132221803,0.7499549671555118,0.2447963468047979,0.7499499132221803,0.7499507331919839
moment4,0.25,construction,100000,0.7499486761030942,0.7499537308877153,0.24510176368953937,0.7499486761030942,0.749949496931167
moment4,0.25,construction,600000,0.7499427306589642,0.7499477900404923,0.2537534551092741,0.7499427306589642,0.7499435561174838
moment4,0.5,construction,0,1.0,1.0000056456555617,0.0,1.0,1.0
moment4,0.5,construction,2000,0.749484458886051,0.7494895737707543,0.13910463973929438,0.749484458886051,0.7494853424346624
moment4,0.5,construction,20000,0.7493313961963081,0.7493365219804049,0.15078545359151094,0.7493313961963081,0.7493322915083858
moment4,0.5,construction,100000,0.7488013508132229,0.7488065101049108,0.29736610128618507,0.7488013508132229,0.7488022826251393
moment4,0.5,construction,600000,0.7464084028104578,0.7464135908258547,1.331839603551833,0.7464084028104578,0.7464093768556049
moment4,1.0,construction,0,1.0,1.0000056456555617,0.0,1.0,1.0
moment4,1.0,construction,2000,0.7403677640641283,0.7403731146758048,0.15490989365026,0.7403677640641283,0.7403689348078103
moment4,1.0,construction,20000,0.7171059975889686,0.7171115246353108,0.7229882187263855,0.7171059975889686,0.7171074760935
moment4,1.0,construction,100000,0.640786903024877,0.640791991826219,3.129676221355506,0.640786903024877,0.6407883741557706
moment4,1.0,construction,600000,0.32065567900166536,0.32065877979217894,15.697795491467787,0.32065567900166536,0.32065696947337585
moment4,2.0,construction,0,1.0,1.0000056456555617,0.0,1.0,1.0
moment4,2.0,construction,2000,0.56313094533585,0.5631362141550975,0.5726070407903779,0.56313094533585,0.563133034899947
moment4,2.0,construction,20000,0.1355829089746804,0.13558550756327914,3.163103049059931,0.1355829089746804,0.13558474209852583
moment4,2.0,construction,100000,0.07629645581135641,0.0762979710790559,4.500324468280083,0.07629645581135641,0.076297540329423
moment4,2.0,construction,600000,0.02027819735018013,0.020278892186315737,7.992599825230456,0.02027819735018013,0.020278777699321633
moment4,3.2,construction,0,1.0,1.0000056456555617,0.0,1.0,1.0
moment4,3.2,construction,2000,0.19240910872087214,0.19241256699532455,0.9623421281700535,0.19240910872087214,0.19241148070637837
moment4,3.2,construction,20000,0.04636086163896426,0.04636232428121145,2.009508250507008,0.04636086163896426,0.04636206253697524
moment4,3.2,construction,100000,0.015444828572869156,0.015445481923953328,2.979637716367654,0.015444828572869156,0.015445394724574698
moment4,3.2,construction,600000,0.0034061805938174396,0.003406425336506614,4.321330197296067,0.0034061805938174396,0.0034064061051110412
moment4,4.0,construction,0,1.0,1.0000056456555617,0.0,1.0,1.0
moment4,4.0,construction,2000,0.12944758155944894,0.12945041098594096,0.9215515094532762,0.12944758155944894,0.12944968015763422
moment4,4.0,construction,20000,0.024313795423444046,0.024314819725650562,1.766479801674671,0.024313795423444046,0.024314682453328337
moment4,4.0,construction,100000,0.006625431272462859,0.0066258789395088075,2.415354539556217,0.006625431272462859,0.00662584153228971
moment4,4.0,construction,600000,0.001622647185701099,0.0016228099815327737,3.1891758621263233,0.001622647185701099,0.0016228008197583
moment4,8.0,construction,0,1.0,1.0000056456555617,0.0,1.0,1.0
moment4,8.0,construction,2000,0.04178179474722868,0.04178365484616646,0.7687516873401186,0.04178179474722868,0.04178341895137487
moment4,8.0,construction,20000,0.004854396092407828,0.004854909858292133,1.1614024160439846,0.004854396092407828,0.0048548824492980315
moment4,8.0,construction,100000,0.0010596594208970118,0.0010598424762143666,1.398367536453763,0.0010596594208970118,0.001059836492742577
moment4,8.0,construction,600000,0.00019156162836487845,0.00019161488971583668,1.641607551207028,0.00019156162836487845,0.00019161380793027624
moment4,16.0,construction,0,1.0,1.0000056456555617,0.0,1.0,1.0
moment4,16.0,construction,2000,0.019669763884503807,0.01967135486590954,0.6957484508606538,0.019669763884503807,0.019671243808842526
moment4,16.0,construction,20000,0.001654188700663158,0.001654587228601201,0.9232115265993898,0.001654188700663158,0.0016545778874243486
moment4,16.0,construction,100000,0.0003059977478137876,0.00030613057073286575,1.0353219988097035,0.0003059977478137876,0.00030612884243486386
moment4,16.0,construction,600000,4.783566784732887e-05,4.7871479492070014e-05,1.1381140425406535,4.783566784732887e-05,4.787120922771139e-05
blend_m010,0.1,construction,0,1.0,1.0000529289330156,0.0,1.0,1.0
blend_m010,0.1,construction,2000,0.7514790674994793,0.7515240008956898,0.5167088453367509,0.7514790674994793,0.7514842256374488
blend_m010,0.1,construction,20000,0.7499411283150881,0.749985196263645,0.5642954954320083,0.7499411283150881,0.7499455024483807
blend_m010,0.1,construction,100000,0.749941127706005,0.7499851956546242,0.5642955602392628,0.749941127706005,0.749945501839392
blend_m010,0.1,construction,600000,0.7499411239095735,0.7499851918585871,0.5642979158865419,0.7499411239095735,0.7499454980435559
blend_m010,0.25,construction,0,1.0,1.0000529289330156,0.0,1.0,1.0
blend_m010,0.25,construction,2000,0.7496899922801494,0.7497341113621446,0.24496691815897392,0.7496899922801494,0.7496944308358328
blend_m010,0.25,construction,20000,0.7496891758099254,0.7497332949761986,0.24500388643723645,0.7496891758099254,0.7496936144930949
blend_m010,0.25,construction,100000,0.7496856263228642,0.7497297459221173,0.2458748036898487,0.7496856263228642,0.7496900656268513
blend_m010,0.25,construction,600000,0.7496658532784293,0.7497099755849956,0.27295383125522477,0.7496658532784293,0.749670296336097
blend_m010,0.5,construction,0,1.0,1.0000529289330156,0.0,1.0,1.0
blend_m010,0.5,construction,2000,0.7492633771394193,0.7493076234258089,0.1393763238685584,0.7492633771394193,0.7492679654718537
blend_m010,0.5,construction,20000,0.7490363585908375,0.7490806419969748,0.15633567250946462,0.7490363585908375,0.7490409960562686
blend_m010,0.5,construction,100000,0.7482050825869482,0.7482495253595315,0.35630953334253396,0.7482050825869482,0.748209923406614
blend_m010,0.5,construction,600000,0.7452231221249779,0.745268377230851,1.5289495942499827,0.7452231221249779,0.745228933058572
blend_m010,1.0,construction,0,1.0,1.0000529289330156,0.0,1.0,1.0
blend_m010,1.0,construction,2000,0.7472165284360323,0.7472613311226781,0.11323323610238505,0.7472165284360323,0.7472217814710589
blend_m010,1.0,construction,20000,0.7428433456325054,0.7428896777347063,0.33068151128032935,0.7428433456325054,0.74285035945779
blend_m010,1.0,construction,100000,0.7425455451827767,0.7425924433674012,0.41378194993210354,0.7425455451827767,0.7425531408219501
blend_m010,1.0,construction,600000,0.7425291610778935,0.7425760499272752,0.4280334924722577,0.7425291610778935,0.7425367482494656
blend_m010,2.0,construction,0,1.0,1.0000529289330156,0.0,1.0,1.0
blend_m010,2.0,construction,2000,0.742306065529791,0.7423525228603272,0.11575384076689196,0.742306065529791,0.7423132330129405
blend_m010,2.0,construction,20000,0.739099106032298,0.7391455055517104,0.29121078318055654,0.739099106032298,0.7391063854393441
blend_m010,2.0,construction,100000,0.7277627071025858,0.7278093364706723,1.2111775494422443,0.7277627071025858,0.7277708163378837
blend_m010,2.0,construction,600000,0.6768809243692709,0.676931720409839,6.2137700024641545,0.6768809243692709,0.6768958930324581
blend_m010,3.2,construction,0,1.0,1.0000529289330156,0.0,1.0,1.0
blend_m010,3.2,construction,2000,0.7231496128750907,0.7231958665457703,0.21505875260926033,0.7231496128750907,0.7231575905860984
blend_m010,3.2,construction,20000,0.6146858007220617,0.6147356165537986,1.5755478605368323,0.6146858007220617,0.6147030809756012
blend_m010,3.2,construction,100000,0.47104453549156666,0.4711019180153679,4.720412247101125,0.47104453549156666,0.4710769844132147
blend_m010,3.2,construction,600000,0.2925156025484392,0.29255964405819024,12.679862042701386,0.2925156025484392,0.2925441600079411
blend_m010,4.0,construction,0,1.0,1.0000529289330156,0.0,1.0,1.0
blend_m010,4.0,construction,2000,0.6747800213337772,0.6748266191200121,0.3751482142351957,0.6747800213337772,0.6747909031574993
blend_m010,4.0,construction,20000,0.4584771713852607,0.45853198479053603,2.2429958753151165,0.4584771713852607,0.45850771646632404
blend_m010,4.0,construction,100000,0.3237554816374194,0.3238049409947178,4.877835008286657,0.3237554816374194,0.3237878032517682
blend_m010,4.0,construction,600000,0.17414319252029548,0.17417318560875866,11.774189225627529,0.17414319252029548,0.17416396729579994
blend_m010,8.0,construction,0,1.0,1.0000529289330156,0.0,1.0,1.0
blend_m010,8.0,construction,2000,0.3680150340904866,0.3680659544029668,0.812825668273181,0.3680150340904866,0.3680464740957928
blend_m010,8.0,construction,20000,0.18217676787340306,0.1822145001363159,2.1789296804926734,0.18217676787340306,0.1822048562276855
blend_m010,8.0,construction,100000,0.07529743316927218,0.07531796808190197,4.482882312748796,0.07529743316927218,0.0753139817932045
blend_m010,8.0,construction,600000,0.022055843585486137,0.02206422960471384,7.972968873072162,0.022055843585486137,0.0220630618303921
blend_m010,16.0,construction,0,1.0,1.0000529289330156,0.0,1.0,1.0
blend_m010,16.0,construction,2000,0.22492150986596965,0.22496750617906233,0.8394706882611089,0.22492150986596965,0.2249555995192039
blend_m010,16.0,construction,20000,0.059601900905987465,0.05962388359176864,2.0648625660862323,0.059601900905987465,0.05962072793025368
blend_m010,16.0,construction,100000,0.016629899359387496,0.016639486523731845,3.286940872445732,0.016629899359387496,0.016638605860076806
blend_m010,16.0,construction,600000,0.003557565441219301,0.0035608143407369285,4.666165773242844,0.003557565441219301,0.0035606258806082005
blend_p001,0.1,construction,0,1.0,1.0000571132837854,0.0,1.0,1.0
blend_p001,0.1,construction,2000,0.7515435657324485,0.7515925630757693,0.5166204885778015,0.7515435657324485,0.7515496396079235
blend_p001,0.1,construction,20000,0.7500062523603626,0.7500543711696179,0.5641960476600503,0.7500062523603626,0.7500115355479459
blend_p001,0.1,construction,100000,0.7500062520429966,0.7500543708522441,0.5641960814557405,0.7500062520429966,0.7500115352305902
blend_p001,0.1,construction,600000,0.7500062500697983,0.7500543688790013,0.5641973064762436,0.7500062500697983,0.7500115332574601
blend_p001,0.25,construction,0,1.0,1.0000571132837854,0.0,1.0,1.0
blend_p001,0.25,construction,2000,0.7500568828788814,0.7501050623002778,0.2447425627181794,0.7500568828788814,0.7500622237836342
blend_p001,0.25,construction,20000,0.7500565121790386,0.7501046915742513,0.24475953112132087,0.7500565121790386,0.7500618530787798
blend_p001,0.25,construction,100000,0.7500549435530082,0.750103122891127,0.24514696106493433,0.7500549435530082,0.750060284485243
blend_p001,0.25,construction,600000,0.7500475382978945,0.7500957172819045,0.2559055549468088,0.7500475382978945,0.750052879298955
blend_p001,0.5,construction,0,1.0,1.0000571132837854,0.0,1.0,1.0
blend_p001,0.5,construction,2000,0.7503793699806298,0.7504276941698358,0.13886901375796468,0.7503793699806298,0.7503848372276789
blend_p001,0.5,construction,20000,0.7503160407798114,0.7503643581625474,0.14385329544454564,0.7503160407798114,0.7503215048375114
blend_p001,0.5,construction,100000,0.7501623335095433,0.7502106218126571,0.20228487018163532,0.7501623335095433,0.7501677772675073
blend_p001,0.5,construction,600000,0.7500120250501874,0.7500601661622447,0.3970074709769892,0.7500120250501874,0.7500173302096205
blend_p001,1.0,construction,0,1.0,1.0000571132837854,0.0,1.0,1.0
blend_p001,1.0,construction,2000,0.7509442615386919,0.750992763403405,0.1012089945388795,0.7509442615386919,0.7509498741901318
blend_p001,1.0,construction,20000,0.7499764712634873,0.7500245167164404,0.1727801680578157,0.7499764712634873,0.7499816827997569
blend_p001,1.0,construction,100000,0.7499444736281387,0.7499923455912337,0.19074465741714502,0.7499444736281387,0.7499495135118438
blend_p001,1.0,construction,600000,0.7499104336597968,0.7499582707840622,0.24630901317724097,0.7499104336597968,0.7499154406506853
blend_p001,2.0,construction,0,1.0,1.0000571132837854,0.0,1.0,1.0
blend_p001,2.0,construction,2000,0.7496992529247367,0.7497473544627602,0.10072242133755736,0.7496992529247367,0.749704536374819
blend_p001,2.0,construction,20000,0.7458282800671295,0.7458757987162463,0.3105137629480098,0.7458282800671295,0.7458332017329391
blend_p001,2.0,construction,100000,0.7341549054506128,0.7342022792600649,1.2382174263009402,0.7341549054506128,0.7341603489517112
blend_p001,2.0,construction,600000,0.6836180916036676,0.6836695876572723,6.199120820279522,0.6836180916036676,0.68363054327205
blend_p001,3.2,construction,0,1.0,1.0000571132837854,0.0,1.0,1.0
blend_p001,3.2,construction,2000,0.7287278612750323,0.7287756133786916,0.22392214658604478,0.7287278612750323,0.728733992987346
blend_p001,3.2,construction,20000,0.6205374738156163,0.6205882113379724,1.5726436500140615,0.6205374738156163,0.6205527695315423
blend_p001,3.2,construction,100000,0.4777730853436424,0.4778312799579014,4.703079200344642,0.4777730853436424,0.47780399100296944
blend_p001,3.2,construction,600000,0.2963309450856043,0.2963755376184393,12.759101995874163,0.2963309450856043,0.29635861160495247
blend_p001,4.0,construction,0,1.0,1.0000571132837854,0.0,1.0,1.0
blend_p001,4.0,construction,2000,0.6789023786546582,0.67895039909038,0.38391407835203184,0.6789023786546582,0.6789116242181208
blend_p001,4.0,construction,20000,0.4655640206344407,0.46561979501553113,2.2285785564417364,0.4655640206344407,0.4655932034587734
blend_p001,4.0,construction,100000,0.3286985179607732,0.32874868026501847,4.896832602213719,0.3286985179607732,0.3287299054206414
blend_p001,4.0,construction,600000,0.17647327616382522,0.176503648217568,11.868078368363369,0.17647327616382522,0.17649356809032735
blend_p001,8.0,construction,0,1.0,1.0000571132837854,0.0,1.0,1.0
blend_p001,8.0,construction,2000,0.37588846568990664,0.3759407322790328,0.8074448695594584,0.37588846568990664,0.3759192622955249
blend_p001,8.0,construction,20000,0.1858772772901075,0.18591569013414025,2.1988253992009015,0.1858772772901075,0.18590507248497826
blend_p001,8.0,construction,100000,0.07659193509089238,0.07661279674303259,4.531877798603718,0.07659193509089238,0.0766084213845217
blend_p001,8.0,construction,600000,0.022393254249317786,0.02240176238737676,8.049911428188526,0.022393254249317786,0.02240048302223298
blend_p001,16.0,construction,0,1.0,1.0000571132837854,0.0,1.0,1.0
blend_p001,16.0,construction,2000,0.23190731481593724,0.23195455387272496,0.8378287264257385,0.23190731481593724,0.23194130694303997
blend_p001,16.0,construction,20000,0.06098451635484569,0.061006958195327435,2.0919315723616343,0.06098451635484569,0.06100347408660003
blend_p001,16.0,construction,100000,0.016968844928326374,0.01697861474177632,3.3284755208676797,0.016968844928326374,0.01697764509271413
blend_p001,16.0,construction,600000,0.003623513010862134,0.0036268194937568226,4.720075492538681,0.003623513010862134,0.0036266123660155824
blend_p010,0.1,construction,0,1.0,1.0000596351740263,0.0,1.0,1.0
blend_p010,0.1,construction,2000,0.7515963272389331,0.7516478208311487,0.5165481988440777,0.7515963272389331,0.7516029988555132
blend_p010,0.1,construction,20000,0.7500595256799969,0.7501101379503795,0.5641146856869627,0.7500595256799969,0.750065407669262
blend_p010,0.1,construction,100000,0.7500595250662209,0.7501101373365366,0.5641147510140863,0.7500595250662209,0.7500654070554558
blend_p010,0.1,construction,600000,0.7500595212404597,0.7501101335103622,0.5641171256136459,0.7500595212404597,0.7500654032295094
blend_p010,0.25,construction,0,1.0,1.0000596351740263,0.0,1.0,1.0
blend_p010,0.25,construction,2000,0.7503566588540069,0.7504073390715447,0.24455942463651828,0.7503566588540069,0.7503625910678435
blend_p010,0.25,construction,20000,0.7503558002996324,0.7504064803982455,0.24459834589152415,0.7503558002996324,0.7503617324457484
blend_p010,0.25,construction,100000,0.7503520638040566,0.7504027434335705,0.24551640925014206,0.7503520638040566,0.7503579957039147
blend_p010,0.25,construction,600000,0.7503311231451995,0.7503817998469013,0.2741261299450982,0.7503311231451995,0.7503370533661454
blend_p010,0.5,construction,0,1.0,1.0000596351740263,0.0,1.0,1.0
blend_p010,0.5,construction,2000,0.7512503196467968,0.7513011578818024,0.13873738443150319,0.7512503196467968,0.7512563565782395
blend_p010,0.5,construction,20000,0.7509719641056809,0.7510227586506338,0.15935510063235975,0.7509719641056809,0.7509779739484675
blend_p010,0.5,construction,100000,0.749928185925104,0.7499787932948287,0.3920687794670449,0.749928185925104,0.7499340708460056
blend_p010,0.5,construction,600000,0.7460581496204566,0.7461078082502467,1.738156817832991,0.7460581496204566,0.7460633166345245
blend_p010,1.0,construction,0,1.0,1.0000596351740263,0.0,1.0,1.0
blend_p010,1.0,construction,2000,0.7506106093219234,0.7506613055180104,0.12190646141990981,0.7506106093219234,0.7506165423698791
blend_p010,1.0,construction,20000,0.7431678405245502,0.7432164315320058,0.4251142329765218,0.7431678405245502,0.7431721123337552
blend_p010,1.0,construction,100000,0.7426203495168099,0.742668158692616,0.541907287795023,0.7426203495168099,0.742623872188762
blend_p010,1.0,construction,600000,0.7425595952352549,0.7426073491563505,0.5806728028011506,0.7425595952352549,0.7425630662786675
blend_p010,2.0,construction,0,1.0,1.0000596351740263,0.0,1.0,1.0
blend_p010,2.0,construction,2000,0.7427837849919268,0.7428323756187303,0.15982536676287853,0.7427837849919268,0.7427880793223552
blend_p010,2.0,construction,20000,0.7380733476880452,0.738120930569616,0.363426968765664,0.7380733476880452,0.7380769152243318
blend_p010,2.0,construction,100000,0.7261830410475256,0.7262301722828011,1.2692283427703808,0.7261830410475256,0.7261868660026713
blend_p010,2.0,construction,600000,0.6768317381906707,0.6768828806303997,6.135737659650502,0.6768317381906707,0.6768425170091095
blend_p010,3.2,construction,0,1.0,1.0000596351740263,0.0,1.0,1.0
blend_p010,3.2,construction,2000,0.7205794550950864,0.7206275826543516,0.24643760485574417,0.7205794550950864,0.7205846104657058
blend_p010,3.2,construction,20000,0.6141930196217593,0.614243600263944,1.5608555817931649,0.6141930196217593,0.6142069719242851
blend_p010,3.2,construction,100000,0.4746895561350888,0.4747473685936221,4.648241189427848,0.4746895561350888,0.4747190586399465
blend_p010,3.2,construction,600000,0.29412197631150827,0.2941662173341322,12.709811568613,0.29412197631150827,0.2941486757266656
blend_p010,4.0,construction,0,1.0,1.0000596351740263,0.0,1.0,1.0
blend_p010,4.0,construction,2000,0.6702990492944788,0.6703473777653234,0.396352435268062,0.6702990492944788,0.6703074038666427
blend_p010,4.0,construction,20000,0.4630129845218608,0.4630685434849602,2.1989866637573243,0.4630129845218608,0.4630409299585208
blend_p010,4.0,construction,100000,0.3268361176600943,0.3268859530441276,4.869665982309187,0.3268361176600943,0.3268664603058839
blend_p010,4.0,construction,600000,0.17520547054541563,0.17523560621825465,11.838608145323546,0.17520547054541563,0.17522515663554492
blend_p010,8.0,construction,0,1.0,1.0000596351740263,0.0,1.0,1.0
blend_p010,8.0,construction,2000,0.3756841482279504,0.3757365832843156,0.7986167673502288,0.3756841482279504,0.37571417750395597
blend_p010,8.0,construction,20000,0.18557494293547316,0.18561322319186616,2.196795697503921,0.18557494293547316,0.1856021547750665
blend_p010,8.0,construction,100000,0.07627593445194249,0.07629668861581337,4.531929325001052,0.07627593445194249,0.07629213892083199
blend_p010,8.0,construction,600000,0.022266876265354105,0.02227533136330745,8.040807067021806,0.022266876265354105,0.022274003049259344
blend_p010,16.0,construction,0,1.0,1.0000596351740263,0.0,1.0,1.0
blend_p010,16.0,construction,2000,0.23352779379086674,0.23357520738412618,0.8312833353026586,0.23352779379086674,0.23356127891661219
blend_p010,16.0,construction,20000,0.06102547252445012,0.06104788805318821,2.0964009068026987,0.06102547252445012,0.061044247668855176
blend_p010,16.0,construction,100000,0.016942130705193546,0.016951874750193358,3.3332491195551097,0.016942130705193546,0.01695086388247583
blend_p010,16.0,construction,600000,0.0036124682433644997,0.0036157624957748463,4.722237502055691,0.0036124682433644997,0.0036155468820073377
blend_p030,0.1,construction,0,1.0,1.0000619339367416,0.0,1.0,1.0
blend_p030,0.1,construction,2000,0.7517135435337848,0.7517675211792727,0.5163875619555658,0.7517135435337848,0.7517209641406323
blend_p030,0.1,construction,20000,0.750177878644303,0.7502309951019879,0.5639338954433666,0.750177878644303,0.7501845332205629
blend_p030,0.1,construction,100000,0.750177875647666,0.7502309921051553,0.5639342143168924,0.750177875647666,0.750184530223916
blend_p030,0.1,construction,600000,0.7501778569290254,0.7502309733852973,0.5639458326754997,0.7501778569290254,0.7501845115052173
blend_p030,0.25,construction,0,1.0,1.0000619339367416,0.0,1.0,1.0
blend_p030,0.25,construction,2000,0.7510215154635018,0.7510747138527438,0.24415382661935175,0.7510215154635018,0.7510281997197312
blend_p030,0.25,construction,20000,0.7510168255980463,0.7510700236668154,0.24436533756698364,0.7510168255980463,0.7510235098242665
blend_p030,0.25,construction,100000,0.7509960639811193,0.7510492606836429,0.249414211532162,0.7509960639811193,0.7510027481269476
blend_p030,0.25,construction,600000,0.7508688245406907,0.7509220127112484,0.38922308907225484,0.7508688245406907,0.7508755080350329
blend_p030,0.5,construction,0,1.0,1.0000619339367416,0.0,1.0,1.0
blend_p030,0.5,construction,2000,0.7530499923354089,0.7531033728371672,0.13936017655197025,0.7530499923354089,0.7530567330690985
blend_p030,0.5,construction,20000,0.7511693804404523,0.7512226370786932,0.2467050373920157,0.7511693804404523,0.7511761137847802
blend_p030,0.5,construction,100000,0.7434932903073486,0.7435460165611273,0.9973348709349923,0.7434932903073486,0.7434999686810996
blend_p030,0.5,construction,600000,0.7119059175580773,0.711955966070545,4.935523459110578,0.7119059175580773,0.7119118745655401
blend_p030,1.0,construction,0,1.0,1.0000619339367416,0.0,1.0,1.0
blend_p030,1.0,construction,2000,0.73896560544096,0.7390181435874387,0.21633927186176796,0.73896560544096,0.7389723761190423
blend_p030,1.0,construction,20000,0.6872902097766878,0.6873371187389411,1.1007968795966865,0.6872902097766878,0.687294551881642
blend_p030,1.0,construction,100000,0.6832356376917696,0.6832804832256472,1.4317510487058063,0.6832356376917696,0.6832381675961958
blend_p030,1.0,construction,600000,0.6830784549173857,0.6831232040297993,1.471054673000691,0.6830784549173857,0.6830808981406645
blend_p030,2.0,construction,0,1.0,1.0000619339367416,0.0,1.0,1.0
blend_p030,2.0,construction,2000,0.6856297339676021,0.6856765249285204,0.34346824218301414,0.6856297339676021,0.685634060911964
blend_p030,2.0,construction,20000,0.6781777471144599,0.6782226583778018,0.5420653938731395,0.6781777471144599,0.678180655979955
blend_p030,2.0,construction,100000,0.6660236344661499,0.6660674523245406,1.361166565553005,0.6660236344661499,0.6660262026998344
blend_p030,2.0,construction,600000,0.6221253464766268,0.6221726974348971,5.824930826334551,0.6221253464766268,0.6221341662168018
blend_p030,3.2,construction,0,1.0,1.0000619339367416,0.0,1.0,1.0
blend_p030,3.2,construction,2000,0.6616813871418411,0.6617274962055584,0.32818657182843597,0.6616813871418411,0.6616865153547736
blend_p030,3.2,construction,20000,0.5642549656870479,0.5643022164488369,1.5042509947301315,0.5642549656870479,0.5642672691554838
blend_p030,3.2,construction,100000,0.4399441337914064,0.4399976988804004,4.391617670202854,0.4399441337914064,0.43997044977839567
blend_p030,3.2,construction,600000,0.2719404368966391,0.2719812994809848,12.220705986692062,0.2719404368966391,0.27196445565159255
blend_p030,4.0,construction,0,1.0,1.0000619339367416,0.0,1.0,1.0
blend_p030,4.0,construction,2000,0.6128719005492074,0.6129180518146847,0.43795325167194266,0.6128719005492074,0.612880093737729
blend_p030,4.0,construction,20000,0.43016934788205496,0.4302211558327341,2.0747338025830904,0.43016934788205496,0.4301945121930294
blend_p030,4.0,construction,100000,0.30348010025865946,0.3035262799700743,4.6674493807602175,0.30348010025865946,0.30350748255684906
blend_p030,4.0,construction,600000,0.16209632502490778,0.16212416609350666,11.419565422281229,0.16209632502490778,0.16211412572749895
blend_p030,8.0,construction,0,1.0,1.0000619339367416,0.0,1.0,1.0
blend_p030,8.0,construction,2000,0.35335995579216,0.3534096680384576,0.7650217322832904,0.35335995579216,0.3533877813419627
blend_p030,8.0,construction,20000,0.1739693892385622,0.17400512050657052,2.1315335071374615,0.1739693892385622,0.17399434435185404
blend_p030,8.0,construction,100000,0.07108403045642933,0.07110332485035506,4.398910495287137,0.07108403045642933,0.0710989214142538
blend_p030,8.0,construction,600000,0.020676622140254067,0.020684462370376674,7.780878487282732,0.020676622140254067,0.0206831813795295
blend_p030,16.0,construction,0,1.0,1.0000619339367416,0.0,1.0,1.0
blend_p030,16.0,construction,2000,0.22341978237489651,0.22346478501424105,0.7999353758783955,0.22341978237489651,0.22345094581749794
blend_p030,16.0,construction,20000,0.05751808824511661,0.057539124073141226,2.0475872516461116,0.05751808824511661,0.05753556066936634
blend_p030,16.0,construction,100000,0.015884384257027595,0.01589349706970633,3.246727472002791,0.015884384257027595,0.015892512783824912
blend_p030,16.0,construction,600000,0.0033751812208193607,0.0033782543539815314,4.587527947078137,0.0033751812208193607,0.003378045138347623
