bundle,target,seed,kappa,step,scaled_hessian_max,scaled_hessian_min,largest_mode_update_eigenvalue,readout_l2,top_mode_slope_fraction,top_mode_hidden_bias_fraction,top_mode_readout_fraction,top_mode_output_bias_fraction
core_N128_s0,sine,0,1.0,20000,0.01018896506608163,-3.214403915027387e-06,0.9898110349339184,1.4637867620168592,2.9840410933965586e-05,0.4073809408073763,0.39630256147857734,0.19628665730311165
core_N128_s0,sine,0,100.0,20000,0.6145662702591013,-2.4871904450369762e-05,0.38543372974089873,1.5940837276731774,5.169599357476617e-07,0.008018084898446232,0.6665579809006148,0.32542341724100454
core_N128_s0,runge,0,1.0,20000,0.010144760530801735,-1.861411311313139e-05,0.9898552394691983,1.4504777015446504,3.2014576525875314e-05,0.4015362712405323,0.4012842195097016,0.19714749467324008
core_N128_s0,runge,0,100.0,20000,0.6819215155134172,-0.00020359604186623095,0.3180784844865828,4.697581957198379,5.3892583650929946e-05,0.05838881415686693,0.648369084742446,0.29318820851703625
core_N128_s0,moment3,0,1.0,20000,0.01037997113201874,-1.3990361129280932e-05,0.9896200288679813,1.49389901708543,2.5718094486641486e-05,0.4169875347424254,0.3903142394022239,0.1926725077608643
core_N128_s0,moment3,0,100.0,20000,0.6225673754920849,-0.00019224290342909794,0.37743262450791515,2.680641880119149,1.892291535079381e-06,0.022262581730069647,0.6565032641974474,0.32123226178094866
core_N128_s0,moment5,0,1.0,20000,0.010340299387679596,-1.9302117361530068e-07,0.9896597006123204,1.4879286333971846,2.6813409222025483e-05,0.41502073070048895,0.3915420521663463,0.1934104037239419
core_N128_s0,moment5,0,100.0,20000,0.6138424694626677,-4.3251094094419056e-07,0.38615753053733226,1.5083160269510654,4.145506947902028e-07,0.007193008903232536,0.6669997162765804,0.32580686026949257
core_N128_s0,moment9,0,1.0,20000,0.010340468669737188,-3.1042594085089103e-08,0.9896595313302629,1.4879505117459941,2.6803076197325685e-05,0.41502765430074406,0.39153829055354206,0.1934072520695171
core_N128_s0,moment9,0,100.0,20000,0.6138431967208744,-1.208060195728249e-07,0.3861568032791256,1.5081187291775426,4.1378985112696017e-07,0.007191137101504357,0.6670019912823955,0.3258064578262497
core_N128_s0,sine,0,1.0,100000,0.010212691189119391,-3.580017551402806e-06,0.9897873088108806,1.4656129175086863,2.7134431428862458e-05,0.407732233934644,0.39641033336870246,0.19583029826522538
core_N128_s0,sine,0,100.0,100000,0.7059191456788243,-3.230832773605254e-05,0.2940808543211757,8.312769322112837,8.1933705361102e-06,0.14067152930690838,0.576104806791097,0.28321547053145685
core_N128_s0,runge,0,1.0,100000,0.011616065738079658,-4.800942728685739e-05,0.9883839342619204,1.6247911424269639,0.0007397427096957876,0.4156755983468471,0.4115214353219162,0.17206322362154144
core_N128_s0,runge,0,100.0,100000,0.7076826256761654,-1.617550788048589e-05,0.29231737432383464,5.3982946991974705,0.0003955707458223905,0.0663481435113461,0.6512971953432684,0.2819590903995638
core_N128_s0,moment3,0,1.0,100000,0.010731086402614425,-3.611579525200441e-05,0.9892689135973856,1.5557573139732461,2.8619515403199887e-05,0.4373470126889144,0.3762541680584862,0.18637019973719632
core_N128_s0,moment3,0,100.0,100000,1.1004387580253154,-2.155952456677637e-06,-0.10043875802531543,19.82148714776537,1.7715869685842787e-05,0.4557835416576509,0.3637355820244063,0.1804631604482564
core_N128_s0,moment5,0,1.0,100000,0.010339601297565034,-1.9448883526292842e-07,0.9896603987024349,1.4878397075368408,2.6710350404918907e-05,0.41499620069811255,0.3915534822155644,0.19342360673591869
core_N128_s0,moment5,0,100.0,100000,0.6138381168176321,-4.4076497576420226e-07,0.3861618831823679,1.5088070962291567,4.1506942216085674e-07,0.007197752968890887,0.6669927517151863,0.32580908024650146
core_N128_s0,moment9,0,1.0,100000,0.010340485154856735,-3.048946419950828e-08,0.9896595148451433,1.4879548347337541,2.6661962235320436e-05,0.4150327112283826,0.39153350824769306,0.19340711856168846
core_N128_s0,moment9,0,100.0,100000,0.6138406754157412,-9.593949992528993e-08,0.38615932458425883,1.5075637701978564,4.1107698397531377e-07,0.007185988083772355,0.6670059540440632,0.3258076467951804
core_N128_s0,sine,0,1.0,600000,0.012045497920458071,-5.878122079362246e-05,0.9879545020795419,1.865356609409061,4.3529375227736045e-05,0.5008663684455089,0.33322849774614915,0.1658616044331143
core_N128_s0,sine,0,100.0,600000,1.9913667943329165,-3.2093073569633538e-06,-0.9913667943329165,38.48958465766593,8.41169690707685e-06,0.7147842625784898,0.1901113152552074,0.09509601046939682
core_N128_s0,runge,0,1.0,600000,0.011966381073385081,-1.7786665622053507e-06,0.9880336189266149,2.158371747172399,0.001552245749419316,0.41943908906150223,0.41396626959017024,0.16504239559890754
core_N128_s0,runge,0,100.0,600000,0.685403801250313,-2.299601998421634e-06,0.31459619874968703,8.71424331354323,0.0005125885818122346,0.066937780797041,0.6476923860386834,0.2848572445824631
core_N128_s0,moment3,0,1.0,600000,0.05761089694344229,-4.423959304976558e-07,0.9423891030565577,8.031020503319887,0.020576992221022612,0.8770694230697016,0.06983060454062923,0.032522980168646444
core_N128_s0,moment3,0,100.0,600000,2.0000003124599757,-0.0011343365650219334,-1.0000003124599757,32.57435945938366,1.3890596153618427e-05,0.7376152598997461,0.1637995609817725,0.09857128852232876
core_N128_s0,moment5,0,1.0,600000,0.010335479367133823,-2.0464885679768984e-07,0.9896645206328661,1.4873172975543933,2.6139132662020778e-05,0.41484859852025496,0.3916236925553537,0.19350156979172917
core_N128_s0,moment5,0,100.0,600000,0.6138710604987399,-5.176041111717322e-07,0.38612893950126015,1.5236549290273758,4.377061658155415e-07,0.007338594976590214,0.6668694164121652,0.32579155090507844
core_N128_s0,moment9,0,1.0,600000,0.010340809268792139,-2.7305389732863312e-08,0.9896591907312079,1.4880026465970408,2.5884879973317018e-05,0.4150646600579757,0.3915074420105677,0.1934020130514838
core_N128_s0,moment9,0,100.0,600000,0.613847249218675,-4.7974997506946016e-08,0.38615275078132505,1.5072239492884685,4.0413321377054107e-07,0.007182864024223349,0.667012875550071,0.3258038562924918
core_N128_s1,sine,1,1.0,20000,0.009839539050052932,-4.576899848319729e-06,0.990160460949947,1.4344406737804358,8.951008522279683e-05,0.40505570222577914,0.3917165542731148,0.20313823341588416
core_N128_s1,sine,1,100.0,20000,0.5915043159757971,-2.6844553436153214e-05,0.4084956840242029,1.6111133912629731,5.006013774944036e-06,0.008491170096201591,0.6539865657273072,0.33751725816271666
core_N128_s1,runge,1,1.0,20000,0.009765781680316547,-1.6156715644073335e-05,0.9902342183196835,1.416765637180461,9.846740029716703e-05,0.39828824340468916,0.3969546016083232,0.20465868758669026
core_N128_s1,runge,1,100.0,20000,0.6587056970731934,-0.00019526857257593042,0.3412943029268066,4.705849954679295,0.00010120825404103059,0.06047867725860417,0.6363130861206373,0.30310702836671766
core_N128_s1,moment3,1,1.0,20000,0.01004412122720887,-1.1937251744251883e-05,0.9899558787727911,1.464129097266459,0.00014570730559404336,0.41335427183613593,0.3875965283955207,0.19890349246274946
core_N128_s1,moment3,1,100.0,20000,0.6028814485974748,-0.0001638741141899223,0.39711855140252517,2.9542423127888395,2.0072470067046147e-05,0.027935573934709877,0.6410617899255298,0.33098256366969353
core_N128_s1,moment5,1,1.0,20000,0.01001412343562949,-3.5362078888949583e-07,0.9899858765643705,1.4607134800761725,0.00014375486153060245,0.41227424220816744,0.3880774992469777,0.1995045036833251
core_N128_s1,moment5,1,100.0,20000,0.5908438381175909,-4.922319960113466e-07,0.4091561618824091,1.5061789460118005,4.700803130351493e-06,0.0074373686317192435,0.6547018297333874,0.33785610083176226
core_N128_s1,moment9,1,1.0,20000,0.010014309983080994,-2.887403630883966e-08,0.989985690016919,1.4607285837999922,0.0001437338929280807,0.4122784217383052,0.3880770266101307,0.19950081775863607
core_N128_s1,moment9,1,100.0,20000,0.5908485842231782,-8.389011385470024e-08,0.4091514157768218,1.5062208826847876,4.7004457638637475e-06,0.007437936686528246,0.6547040217808942,0.3378533410868138
core_N128_s1,sine,1,1.0,100000,0.009882260347787337,-5.541866661603383e-06,0.9901177396522126,1.4409089624662845,7.171995383408665e-05,0.4071682264080622,0.3904693251962071,0.20229072844189572
core_N128_s1,sine,1,100.0,100000,0.6452610380804867,-2.3070654551531084e-05,0.35473896191951326,6.58610547645748,5.773857297263512e-05,0.09577105461772167,0.5948734252807525,0.30929778152855314
core_N128_s1,runge,1,1.0,100000,0.010578232602074439,-4.291138933873024e-05,0.9894217673979255,1.5129867234469054,0.00042496548859415826,0.4073581748559224,0.4032680923548705,0.18894876730061283
core_N128_s1,runge,1,100.0,100000,0.6637134391902446,-1.3113707849747568e-05,0.3362865608097554,5.793939341228199,0.0003879523084347452,0.07819914809604571,0.6207855480065592,0.30062735158896137
core_N128_s1,moment3,1,1.0,100000,0.010331735282345232,-2.32284282309917e-05,0.9896682647176548,1.5121957396227663,0.00017966901219545448,0.4290480963012605,0.37745487298043134,0.19331736170611338
core_N128_s1,moment3,1,100.0,100000,1.0847270529751802,-6.15976092855473e-06,-0.08472705297518024,19.913421021032654,0.00012311232194211837,0.47136953790592906,0.3456081591358684,0.18289919063626062
core_N128_s1,moment5,1,1.0,100000,0.01001377111294623,-3.599166640413934e-07,0.9899862288870538,1.4607034554097715,0.00014328681525035093,0.41227437987193133,0.38806985780974046,0.19951247550307757
core_N128_s1,moment5,1,100.0,100000,0.5908365247265104,-5.054723842209632e-07,0.4091634752734896,1.507272778561553,4.714868169111145e-06,0.007447587362848611,0.6546865423203281,0.337861155448654
core_N128_s1,moment9,1,1.0,100000,0.010014770235418791,-2.8328246815122096e-08,0.9899852297645813,1.4607883773776256,0.0001431909062570155,0.4122984899465699,0.3880656653700687,0.19949265377710398
core_N128_s1,moment9,1,100.0,100000,0.590858375885267,-7.171728237969189e-08,0.409141624114733,1.5071119025068258,4.710275242091394e-06,0.007446813104604653,0.6547001488498335,0.33784832777031976
core_N128_s1,sine,1,1.0,600000,0.011790489994321024,-8.746293757515678e-06,0.988209510005679,2.360890696542106,0.00012931756787495227,0.5197487879909817,0.3106740992704331,0.16944779517071185
core_N128_s1,sine,1,100.0,600000,1.5313142679026828,-4.464000755726724e-06,-0.5313142679026828,31.465519039008786,0.010192200591526281,0.6047909061331719,0.2580640938105922,0.12695279946471086
core_N128_s1,runge,1,1.0,600000,0.01085375178454975,-6.746913627382343e-07,0.9891462482154503,2.5334538270470137,0.0006045048223885744,0.4616272159255396,0.35522073359636963,0.18254754565570233
core_N128_s1,runge,1,100.0,600000,0.6220445086186572,-1.7380539503490622e-06,0.37795549138134277,8.184996377193288,0.0002964659865238947,0.03768784477966478,0.6570310254082865,0.30498466382552497
core_N128_s1,moment3,1,1.0,600000,0.07005752170076447,-3.0005567231776634e-06,0.9299424782992355,8.453567099667982,4.3816340363374246e-05,0.9267233384206313,0.0472382158605177,0.025994629378486626
core_N128_s1,moment3,1,100.0,600000,1.999884419929083,-0.001149293612145785,-0.9998844199290831,32.446188392448384,7.191721033000161e-05,0.7498128616212687,0.15139697986521083,0.09871824130318994
core_N128_s1,moment5,1,1.0,600000,0.010011490470509324,-4.0588204230225664e-07,0.9899885095294907,1.4606453409681204,0.00014056716707874802,0.4122723440386189,0.38802354622852997,0.1995635425657729
core_N128_s1,moment5,1,100.0,600000,0.5908217496737692,-5.915222022508317e-07,0.4091782503262308,1.5230905538911659,4.847380131177718e-06,0.007599519821677577,0.6545231761191905,0.33787245667900095
core_N128_s1,moment9,1,1.0,600000,0.01001756999802564,-2.5335283257675032e-08,0.9899824300019744,1.4611445671740828,0.00014017519841786453,0.412414099229521,0.38800324931974917,0.1994424762523124
core_N128_s1,moment9,1,100.0,600000,0.59088957310244,-5.2264186820822575e-08,0.40911042689756005,1.5093381188691555,4.725937774124326e-06,0.007469515685403799,0.6546952096797223,0.3378305486970993
core_N128_s2,sine,2,1.0,20000,0.009817664935460031,-3.6762834750027543e-06,0.99018233506454,1.433894372649792,0.00010874806763687895,0.4065066994867477,0.38981578922999716,0.20356876321561826
core_N128_s2,sine,2,100.0,20000,0.5879993810961095,-2.513024014339723e-05,0.4120006189038905,1.5788417925563103,5.8526473755368386e-06,0.008233538254375606,0.6522732155758633,0.3394873935223853
core_N128_s2,runge,2,1.0,20000,0.009791763511710412,-1.53337622286767e-05,0.9902082364882896,1.421381519401061,0.00011661589148339579,0.4002080542921619,0.3955772296352937,0.20409810018106092
core_N128_s2,runge,2,100.0,20000,0.652014122854209,-0.00020006532414055316,0.347985877145791,4.577980617287498,0.00010314762173067671,0.058174604873532716,0.6354924926279183,0.30622975487681675
core_N128_s2,moment3,2,1.0,20000,0.010022283512085946,-1.3863896369596921e-05,0.9899777164879141,1.4661653481729737,9.070280132325816e-05,0.4162615077441024,0.38419249275321726,0.19945529670135617
core_N128_s2,moment3,2,100.0,20000,0.599573010201021,-0.00020018120119897178,0.40042698979897895,2.9493617764759716,1.8392778807268614e-05,0.02795615096823484,0.6391907333763471,0.3328347228766109
core_N128_s2,moment5,2,1.0,20000,0.009987025394779513,-2.6030499438213344e-07,0.9900129746052205,1.4615260248435515,9.2207255169812e-05,0.4148081485193756,0.38494143340932163,0.2001582108161339
core_N128_s2,moment5,2,100.0,20000,0.5874997479633107,-4.877668446447488e-07,0.4125002520366893,1.5118968615959136,5.257326328130138e-06,0.007543457481898407,0.6526846507326621,0.33976663445911054
core_N128_s2,moment9,2,1.0,20000,0.009987213521561258,-4.236348114485646e-08,0.9900127864784387,1.4615454303929074,9.222092875489463e-05,0.4148136274391441,0.38493973531289055,0.2001544163192104
core_N128_s2,moment9,2,100.0,20000,0.5875044993882395,-2.6741439687211316e-07,0.41249550061176055,1.5120985395273598,5.2533743254681105e-06,0.007545451064052822,0.6526856316231711,0.3397636639384506
core_N128_s2,sine,2,1.0,100000,0.00985079599809197,-4.137791366356331e-06,0.990149204001908,1.4383156413260083,9.895225219429279e-05,0.407974300244237,0.3890273213188487,0.20289942618471996
core_N128_s2,sine,2,100.0,100000,0.6732961348402062,-3.681908732841116e-05,0.32670386515979377,8.126259941417116,0.00010818301203538559,0.1392035781259439,0.5644942917099608,0.29619394715205977
core_N128_s2,runge,2,1.0,100000,0.01083192459950306,-3.771695635708219e-05,0.9891680754004969,1.530145430418322,0.00027702674476696326,0.409660248957773,0.4055803526257179,0.18448237167174206
core_N128_s2,runge,2,100.0,100000,0.6656284837360706,-1.8575349779069137e-05,0.33437151626392936,5.330637611174635,0.0004329787890573927,0.06942910755745459,0.6297983940390921,0.30033951961439637
core_N128_s2,moment3,2,1.0,100000,0.010335421487344162,-3.090427254064804e-05,0.9896645785126559,1.518882856814578,9.405578622838682e-05,0.43329703243766726,0.3732006387775075,0.19340827299859484
core_N128_s2,moment3,2,100.0,100000,1.087420004808018,-7.993259374670321e-06,-0.08742000480801804,19.980177666711057,0.000119342883653079,0.4730471076296336,0.34438845298631715,0.1824450965003956
core_N128_s2,moment5,2,1.0,100000,0.009986123368241728,-2.6310364670807313e-07,0.9900138766317583,1.461427430336136,9.295490335445181e-05,0.4147824382885008,0.38494957318281664,0.20017503362532688
core_N128_s2,moment5,2,100.0,100000,0.5874690190033199,-4.3728068340775557e-07,0.41253098099668006,1.509183818970297,5.234832810237489e-06,0.0075171119166294945,0.6526966391288883,0.33978101412167216
core_N128_s2,moment9,2,1.0,100000,0.009987125303405696,-4.128159415572216e-08,0.9900128746965943,1.4615334877584691,9.301168832303031e-05,0.41481285311701865,0.38493933599161895,0.20015479920303808
core_N128_s2,moment9,2,100.0,100000,0.5874908042991208,-2.0130600840033143e-07,0.4125091957008792,1.5098743473221732,5.214288120686273e-06,0.007523939534259628,0.6527033228044361,0.33976752337318317
core_N128_s2,sine,2,1.0,600000,0.015827624928848497,-2.8895518242319562e-05,0.9841723750711515,2.722738851516139,0.00019890298145227914,0.6435713884463456,0.23035949338293263,0.1258702151892693
core_N128_s2,sine,2,100.0,600000,1.8080957079018967,-3.246375969127703e-06,-0.8080957079018967,35.7225596897693,3.327368257098561e-05,0.6973538290354534,0.19696033616435887,0.10565256111761681
core_N128_s2,runge,2,1.0,600000,0.011897724746043342,-2.0346095811945494e-06,0.9881022752539567,2.5391857835611944,0.0013493655178554074,0.47504999259399827,0.3582113882520801,0.16538925363606588
core_N128_s2,runge,2,100.0,600000,0.6421823658018565,-2.2511948307798186e-06,0.3578176341981435,8.404376736803313,0.000504940100975826,0.07446557584434013,0.6162708876930025,0.3087585963616817
core_N128_s2,moment3,2,1.0,600000,0.07276953470577986,-1.8415349941066588e-05,0.9272304652942202,8.231114186899106,0.001294248714543382,0.9254188644389936,0.04766859407915612,0.02561829276730658
core_N128_s2,moment3,2,100.0,600000,2.0000989069204786,-0.0010933176300800805,-1.0000989069204786,32.0931860830619,7.594195418357071e-05,0.7466718719428482,0.1544052031260819,0.09884698297688639
core_N128_s2,moment5,2,1.0,600000,0.009980882192279805,-2.828696399719669e-07,0.9900191178077202,1.4608576227374375,9.75704497315033e-05,0.41462578072601786,0.38500423641943815,0.20027241240481236
core_N128_s2,moment5,2,100.0,600000,0.5874369513206982,-5.174409177179721e-07,0.4125630486793018,1.5163199944837777,5.349173032620925e-06,0.007587247794883582,0.6526157362901419,0.33979166674194183
core_N128_s2,moment9,2,1.0,600000,0.009987020467805701,-3.5628361856187394e-08,0.9900129795321942,1.4614999785526614,9.763572978851935e-05,0.4148094694587401,0.3849440801912209,0.2001488146202507
core_N128_s2,moment9,2,100.0,600000,0.5875074428121887,-5.745723741723397e-08,0.4124925571878113,1.5093404811687503,5.148690734625441e-06,0.007518756719819443,0.6527266018614362,0.33974949272801
core_N128_s3,sine,3,1.0,20000,0.009460610886443666,-3.509760766637279e-06,0.9905393891135563,1.3897967015288482,2.4725746297659536e-05,0.3963841940688867,0.39218947943502697,0.2114016007497887
core_N128_s3,sine,3,100.0,20000,0.5765258692248791,-2.3873350522261942e-05,0.42347413077512086,1.57140419760122,4.3933707356936775e-07,0.008322529062097406,0.6447730420563871,0.346903989544443
core_N128_s3,runge,3,1.0,20000,0.009434674289277136,-1.664285649840069e-05,0.9905653257107229,1.3761846560409523,2.6479553124934024e-05,0.3897310358330095,0.3982579648696822,0.211984519744183
core_N128_s3,runge,3,100.0,20000,0.6267667217435342,-0.00015353439224312886,0.3732332782564658,4.040452034386464,1.8588921914866447e-05,0.04867143653751688,0.6322221732934693,0.31908780124709796
core_N128_s3,moment3,3,1.0,20000,0.009677838300422547,-1.2150716678632891e-05,0.9903221616995774,1.4223303662835338,2.404092428074884e-05,0.4061002252071513,0.38722362172282204,0.206652112145747
core_N128_s3,moment3,3,100.0,20000,0.584806108898354,-0.00014663554780830533,0.41519389110164595,2.6547746107455055,1.834434781841544e-06,0.023338600283476806,0.6346695503124505,0.34199001496929043
core_N128_s3,moment5,3,1.0,20000,0.009649613379413233,-2.386579957311223e-07,0.9903503866205867,1.4185897129423966,2.6089173471500308e-05,0.4048626589962193,0.38785712150391594,0.207254130326394
core_N128_s3,moment5,3,100.0,20000,0.5758059388589974,-5.618369148609362e-07,0.42419406114100255,1.4643400334838894,3.728280782060866e-07,0.00724220173772075,0.6454197157324763,0.3473377097017247
core_N128_s3,moment9,3,1.0,20000,0.009649755396039253,-4.801737166380193e-08,0.9903502446039607,1.418604528779137,2.608090527017369e-05,0.4048670700165232,0.3878557588504763,0.2072510902277308
core_N128_s3,moment9,3,100.0,20000,0.575805662048585,-2.2296256611334727e-07,0.42419433795141503,1.4639251017689277,3.723008085808489e-07,0.007238145656139084,0.6454236047947823,0.3473378772482702
core_N128_s3,sine,3,1.0,100000,0.009494880486217761,-4.007370947297125e-06,0.9905051195137823,1.3942640502210855,2.2464712689256562e-05,0.39771886695329567,0.3916201649066508,0.21063850342736404
core_N128_s3,sine,3,100.0,100000,0.6664491903974303,-0.0002925023634070968,0.33355080960256966,7.479457686737238,2.1588992670441043e-05,0.1485285231103274,0.551378885394141,0.3000710025028607
core_N128_s3,runge,3,1.0,100000,0.01037675177809165,-4.380822504355684e-05,0.9896232482219084,1.484462469725786,0.00030865342283074653,0.40010956625195016,0.406874820864065,0.19270695946115451
core_N128_s3,runge,3,100.0,100000,0.6914229440465902,-1.1595951601348928e-05,0.3085770559534098,6.231869211223272,0.0003935098500384056,0.09218438080754951,0.6184680119832919,0.2889540973591189
core_N128_s3,moment3,3,1.0,100000,0.009913251452414869,-2.1648008205918116e-05,0.9900867485475852,1.4633425902261628,2.3202369102721327e-05,0.4200407270102114,0.37818853291308907,0.2017475377075945
core_N128_s3,moment3,3,100.0,100000,1.077017418769337,-9.294337485838476e-06,-0.0770174187693371,19.798819539614872,2.686758774443179e-05,0.4805951043531316,0.33488717316920413,0.18449085488991956
core_N128_s3,moment5,3,1.0,100000,0.009649084729757701,-2.4109796943137e-07,0.9903509152702423,1.4185406800824867,2.5963575147513744e-05,0.4048537674864548,0.3878544779483696,0.20726579099003004
core_N128_s3,moment5,3,100.0,100000,0.5758032644716409,-5.222628627313121e-07,0.4241967355283591,1.4653652300496154,3.764899811359956e-07,0.007252261271202414,0.6454080467344478,0.3473393155043691
core_N128_s3,moment9,3,1.0,100000,0.009649843417845142,-4.7205055128908646e-08,0.9903501565821549,1.418622359594442,2.5927576410376143e-05,0.40487846980788544,0.38784610308109857,0.20724949953460567
core_N128_s3,moment9,3,100.0,100000,0.5758001662957436,-1.7169714850643445e-07,0.4241998337042564,1.4629450747418855,3.7363231348690674e-07,0.007228626044566123,0.6454298132102357,0.3473411871128844
core_N128_s3,sine,3,1.0,600000,0.013315763052287518,-1.0528038281077694e-05,0.9866842369477125,2.675111433896139,9.733838207744973e-05,0.581285855379307,0.268826657004802,0.14979014923381412
core_N128_s3,sine,3,100.0,600000,1.9999352892746254,-0.0013051705799684268,-0.9999352892746254,40.295304323992504,1.028336117003169e-05,0.7640196438321354,0.14248351406313225,0.09348655874356283
core_N128_s3,runge,3,1.0,600000,0.01086867855890315,-1.0105835723880106e-06,0.9891313214410968,2.2125352824584477,0.001187308295520851,0.4495640473944864,0.36713544861088654,0.1821131956991056
core_N128_s3,runge,3,100.0,600000,0.6695527370228855,-2.3393915642651216e-06,0.33044726297711446,9.564968316046416,0.0006941018277591974,0.08422492333895223,0.6241889349536542,0.2908920398796336
core_N128_s3,moment3,3,1.0,600000,0.07230922794481652,-1.6272351711359976e-05,0.9276907720551835,8.271578370725138,5.76717336340106e-05,0.9296779794369753,0.04462589182988445,0.025638456999507203
core_N128_s3,moment3,3,100.0,600000,1.9458377152173427,-3.4551507540434946e-07,-0.9458377152173427,32.60972752693737,0.017321250438373844,0.6706301001471013,0.21147873396503036,0.1005699154494943
core_N128_s3,moment5,3,1.0,600000,0.00964612758314172,-2.5830039348544075e-07,0.9903538724168582,1.4182719054187214,2.5327569054944134e-05,0.40479836348276443,0.3878453096064568,0.2073309993417238
core_N128_s3,moment5,3,100.0,600000,0.5758811505677249,-4.80560114945501e-07,0.42411884943227507,1.487896232224611,4.061791729463373e-07,0.007473569746606089,0.6452337680455195,0.34729225602870156
core_N128_s3,moment9,3,1.0,600000,0.00965069634457742,-4.254096079361235e-08,0.9903493036554226,1.4187565406399405,2.5127006848324434e-05,0.40494576730866433,0.387796337762364,0.20723276792212253
core_N128_s3,moment9,3,100.0,600000,0.5758172843911257,-5.9292521232484474e-08,0.42418271560887433,1.462888160637074,3.7937286328803625e-07,0.007227654767837198,0.6454411453935227,0.3473308204657769
core_N128_s4,sine,4,1.0,20000,0.009726362594646118,-3.027542289963983e-06,0.9902736374053539,1.3906333151212917,3.124604298122803e-05,0.3858881158078624,0.4084625556696407,0.20561808247951632
core_N128_s4,sine,4,100.0,20000,0.6025882813314991,-2.1170712550508403e-05,0.3974117186685009,1.515108329371476,5.626648005965357e-07,0.007399941533897585,0.6607080377327186,0.33189145806858356
core_N128_s4,runge,4,1.0,20000,0.009703583685316484,-1.4285890971634336e-05,0.9902964163146836,1.379350679370979,3.306565660620647e-05,0.3802479775624978,0.4136130335053443,0.2061059232755506
core_N128_s4,runge,4,100.0,20000,0.6666025048314455,-0.00017272683402558986,0.33339749516855455,4.521867814649145,3.159769263917925e-05,0.05670405778567111,0.6432394843580105,0.3000248601636788
core_N128_s4,moment3,4,1.0,20000,0.009943896433262003,-1.3554536641090651e-05,0.990056103566738,1.42539326724164,2.840775719393443e-05,0.39594722949334527,0.4028967666256025,0.20112759612385753
core_N128_s4,moment3,4,100.0,20000,0.6153448467562709,-0.00021371665605951373,0.3846551532437291,2.9763540365453443,1.9183847546086072e-06,0.02782357341959805,0.6471610213079846,0.32501348688766357
core_N128_s4,moment5,4,1.0,20000,0.00989865989331286,-1.9268061727496375e-07,0.9901013401066872,1.419295609844472,3.089138023976902e-05,0.39415350352822953,0.40377044641694093,0.20204515867458966
core_N128_s4,moment5,4,100.0,20000,0.602228739995499,-5.060699302267274e-07,0.397771260004501,1.454981384458957,5.888247986592243e-07,0.006811954453161009,0.6610974721357614,0.3320899845862791
core_N128_s4,moment9,4,1.0,20000,0.0098988842022195,-5.925079345493999e-08,0.9901011157977805,1.4193191005841226,3.087735670554425e-05,0.3941588652415468,0.4037696616064714,0.20204059579527658
core_N128_s4,moment9,4,100.0,20000,0.6022372685288514,-2.5382130482573875e-07,0.3977627314711486,1.4555130268806469,5.878387810234694e-07,0.006816970522247199,0.661097167130046,0.3320852745089263
core_N128_s4,sine,4,1.0,100000,0.009750762326453622,-3.372713195441602e-06,0.9902492376735463,1.393498778943585,3.055767777073034e-05,0.38687502422639874,0.4079925403570436,0.20510187773878782
core_N128_s4,sine,4,100.0,100000,0.6323130189257246,-8.985479008040037e-05,0.36768698107427544,4.433511614133443,1.1426102629245395e-05,0.059449329051609226,0.6242450586973989,0.31629418614836186
core_N128_s4,runge,4,1.0,100000,0.010707201337576234,-3.306067395472958e-05,0.9892927986624238,1.4889456033619912,0.00018210253930159783,0.3924751330358538,0.42054439678236827,0.18679836764247715
core_N128_s4,runge,4,100.0,100000,0.7212410836173958,-1.174835749396267e-05,0.2787589163826042,6.0029983016548245,0.00040032154718673985,0.083102202037003,0.6394238954368541,0.2770735809789561
core_N128_s4,moment3,4,1.0,100000,0.01035431935855781,-3.129740751367773e-05,0.9896456806414422,1.4960319985725616,2.757377299735419e-05,0.418700329461379,0.38811943841488666,0.19315265835073842
core_N128_s4,moment3,4,100.0,100000,1.0978391566615378,-8.256888252542739e-06,-0.09783915666153775,19.913777964026238,1.91364521740595e-05,0.4630414890206818,0.3560659066934573,0.18087346783368635
core_N128_s4,moment5,4,1.0,100000,0.009898028495121917,-1.9384247814181286e-07,0.9901019715048781,1.4192424291052625,3.09511504178254e-05,0.39414909280452626,0.40376184180030394,0.2020581142447517
core_N128_s4,moment5,4,100.0,100000,0.6022057366063427,-4.5486533193634733e-07,0.3977942633936573,1.4536025717582783,5.862442831397473e-07,0.0067989863087183095,0.6610982357465918,0.33210219170040667
core_N128_s4,moment9,4,1.0,100000,0.009899197710795279,-5.7895295621468267e-08,0.9901008022892047,1.4193671334440547,3.088856222038225e-05,0.3941782474242065,0.4037565912647779,0.20203427274879607
core_N128_s4,moment9,4,100.0,100000,0.6022471395845523,-1.752869917077565e-07,0.39775286041544766,1.4560258335540661,5.817319212346931e-07,0.00682185686662895,0.6610982060279609,0.3320793553734886
core_N128_s4,sine,4,1.0,600000,0.01092810328382674,-4.238669761920662e-05,0.9890718967161732,1.6230802227772052,7.16050341930951e-05,0.4602566803938461,0.35668948322383476,0.1829822313481256
core_N128_s4,sine,4,100.0,600000,1.9996421101727653,-0.001444664081183484,-0.9996421101727653,40.05567130499968,8.89781542980533e-06,0.752212035616158,0.1541793965264831,0.09359967004192843
core_N128_s4,runge,4,1.0,600000,0.011562617096449433,-2.3885084133803856e-06,0.9884373829035505,2.5177793322324438,0.0009487103439374909,0.4584069740962634,0.36972048801115626,0.17092382754864285
core_N128_s4,runge,4,100.0,600000,0.6674757532419562,-1.9627254084778398e-06,0.3325242467580438,8.174671539767653,0.0005012334629460521,0.0690643498966558,0.6371306729097688,0.29330374373063023
core_N128_s4,moment3,4,1.0,600000,0.05248574618591922,-4.812648521201716e-07,0.9475142538140808,7.440194831569175,0.0212385119249869,0.8605453257819858,0.08168580518650832,0.03653035710651924
core_N128_s4,moment3,4,100.0,600000,2.0000082509331265,-0.0009962373902508387,-1.0000082509331265,31.640661929841833,2.83947708258673e-05,0.7399378842773078,0.16100457999952086,0.09902914095234591
core_N128_s4,moment5,4,1.0,600000,0.00989450713276107,-2.0255583682816494e-07,0.9901054928672389,1.4189487471542426,3.1490259031716024e-05,0.3941190287744575,0.4037193460067602,0.20213013495975124
core_N128_s4,moment5,4,100.0,600000,0.6021160674886672,-3.979977867381072e-07,0.3978839325113328,1.4572539841490904,6.090158596477123e-07,0.006830906840024128,0.6610180446039196,0.3321504395401968
core_N128_s4,moment9,4,1.0,600000,0.00990155183178026,-5.0224159367425986e-08,0.9900984481682198,1.4196925868064196,3.1106864347770444e-05,0.39429085567503597,0.4036916520922358,0.20198638536837968
core_N128_s4,moment9,4,100.0,600000,0.6023108145490774,-5.156572927669823e-08,0.3976891854509226,1.461308011207412,5.727892543029426e-07,0.006870950174991849,0.6610849570494839,0.3320435199862704
