target,seed,start,end,force_ratio,residual_ratio,coupling_ratio,force_cosine,start_alignment,end_alignment,mean_gamma_change
blend_m010,2.0,400000.0,600000.0,1.6233861128552638,0.9998644811796368,2.6360969044841975,0.9741739954930657,0.2603206002813863,0.25849238391352986,0.0037412404196657534
blend_p001,2.0,400000.0,600000.0,0.9678533896488904,0.9999995849409499,0.9367410158294909,0.9997149837117859,-0.23839316877823505,-0.23498203764169515,-0.00018166494080301687
blend_p010,2.0,400000.0,600000.0,0.960735262894251,0.9999822315476765,0.9230444736326174,0.9786676665955509,-0.1096995287577758,-0.036594043594516394,-0.00035986225716970466
blend_p030,2.0,400000.0,600000.0,1.6006401860997126,0.960162818381647,2.784095046212668,0.0497251337819815,0.22379549345993438,0.30283352904271904,0.04606428729832575
chirp,2.0,400000.0,600000.0,1.4599494283215293,0.940944908503364,2.544165692186529,0.9233804866613884,0.11076573993818903,0.10485549438830759,0.022837908392692396
localized_sine,2.0,400000.0,600000.0,0.23442906933535138,0.7133154491914696,0.07750035655377695,0.6674163440949178,0.0904545486528027,0.15840021006639043,0.03040124196948471
mixed_sine,2.0,400000.0,600000.0,0.5906066741112873,0.6371976785278092,0.3797401807461785,0.7705068937682196,0.2830193031659322,0.0964115619971608,0.0593134051496082
moment3,2.0,400000.0,600000.0,0.4541944731842684,0.8134233783000727,0.3193566152099786,0.38957114909631013,0.30516802449046326,0.34549106618016534,0.014054432294662383
moment4,2.0,400000.0,600000.0,1.1449654665319793,0.9999956409464922,1.3109537086784577,0.9915038401057582,0.10987538761797148,0.12878044481263592,0.00028778457820080594
moment5,2.0,400000.0,600000.0,1.0075379903372534,0.9999998724481316,1.0151330609370524,0.9992834393136062,0.15528664815072926,0.16238047731608754,6.350118442097208e-05
moment9,2.0,400000.0,600000.0,0.9471642092424467,0.9999999527459983,0.8971201240548993,0.9999202645039437,-0.1339845382307621,-0.13495306708995986,-3.3946111821420155e-05
runge,2.0,400000.0,600000.0,0.5079011977267667,0.5850227039512345,0.8782786164206843,0.9941319075630817,0.0728395403577008,0.10038203986456319,0.006664546817511385
sine,2.0,400000.0,600000.0,12.792032497670153,0.764956756331356,279.668410613579,0.6541184181569497,0.21985107970444803,0.1183451571124368,0.062299589149755114
