seed,fork_step,arm,training_eta,comparison,reference,max_mean_gamma_error,final_mean_gamma_error,max_velocity_error,max_hard_residual_error,max_coarse_output_error,max_parameter_error_a,final_parameter_error_a,reference_displacement_a,max_force_error_a,max_parameter_error_b,final_parameter_error_b,reference_displacement_b,max_force_error_b,max_parameter_error_c,final_parameter_error_c,reference_displacement_c,max_force_error_c,max_parameter_error_d,max_force_error_d
0,20000,full,0.001,half_step,full,1.4872843079907882e-13,1.4872843079907882e-13,3.511715219510584e-17,3.1086244689504383e-15,2.6645352591003757e-15,1.8676642678773968e-11,1.8676642678773968e-11,0.00026458802473685716,3.3811494960186744e-15,9.185635464111858e-12,9.185635464111858e-12,0.00012321742297473776,1.3612195237426614e-15,8.019730210983268e-12,8.019730210983268e-12,0.00011233051009519547,2.3470735664741864e-15,5.001499214785099e-12,1.2906342661267445e-15
0,100000,full,0.001,half_step,full,1.431248182392351e-13,1.431248182392351e-13,4.2948276194937265e-17,2.7755575615628914e-15,2.55351295663786e-15,1.818897083900319e-11,1.818897083900319e-11,0.000258823487423756,3.0946877827535985e-15,8.937719654530963e-12,8.937719654530963e-12,0.00012033632343614418,1.2846919143624381e-15,7.804918293234015e-12,7.804918293234015e-12,0.00010984842484217507,2.0526758151638397e-15,4.87246354374804e-12,1.0200174038743626e-15
0,20000,five_mode,0.002,surrogate,full,7.479367044049316e-11,7.479367044049316e-11,2.2136302192015954e-12,2.886579864025407e-15,3.2075841982504016e-11,1.0651633804465221e-08,1.0651633804465221e-08,0.00026458802473685716,2.6840116475856e-10,3.5443446768972757e-09,3.5443446768972765e-09,0.00012321742297473776,1.0942152965118197e-10,2.963401037324285e-09,2.963401037324285e-09,0.00011233051009519547,8.96140873986797e-11,1.2664793103134286e-09,3.207582810471621e-11
0,100000,five_mode,0.002,surrogate,full,7.201490165340828e-11,7.201490165340828e-11,2.1354528943578534e-12,4.551914400963142e-15,3.1207703088398375e-11,1.0356543273995408e-08,1.0356543273995408e-08,0.000258823487423756,2.609652253328769e-10,3.4436046746396845e-09,3.4436046746396845e-09,0.00012033632343614418,1.063550595394636e-10,2.8817705132646388e-09,2.8817705132646388e-09,0.00010984842484217507,8.715788209925196e-11,1.2322367293204906e-09,3.120766145503495e-11
1,20000,five_mode,0.002,surrogate,full,6.67117470221821e-11,6.67117470221821e-11,2.6626702954413824e-12,3.6637359812630166e-15,6.629552462555921e-11,1.2355875658719977e-08,1.2355875658719977e-08,0.0002457686825572076,3.2072184944176406e-10,4.916705537707812e-09,4.916705537707812e-09,0.00012254027424175726,1.4258689191523894e-10,3.753671872129357e-09,3.753671872129357e-09,0.0001145602942752637,1.0791799734147284e-10,1.3750850007265836e-09,3.523229624713409e-11
1,100000,five_mode,0.002,surrogate,full,6.458299896030158e-11,6.458299896030158e-11,2.58327016069482e-12,3.4416913763379853e-15,6.453748646606527e-11,1.1897917931874307e-08,1.1897917931874307e-08,0.0002404197272276756,3.0903392974053226e-10,4.7220983309271796e-09,4.7220983309271796e-09,0.00011910279351918737,1.3697419949908588e-10,3.6140659282678263e-09,3.614065928267826e-09,0.00011181107321454614,1.038658906894878e-10,1.3216950693617502e-09,3.386921298975665e-11
2,20000,five_mode,0.002,surrogate,full,1.9970214254060898e-10,1.9970214254060898e-10,6.109257564764668e-12,3.4416913763379853e-15,7.876582719390512e-11,2.2354899859242025e-08,2.2354899859242025e-08,0.0003837635717801247,5.689739489416268e-10,9.23575213448097e-09,9.23575213448097e-09,0.0002068710785589092,2.7287346130871074e-10,6.559103097482345e-09,6.559103097482345e-09,0.00016666838539983,1.921396808034566e-10,2.817919134145974e-09,7.132928275810357e-11
2,100000,five_mode,0.002,surrogate,full,1.9206600055888035e-10,1.9206600055888035e-10,5.87747243434424e-12,3.885780586188048e-15,7.588391026658314e-11,2.1723674475469344e-08,2.1723674475469344e-08,0.00037499940584890986,5.52764153674116e-10,8.9745110782989e-09,8.974511078298899e-09,0.00020167662460766526,2.6527355125763785e-10,6.371178910359138e-09,6.371178910359137e-09,0.00016265007717534933,1.8670058740764476e-10,2.743066690458207e-09,6.943083608046408e-11
3,20000,five_mode,0.002,surrogate,full,5.4487005134056975e-11,5.4487005134056975e-11,1.7613180914795588e-12,3.885780586188048e-15,2.5331348130208653e-11,5.2923499089667654e-09,5.292349908966766e-09,0.0003509906352499205,1.3695713126352919e-10,2.0097858515410564e-09,2.0097858515410564e-09,0.00017268037847377365,6.066348177312079e-11,1.4801854062104526e-09,1.4801854062104526e-09,0.00014377088001562638,4.429022657837368e-11,6.632938850947845e-10,1.6902070021362903e-11
3,100000,five_mode,0.002,surrogate,full,5.195320643868659e-11,5.195320643868659e-11,1.6889467830233544e-12,3.6637359812630166e-15,2.478039995423842e-11,4.922926904876873e-09,4.922926904876873e-09,0.00034325922796018426,1.2774298869506804e-10,1.8654130649359386e-09,1.8654130649359386e-09,0.00016883090209879244,5.631386197238985e-11,1.381238711823829e-09,1.381238711823829e-09,0.00014066242226239473,4.1235722572619343e-11,6.147038086878887e-10,1.5670548192403544e-11
4,20000,five_mode,0.002,surrogate,full,1.1192332588476091e-10,1.1192332588476091e-10,3.826074382418648e-12,3.774758283725532e-15,6.345851621958332e-11,1.82890037143619e-08,1.8289003714361896e-08,0.00047506492766357186,4.68326237715913e-10,4.7304029057922704e-09,4.73040290579227e-09,0.00019793580821617923,1.5736590470610793e-10,4.940095107815157e-09,4.940095107815157e-09,0.0002033577153751106,1.5304142767407907e-10,2.219003571168887e-09,5.644075484756428e-11
4,100000,five_mode,0.002,surrogate,full,1.044381869054582e-10,1.044381869054582e-10,3.5865373274980154e-12,3.885780586188048e-15,6.022216059164975e-11,1.738630255704818e-08,1.738630255704818e-08,0.00046139921522496516,4.452123627105087e-10,4.495377367896999e-09,4.495377367896999e-09,0.00019203269065167712,1.496144460473186e-10,4.69362943606293e-09,4.69362943606293e-09,0.00019749646431018583,1.4545367095887949e-10,2.1107629533112515e-09,5.36890185087735e-11
0,20000,five_mode,0.001,half_step,five_mode,1.487076753717271e-13,1.487076753717271e-13,1.0587905223233854e-16,3.6637359812630166e-15,3.086420008457935e-14,1.8675005617047817e-11,1.8675005617047817e-11,0.00026457834291336433,4.740209536431876e-15,9.183879399140714e-12,9.183879399140714e-12,0.00012321404129627441,4.521432559311451e-14,8.018737113170819e-12,8.018737113170819e-12,0.00011232769192706255,4.4032926126760405e-14,5.003136793746421e-12,3.085032229677154e-14
0,100000,five_mode,0.001,half_step,five_mode,1.4328818851777708e-13,1.4328818851777708e-13,1.0047484306251319e-16,3.9968028886505635e-15,3.008704396734174e-14,1.8190408150815072e-11,1.8190408150815072e-11,0.0002588140776607839,4.481216901928503e-15,8.936854589860475e-12,8.936854589860475e-12,0.00012033303754006153,4.405119581404577e-14,7.804052338910587e-12,7.804052338910587e-12,0.0001098456852683181,4.291187125760317e-14,4.872519054899271e-12,3.007316617953393e-14
0,20000,ten_mode,0.002,surrogate,full,2.8226009100639575e-18,1.7151220807680297e-19,3.252355054550297e-18,3.3306690738754696e-16,1.6653345369377348e-16,7.129610605024273e-16,7.073349597711824e-16,0.00026458802473685716,1.507825270611349e-16,1.1415578678412253e-15,1.1415578678412253e-15,0.00012321742297473776,3.754849612856669e-16,1.1939224182394102e-15,1.1920203873147346e-15,0.00011233051009519547,3.9694031386603177e-16,2.220446049250313e-16,2.636779683484747e-16
0,100000,ten_mode,0.002,surrogate,full,4.3564100851507954e-18,2.6951918412069037e-18,3.0215054891989982e-18,3.3306690738754696e-16,1.6653345369377348e-16,7.81942000752399e-16,7.708762535186752e-16,0.000258823487423756,1.4680779005687255e-16,1.138844342744799e-15,1.138844342744799e-15,0.00012033632343614418,3.2537959241079423e-16,1.0022507502583799e-15,1.0022507502583799e-15,0.00010984842484217507,3.5361307360076184e-16,1.6653345369377348e-16,2.2898349882893854e-16
1,20000,ten_mode,0.002,surrogate,full,3.929160923959474e-18,5.7242199445632985e-19,2.5611364649213856e-18,2.220446049250313e-16,1.6653345369377348e-16,7.020264595356919e-16,6.989359591949192e-16,0.0002457686825572076,1.494704499719185e-16,8.888046922624597e-16,8.795298821571402e-16,0.00012254027424175726,3.239388878418002e-16,1.096867110064601e-15,1.096867110064601e-15,0.0001145602942752637,3.2753489664991336e-16,1.0408340855860843e-16,2.220446049250313e-16
1,100000,ten_mode,0.002,surrogate,full,6.139524505549272e-18,4.3407902233438005e-18,2.5304050508038155e-18,2.220446049250313e-16,1.6653345369377348e-16,6.808674855789245e-16,6.808674855789245e-16,0.0002404197272276756,1.43412359396676e-16,1.1331981161028225e-15,1.1331981161028225e-15,0.00011910279351918737,3.4367616729909714e-16,1.1656861410400446e-15,1.1645470597592681e-15,0.00011181107321454614,3.4200045135254586e-16,1.3183898417423734e-16,2.498001805406602e-16
2,20000,ten_mode,0.002,surrogate,full,5.429586472831362e-18,3.0192274057520064e-18,2.4224480546982947e-18,3.3306690738754696e-16,1.6653345369377348e-16,8.311262259466578e-16,8.252300905506022e-16,0.0003837635717801247,1.5026116951743777e-16,1.0308295035568286e-15,1.0233715329970465e-15,0.0002068710785589092,3.284504756354458e-16,1.0843193033611517e-15,1.0843193033611517e-15,0.00016666838539983,3.4967199468437996e-16,1.8041124150158794e-16,2.220446049250313e-16
2,100000,ten_mode,0.002,surrogate,full,4.680445649695898e-18,2.282337454622028e-18,3.1762014986362152e-18,3.3306690738754696e-16,1.6653345369377348e-16,7.626848984666207e-16,7.626848984666207e-16,0.00037499940584890986,1.806336514037504e-16,8.942058886359131e-16,8.89623235666021e-16,0.00020167662460766526,3.322043830379278e-16,1.0667215692167667e-15,1.0667215692167667e-15,0.00016265007717534933,3.189889487205118e-16,1.8041124150158794e-16,2.2898349882893854e-16
3,20000,ten_mode,0.002,surrogate,full,2.5255172639309236e-18,2.0538586917197155e-18,2.8324384709489778e-18,2.220446049250313e-16,1.6653345369377348e-16,6.127302271617028e-16,6.127302271617028e-16,0.0003509906352499205,1.5832998340646594e-16,1.0021629465208141e-15,9.94635231125799e-16,0.00017268037847377365,3.3993040212729035e-16,1.1181095201241121e-15,1.1150964896586167e-15,0.00014377088001562638,3.282904651215105e-16,2.636779683484747e-16,2.42861286636753e-16
3,100000,ten_mode,0.002,surrogate,full,4.001134796991704e-18,1.612214755921948e-18,2.6373826650640734e-18,2.220446049250313e-16,1.6653345369377348e-16,7.826321323786522e-16,7.826321323786522e-16,0.00034325922796018426,1.4791171894158328e-16,9.72193756232364e-16,9.72193756232364e-16,0.00016883090209879244,3.3417689053468406e-16,1.0008167776558124e-15,9.977424790620764e-16,0.00014066242226239473,3.4155770964538926e-16,2.0122792321330962e-16,2.220446049250313e-16
4,20000,ten_mode,0.002,surrogate,full,3.999297166190881e-18,3.012489426148989e-18,2.7417133013641617e-18,2.220446049250313e-16,1.6653345369377348e-16,8.663584061956791e-16,8.663584061956791e-16,0.00047506492766357186,1.491563142933043e-16,9.984476142894962e-16,9.587428161777934e-16,0.00019793580821617923,2.791912159655913e-16,1.1629021297309918e-15,1.1142864289615637e-15,0.0002033577153751106,3.0301282634540366e-16,1.3183898417423734e-16,1.8735013540549517e-16
4,100000,ten_mode,0.002,surrogate,full,4.661456798087395e-18,3.898840015745896e-18,2.7177978554940286e-18,2.220446049250313e-16,1.6653345369377348e-16,8.199917365240131e-16,8.128697240735649e-16,0.00046139921522496516,1.3778008751514076e-16,9.919359454555846e-16,9.919359454555846e-16,0.00019203269065167712,3.560927373964641e-16,1.059121492503267e-15,1.0429803999231379e-15,0.00019749646431018583,3.8451559734360605e-16,1.8735013540549517e-16,2.498001805406602e-16
0,20000,ten_mode,0.001,half_step,ten_mode,1.487210386229107e-13,1.487210386229107e-13,3.5788346396466067e-17,3.1086244689504383e-15,2.55351295663786e-15,1.8676758557437906e-11,1.8676758557437906e-11,0.0002645880247370333,3.3836924451519846e-15,9.185537873893573e-12,9.185537873893573e-12,0.00012321742297464563,1.3855240101870308e-15,8.019570859273407e-12,8.019570859273407e-12,0.00011233051009523756,2.3355965733589506e-15,5.001443703633868e-12,1.4085954624931674e-15
0,100000,ten_mode,0.001,half_step,ten_mode,1.4312570765254273e-13,1.4312570765254273e-13,4.172368492888926e-17,2.7755575615628914e-15,2.4424906541753444e-15,1.8188966381409156e-11,1.8188966381409156e-11,0.0002588234874237713,3.072822139380328e-15,8.937827111513594e-12,8.937827111513594e-12,0.00012033632343624116,1.259377684054193e-15,7.804810732909694e-12,7.804810732909694e-12,0.00010984842484226604,1.9801757126670107e-15,4.872185987991884e-12,9.71445146547012e-16
0,20000,remove_lower,0.002,surrogate,full,2.4520298272308303e-06,2.4520298272308303e-06,9.673748905154071e-08,2.6978419498391304e-14,1.8910660710691474e-06,0.00026468272904744267,0.00026468272904744267,0.00026458802473685716,6.923309715290583e-06,0.00012335869231724572,0.00012335869231724572,0.00012321742297473776,4.53241379710242e-06,0.0001121758739359462,0.0001121758739359462,0.00011233051009519547,4.043823206536695e-06,6.863813070651092e-05,1.7296305585071114e-06
0,100000,remove_lower,0.002,surrogate,full,2.4055357343395945e-06,2.4055357343395945e-06,9.543491619832676e-08,2.6645352591003757e-14,1.8832468702822958e-06,0.0002589194718705324,0.0002589194718705324,0.000258823487423756,6.783007795433262e-06,0.00012047448961011185,0.00012047448961011185,0.00012033632343614418,4.427520008869815e-06,0.00010968954511323023,0.00010968954511323023,0.00010984842484217507,3.955287505524559e-06,6.705851278712704e-05,1.6898196929793219e-06
1,20000,remove_lower,0.002,surrogate,full,2.587085380729977e-06,2.587085380729977e-06,1.1652643116604032e-07,7.87148124459236e-14,3.4892149229914793e-06,0.00024613882226710534,0.00024613882226710534,0.0002457686825572076,7.20717863807348e-06,0.0001226188591519344,0.0001226188591519344,0.00012254027424175726,4.127447720630873e-06,0.00011386027676294451,0.00011386027676294451,0.0001145602942752637,4.113178322800476e-06,5.788887316315883e-05,1.4767660716161202e-06
1,100000,remove_lower,0.002,surrogate,full,2.55637369404194e-06,2.55637369404194e-06,1.1527961348834084e-07,7.860379014346108e-14,3.455129555018921e-06,0.00024078946744396823,0.00024078946744396823,0.0002404197272276756,7.072347562667326e-06,0.00011917897855414885,0.00011917897855414883,0.00011910279351918737,4.012069351980764e-06,0.00011110894777466395,0.00011110894777466395,0.00011181107321454614,4.019692367204381e-06,5.6262818495651096e-05,1.435623918466522e-06
2,20000,remove_lower,0.002,surrogate,full,3.859566432966426e-06,3.859566432966426e-06,1.319274578819685e-07,8.970602038971265e-14,2.6878035730426575e-06,0.0003838790117385569,0.0003838790117385569,0.0003837635717801247,9.964937717349743e-06,0.00020708216447792505,0.00020708216447792505,0.0002068710785589092,7.24055640392622e-06,0.00016654642101764683,0.00016654642101764685,0.00016666838539983,6.008177065931987e-06,0.00010669207884375642,2.6878035731259242e-06
2,100000,remove_lower,0.002,surrogate,full,3.7768505282542055e-06,3.7768505282542055e-06,1.2948668337870977e-07,9.00390872971002e-14,2.6234081834664025e-06,0.00037511534458641976,0.0003751153445864198,0.00037499940584890986,9.746416415279757e-06,0.00020188309262570984,0.00020188309262570984,0.00020167662460766526,7.062294935168832e-06,0.0001625240278463653,0.0001625240278463653,0.00016265007717534933,5.8645695458757555e-06,0.0001041366915765507,2.623408183619058e-06
3,20000,remove_lower,0.002,surrogate,full,4.736898311046512e-06,4.736898311046512e-06,1.618011889363352e-07,2.2315482794965646e-14,2.8239044900790766e-06,0.0003511912184571921,0.0003511912184571921,0.0003509906352499205,9.312599969083866e-06,0.00017288976883902168,0.00017288976883902168,0.00017268037847377365,6.303945398573694e-06,0.00014341188624195477,0.00014341188624195477,0.00014377088001562638,5.4586200626779294e-06,9.920648828248141e-05,2.50030959470654e-06
3,100000,remove_lower,0.002,surrogate,full,4.6437190965112275e-06,4.6437190965112275e-06,1.590845756973571e-07,2.3203661214665772e-14,2.7974986110956834e-06,0.00034345998967924617,0.00034345998967924617,0.00034325922796018426,9.119911498683798e-06,0.00016903572452375877,0.00016903572452375877,0.00016883090209879244,6.16261134895814e-06,0.00014030054329831055,0.00014030054329831055,0.00014066242226239473,5.340081627076324e-06,9.696808228046305e-05,2.443861568793282e-06
4,20000,remove_lower,0.002,surrogate,full,4.5488892131602564e-06,4.5488892131602564e-06,1.6800698953904866e-07,3.708144902248023e-14,3.4584749703525652e-06,0.0004753385976387686,0.00047533859763876856,0.00047506492766357186,1.2569941392545395e-05,0.00019820994723240254,0.00019820994723240257,0.00019793580821617923,7.777389357715779e-06,0.00020293180959640004,0.00020293180959640004,0.0002033577153751106,7.674556334229508e-06,0.00013376518753169253,3.3725841746407026e-06
4,100000,remove_lower,0.002,surrogate,full,4.419169815910311e-06,4.419169815910311e-06,1.6394426936769822e-07,3.452793606584237e-14,3.4039057342227785e-06,0.00046167142346784394,0.00046167142346784405,0.00046139921522496516,1.2224501546225978e-05,0.00019229910609024103,0.00019229910609024103,0.00019203269065167712,7.546455575643116e-06,0.00019706788554894842,0.00019706788554894842,0.00019749646431018583,7.450256709047547e-06,0.00012979946006972526,3.2725352682380637e-06
0,20000,remove_lower,0.001,half_step,remove_lower,6.59866895901734e-12,1.087470460119128e-14,8.795571847638722e-12,3.3306690738754696e-15,1.6627592636098143e-09,2.9192536080315614e-10,2.3874806277002792e-12,1.1946306852569222e-06,3.896520285467456e-10,4.69897621170511e-10,2.565970000724062e-12,4.81647272037928e-07,2.43567482288324e-09,4.842095416422609e-10,2.6359764563613164e-12,1.2158435787222535e-06,2.378975306609295e-09,3.2079477962909664e-10,1.6627592705487082e-09
0,100000,remove_lower,0.001,half_step,remove_lower,6.5740194792906795e-12,8.837556098887047e-15,8.761232644769158e-12,4.218847493575595e-15,1.6245275680226712e-09,2.90762107003014e-10,2.300283743034655e-12,1.1899921953984483e-06,3.880181330986089e-10,4.590917727699602e-10,2.397958702317094e-12,4.705567361943125e-07,2.3796894345803565e-09,4.739797259063554e-10,2.406569245201039e-12,1.2072499208463967e-06,2.3246035182406207e-09,3.1341426676156914e-10,1.6245276096560346e-09
