panel,cohort,target,seed,nref,width,baseline_index,block,eta,supported,stable_error_norm,direct_error_norm,direct_stable_difference,stable_relative_error,previous_over_current_error
physical_confirmation_N128,confirmation,moment5,32,128,177,0,slope,0.002,True,1.537240148595931e-13,1.388838609339244e-13,7.431708060293384e-14,1.3919905346970442e-05,
physical_confirmation_N128,confirmation,moment5,32,128,177,0,slope,0.001,True,1.195960205403511e-13,1.2063555319181582e-13,1.3381073866856544e-13,1.0829571991835933e-05,1.2853606178955377
physical_confirmation_N128,confirmation,moment5,32,128,177,0,slope,0.0005,True,1.989215583163407e-13,1.4721555790064897e-13,2.5324032277287085e-13,1.8012600476018125e-05,0.6012220171237553
physical_confirmation_N128,confirmation,moment5,32,128,177,0,readout,0.002,True,1.7114356634924482e-13,2.968173438296087e-11,2.968378671924583e-11,4.316171023819921e-05,
physical_confirmation_N128,confirmation,moment5,32,128,177,0,readout,0.001,True,2.892308406238617e-13,1.1169057620583601e-10,1.117354438377402e-10,7.294283975292992e-05,0.5917196312125415
physical_confirmation_N128,confirmation,moment5,32,128,177,0,readout,0.0005,True,3.833768747213166e-13,3.343922129877799e-10,3.343447845192924e-10,9.668608602546444e-05,0.7544295436027765
physical_confirmation_N128,confirmation,moment5,32,128,177,0,full,0.002,True,2.471864097866154e-13,5.6863877712669955e-11,5.685107114208174e-11,2.0072323419555677e-05,
physical_confirmation_N128,confirmation,moment5,32,128,177,0,full,0.001,True,3.633842537824395e-13,1.655706768444048e-10,1.656267738892044e-10,2.9507958280520227e-05,0.6802342347354641
physical_confirmation_N128,confirmation,moment5,32,128,177,0,full,0.0005,True,5.447021756546269e-13,5.67266725620189e-10,5.672543549690537e-10,4.423155078191244e-05,0.667124660087362
physical_confirmation_N128,confirmation,mixed_sine,32,128,177,7,slope,0.002,True,6.7911360271386e-11,6.791323498723248e-11,4.493706597719623e-14,8.64635261528625e-05,
physical_confirmation_N128,confirmation,mixed_sine,32,128,177,7,slope,0.001,True,3.396612296811498e-11,3.395824160049767e-11,8.202248467687513e-14,4.324505870341648e-05,1.9993851030668541
physical_confirmation_N128,confirmation,mixed_sine,32,128,177,7,slope,0.0005,True,1.6963166867291293e-11,1.6970954155198785e-11,9.990933442696229e-14,2.1597199882379528e-05,2.0023456253094527
physical_confirmation_N128,confirmation,mixed_sine,32,128,177,7,readout,0.002,True,1.238799772373469e-10,1.2359758573863673e-10,8.230279649098053e-12,0.000118853252157548,
physical_confirmation_N128,confirmation,mixed_sine,32,128,177,7,readout,0.001,True,6.188973040508578e-11,9.429240109831348e-11,7.107789808990526e-11,5.937840721188578e-05,2.00162412126402
physical_confirmation_N128,confirmation,mixed_sine,32,128,177,7,readout,0.0005,True,3.0980739896454765e-11,1.6526149690682825e-10,1.5881011298086594e-10,2.9723622598718562e-05,1.9976840647426901
physical_confirmation_N128,confirmation,mixed_sine,32,128,177,7,full,0.002,True,1.8852794898973272e-10,1.8968786622291645e-10,5.188137827618052e-11,7.33832553600232e-05,
physical_confirmation_N128,confirmation,mixed_sine,32,128,177,7,full,0.001,True,9.424194123787297e-11,2.5936876544761817e-10,2.3052817326137626e-10,3.668305138067231e-05,2.000467589200816
physical_confirmation_N128,confirmation,mixed_sine,32,128,177,7,full,0.0005,True,4.7178401126196626e-11,7.982482903455766e-10,8.005879628622539e-10,1.836388013487507e-05,1.9975653898441144
physical_confirmation_N128,confirmation,gauss_left,32,128,177,14,slope,0.002,True,3.486503181759929e-08,3.486506939931496e-08,1.9000827811067157e-13,0.00030587219490763593,
physical_confirmation_N128,confirmation,gauss_left,32,128,177,14,slope,0.001,True,1.7432446196303016e-08,1.7432553747131633e-08,4.878941135394071e-13,0.00015293548586354413,2.000007998016554
physical_confirmation_N128,confirmation,gauss_left,32,128,177,14,slope,0.0005,True,8.716295826189319e-09,8.716275167840273e-09,7.409154887215993e-13,7.64683809774986e-05,1.9999833121685493
physical_confirmation_N128,confirmation,gauss_left,32,128,177,14,readout,0.002,True,3.828990283604882e-08,3.828805843015941e-08,3.544221993276292e-11,0.0004668693884093135,
physical_confirmation_N128,confirmation,gauss_left,32,128,177,14,readout,0.001,True,1.914481799966472e-08,1.9136208823938558e-08,1.0233981294799157e-10,0.0002334330674324955,2.000013937803921
physical_confirmation_N128,confirmation,gauss_left,32,128,177,14,readout,0.0005,True,9.572316970858892e-09,9.608288999492963e-09,4.312987754098153e-10,0.00011671541160552464,2.000019228150039
physical_confirmation_N128,confirmation,gauss_left,32,128,177,14,full,0.002,True,5.890373580275075e-08,5.890098422805573e-08,4.927111434731972e-11,0.0002599846557571155,
physical_confirmation_N128,confirmation,gauss_left,32,128,177,14,full,0.001,True,2.9451733505133275e-08,2.9430193504642717e-08,1.6342160821585817e-10,0.00012999173469104152,2.000009126542047
physical_confirmation_N128,confirmation,gauss_left,32,128,177,14,full,0.0005,True,1.4725753473142757e-08,1.4744220279921961e-08,6.403605820424174e-10,6.499536736174859e-05,2.000015385212592
physical_confirmation_N128,confirmation,bump_right,32,128,177,21,slope,0.002,True,5.478909704183971e-09,5.478920154556913e-09,1.47175763023319e-13,0.0001458263836540213,
physical_confirmation_N128,confirmation,bump_right,32,128,177,21,slope,0.001,True,2.7394888113421587e-09,2.739456179574177e-09,2.766980715559827e-13,7.291409568469617e-05,1.999975207600752
physical_confirmation_N128,confirmation,bump_right,32,128,177,21,slope,0.0005,True,1.3697089629846467e-09,1.3696318687749765e-09,6.124201680293273e-13,3.6456104501598094e-05,2.0000517521420833
physical_confirmation_N128,confirmation,bump_right,32,128,177,21,readout,0.002,True,5.5343952359630895e-09,5.5325980800985125e-09,1.865431428213625e-11,0.00019381578372372309,
physical_confirmation_N128,confirmation,bump_right,32,128,177,21,readout,0.001,True,2.767113853985046e-09,2.7880964981137776e-09,1.074326430659684e-10,9.690495842759509e-05,2.000060542500901
physical_confirmation_N128,confirmation,bump_right,32,128,177,21,readout,0.0005,True,1.3839357769540982e-09,1.4241386904732513e-09,3.1334402371484807e-10,4.8465746625878864e-05,1.9994525035512718
physical_confirmation_N128,confirmation,bump_right,32,128,177,21,full,0.002,True,8.370404036166296e-09,8.366008239645059e-09,3.240591642413834e-11,0.0001315715705125155,
physical_confirmation_N128,confirmation,bump_right,32,128,177,21,full,0.001,True,4.1851367406436175e-09,4.194654012153247e-09,1.545222111278231e-10,6.578475918210397e-05,2.0000311948897136
physical_confirmation_N128,confirmation,bump_right,32,128,177,21,full,0.0005,True,2.0929023458521243e-09,2.1832797740130667e-09,5.451327115094973e-10,3.2897629240274e-05,1.9996808493898652
physical_confirmation_N128,confirmation,step_right,32,128,177,28,slope,0.002,True,2.0841547961317928e-08,2.0841521714962966e-08,1.1089389142482291e-13,0.0002004243221187837,
physical_confirmation_N128,confirmation,step_right,32,128,177,28,slope,0.001,True,1.0420772181386757e-08,1.042079003629543e-08,2.25890260857458e-13,0.00010021214375655459,2.0000003453241613
physical_confirmation_N128,confirmation,step_right,32,128,177,28,slope,0.0005,True,5.210219693235181e-09,5.210274174050693e-09,5.525925616275011e-13,5.010447170453668e-05,2.0000638734901766
physical_confirmation_N128,confirmation,step_right,32,128,177,28,readout,0.002,True,2.0421561602273468e-08,2.0422533815988813e-08,2.5737704785171882e-11,0.0004899331714965111,
physical_confirmation_N128,confirmation,step_right,32,128,177,28,readout,0.001,True,1.0210850784695332e-08,1.0174739693044134e-08,1.1248489829488954e-10,0.0002449682647220522,1.9999862923158758
physical_confirmation_N128,confirmation,step_right,32,128,177,28,readout,0.0005,True,5.1054410868849935e-09,5.246236422025058e-09,5.730277161834678e-10,0.00012248450888827694,1.9999938518388283
physical_confirmation_N128,confirmation,step_right,32,128,177,28,full,0.002,True,3.0403023780006206e-08,3.0399396723968536e-08,3.923023701010056e-11,0.00019677969283244192,
physical_confirmation_N128,confirmation,step_right,32,128,177,28,full,0.001,True,1.520156644974097e-08,1.518627109170853e-08,1.415064005879312e-10,9.8390199547164e-05,1.9999928218268757
physical_confirmation_N128,confirmation,step_right,32,128,177,28,full,0.0005,True,7.600525903767602e-09,7.694249300798323e-09,6.627329405720653e-10,4.919343429557063e-05,2.0000677113942222
physical_confirmation_N128,confirmation,kink_abs,32,128,177,35,slope,0.002,True,5.90642682345182e-09,5.906440050883665e-09,1.7879391418945092e-13,0.0001472839051331077,
physical_confirmation_N128,confirmation,kink_abs,32,128,177,35,slope,0.001,True,2.9531429163423787e-09,2.953231314941801e-09,3.1568501184244613e-13,7.364019467880028e-05,2.0000477426155987
physical_confirmation_N128,confirmation,kink_abs,32,128,177,35,slope,0.0005,True,1.4768596339474802e-09,1.4765163113583973e-09,8.627047352034615e-13,3.682728335134367e-05,1.9996097452057504
physical_confirmation_N128,confirmation,kink_abs,32,128,177,35,readout,0.002,True,4.838400914312637e-09,4.832648161047785e-09,3.388007922104478e-11,0.00014635864303264032,
physical_confirmation_N128,confirmation,kink_abs,32,128,177,35,readout,0.001,True,2.4192269174252974e-09,2.4606631237313397e-09,1.2647727617851893e-10,7.318012192313443e-05,1.9999781250210236
physical_confirmation_N128,confirmation,kink_abs,32,128,177,35,readout,0.0005,True,1.2095763901169678e-09,1.4249292950901546e-09,4.2924645169212925e-10,3.658893965941407e-05,2.0000612918638025
physical_confirmation_N128,confirmation,kink_abs,32,128,177,35,full,0.002,True,8.601158907926997e-09,8.590154181876642e-09,4.602789241689444e-11,0.00011564145328661775,
physical_confirmation_N128,confirmation,kink_abs,32,128,177,35,full,0.001,True,4.3005576190977735e-09,4.348352625893538e-09,1.9204639870550963e-10,5.782043307640332e-05,2.0000101544346847
physical_confirmation_N128,confirmation,kink_abs,32,128,177,35,full,0.0005,True,2.150421386150999e-09,2.4017149251831844e-09,6.658483352763439e-10,2.8912133461915016e-05,1.9998673965921
physical_confirmation_late,confirmation,sine,20,128,177,0,slope,0.002,True,7.549677488039346e-10,7.549718342070799e-10,2.1545502166029162e-14,0.00019680569835023746,
physical_confirmation_late,confirmation,sine,20,128,177,0,slope,0.001,True,3.7745480193558527e-10,3.774511130779119e-10,3.7117006090387676e-14,9.839527053741115e-05,2.000154044755732
physical_confirmation_late,confirmation,sine,20,128,177,0,slope,0.0005,True,1.8869631585338422e-10,1.887126861381828e-10,8.074925788574327e-14,4.918953197202948e-05,2.0003294724040352
physical_confirmation_late,confirmation,sine,20,128,177,0,readout,0.002,True,1.1304575182726127e-09,1.13108636396692e-09,1.7367193233753152e-11,0.0004018201173564022,
physical_confirmation_late,confirmation,sine,20,128,177,0,readout,0.001,True,5.651520888144559e-10,5.772490433373202e-10,6.639847835516676e-11,0.00020088280628063134,2.0002713263327445
physical_confirmation_late,confirmation,sine,20,128,177,0,readout,0.0005,True,2.8270116076505905e-10,3.680328078257433e-10,2.8415960253433277e-10,0.00010048587563819751,1.9991148507668484
physical_confirmation_late,confirmation,sine,20,128,177,0,full,0.002,True,1.739115184114153e-09,1.7396909963187732e-09,5.14094469964383e-11,9.896267547529666e-06,
physical_confirmation_late,confirmation,sine,20,128,177,0,full,0.001,True,8.694874429195404e-10,8.855112899984661e-10,1.3735215162651332e-10,4.947734596850257e-06,2.000161357448247
physical_confirmation_late,confirmation,sine,20,128,177,0,full,0.0005,True,4.348321845951555e-10,7.216274705074397e-10,5.846531640639069e-10,2.4743706893815547e-06,1.9995931159720037
physical_confirmation_late,confirmation,moment9,20,128,177,7,slope,0.002,True,1.3966335752809265e-13,1.3921084116592722e-13,4.7668779641369525e-14,1.806362860292575e-05,
physical_confirmation_late,confirmation,moment9,20,128,177,7,slope,0.001,True,1.0525842923851542e-13,1.0774654190475899e-13,1.369933064603671e-13,1.36138011196633e-05,1.3268615020999004
physical_confirmation_late,confirmation,moment9,20,128,177,7,slope,0.0005,True,1.4483749152005618e-13,1.4855179571172638e-13,1.689247282777132e-13,1.8732835160943684e-05,0.7267346881932149
physical_confirmation_late,confirmation,moment9,20,128,177,7,readout,0.002,True,1.9322558871572536e-13,3.079192817543727e-11,3.078680387245388e-11,7.242218159565556e-05,
physical_confirmation_late,confirmation,moment9,20,128,177,7,readout,0.001,True,1.6018213821407833e-13,1.7350886326820646e-10,1.7350031651224286e-10,6.003728584409935e-05,1.2062867362744623
physical_confirmation_late,confirmation,moment9,20,128,177,7,readout,0.0005,True,1.7680339012426823e-13,5.405024458440217e-10,5.404912011334167e-10,6.626703694584327e-05,0.9059901968027453
physical_confirmation_late,confirmation,moment9,20,128,177,7,full,0.002,True,2.788392245567243e-13,3.789982887593503e-11,3.789000555859212e-11,2.648007521441961e-05,
physical_confirmation_late,confirmation,moment9,20,128,177,7,full,0.001,True,2.627302351185272e-13,1.9399306608258387e-10,1.9398159150652137e-10,2.4950278778391386e-05,1.0613138013252634
physical_confirmation_late,confirmation,moment9,20,128,177,7,full,0.0005,True,4.2949083913037905e-13,6.50300708412816e-10,6.502594260777902e-10,4.078676428022783e-05,0.6117248871954893
physical_development_N128,development,moment5,30,128,177,0,slope,0.002,True,6.41451270003423e-14,6.420348930692467e-14,5.233984974877276e-14,8.556547776187463e-06,
physical_development_N128,development,moment5,30,128,177,0,slope,0.001,True,8.62186577429099e-14,7.112062047155226e-14,8.252650587989665e-14,1.1501014943380296e-05,0.7439819718791343
physical_development_N128,development,moment5,30,128,177,0,slope,0.0005,True,1.6186492261233192e-13,1.4276800769931095e-13,1.9293691508823988e-13,2.159174061053638e-05,0.5326580728636583
physical_development_N128,development,moment5,30,128,177,0,readout,0.002,True,1.7732943857143653e-13,2.1548408506443377e-11,2.1538191231915304e-11,4.260028970140667e-05,
physical_development_N128,development,moment5,30,128,177,0,readout,0.001,True,2.6176231331109013e-13,1.0371432815885169e-10,1.0375455241940776e-10,6.288380806817147e-05,0.6774444966059351
physical_development_N128,development,moment5,30,128,177,0,readout,0.0005,True,9.40222208675069e-13,3.3323087866318694e-10,3.337168302282256e-10,0.00022587190708957706,0.2784047333661233
physical_development_N128,development,moment5,30,128,177,0,full,0.002,True,2.2070436681002946e-13,4.043078490913503e-11,4.041066214199439e-11,1.911628600975462e-05,
physical_development_N128,development,moment5,30,128,177,0,full,0.001,True,3.1877101562793047e-13,1.31019628612668e-10,1.3105041303615723e-10,2.7610318701163833e-05,0.6923602083937129
physical_development_N128,development,moment5,30,128,177,0,full,0.0005,True,9.962640354169766e-13,5.423990018207211e-10,5.426418053462167e-10,8.629130686234241e-05,0.3199663987614608
physical_development_N128,development,mixed_sine,30,128,177,7,slope,0.002,True,2.42697835619282e-11,2.4254870953386425e-11,3.4366240826690495e-14,3.561165305066322e-05,
physical_development_N128,development,mixed_sine,30,128,177,7,slope,0.001,True,1.2127668375385503e-11,1.2100491072984236e-11,8.849899902444998e-14,1.7795227443858433e-05,2.0011912274239387
physical_development_N128,development,mixed_sine,30,128,177,7,slope,0.0005,True,6.052117593447639e-12,6.050127003915286e-12,1.7927621744039927e-13,8.880421673713058e-06,2.003871899071425
physical_development_N128,development,mixed_sine,30,128,177,7,readout,0.002,True,2.5048339671353554e-11,2.8694567382991622e-11,1.3558643227084659e-11,5.179689983931447e-05,
physical_development_N128,development,mixed_sine,30,128,177,7,readout,0.001,True,1.2566389604579916e-11,5.682308910603639e-11,5.357621524330761e-11,2.5985755232895857e-05,1.9932805252372963
physical_development_N128,development,mixed_sine,30,128,177,7,readout,0.0005,True,6.286460595047573e-12,1.635371847024439e-10,1.647863914335904e-10,1.2999630876048429e-05,1.998961007483229
physical_development_N128,development,mixed_sine,30,128,177,7,full,0.002,True,3.81956074122604e-11,5.357465544052576e-11,3.779509635969069e-11,3.359656597387035e-05,
physical_development_N128,development,mixed_sine,30,128,177,7,full,0.001,True,1.91355519892365e-11,1.555437471387134e-10,1.5373875788034716e-10,1.683148608984941e-05,1.9960546439290037
physical_development_N128,development,mixed_sine,30,128,177,7,full,0.0005,True,9.568156259911145e-12,6.825227357558126e-10,6.826433295691292e-10,8.416077523386128e-06,1.9999205144057923
physical_development_N128,development,gauss_left,30,128,177,14,slope,0.002,True,8.16467393740016e-09,8.164709430600647e-09,2.470021143627571e-13,0.00021672961429706754,
physical_development_N128,development,gauss_left,30,128,177,14,slope,0.001,True,4.082327171836301e-09,4.0823498536772095e-09,3.3596646859307087e-13,0.00010836454709277105,2.000004799646558
physical_development_N128,development,gauss_left,30,128,177,14,slope,0.0005,True,2.041110934785919e-09,2.041110623181572e-09,6.327456848842638e-13,5.418087593275535e-05,2.0000515906620597
physical_development_N128,development,gauss_left,30,128,177,14,readout,0.002,True,7.980241093902867e-09,7.976204408317971e-09,2.922032691971873e-11,0.00015139364149926448,
physical_development_N128,development,gauss_left,30,128,177,14,readout,0.001,True,3.990062152226406e-09,3.973233743623285e-09,1.4452914265997282e-10,7.569571293973498e-05,2.000029270082921
physical_development_N128,development,gauss_left,30,128,177,14,readout,0.0005,True,1.994962930108391e-09,1.999644862316417e-09,3.662181708824589e-10,3.7846563667845516e-05,2.000068318066249
physical_development_N128,development,gauss_left,30,128,177,14,full,0.002,True,1.2005180676521526e-08,1.2002549807272513e-08,3.6684760543838745e-11,0.0001242528296967087,
physical_development_N128,development,gauss_left,30,128,177,14,full,0.001,True,6.002507466505552e-09,5.999204606778214e-09,2.1324411195189916e-10,6.212555713114339e-05,2.0000276123788843
physical_development_N128,development,gauss_left,30,128,177,14,full,0.0005,True,3.0011644277253597e-09,3.1139949719065483e-09,7.502008838713708e-10,3.106185425924195e-05,2.000059513918392
physical_development_N128,development,bump_right,30,128,177,21,slope,0.002,True,8.782867853044003e-09,8.782873375385478e-09,7.66419207555904e-14,7.433871296523098e-05,
physical_development_N128,development,bump_right,30,128,177,21,slope,0.001,True,4.391375283763605e-09,4.391442585213774e-09,3.341675643286603e-13,3.716886012684003e-05,2.0000267081515957
physical_development_N128,development,bump_right,30,128,177,21,slope,0.0005,True,2.195674160836505e-09,2.1956539526739837e-09,7.328083886313536e-13,1.8584315959055293e-05,2.000012279641067
physical_development_N128,development,bump_right,30,128,177,21,readout,0.002,True,8.563772746884012e-09,8.566251530591119e-09,2.952172116446826e-11,0.0002715993686356413,
physical_development_N128,development,bump_right,30,128,177,21,readout,0.001,True,4.2818782784528334e-09,4.320483434803472e-09,1.2334990314659514e-10,0.00013579942758588565,2.0000037810459084
physical_development_N128,development,bump_right,30,128,177,21,readout,0.0005,True,2.1409765480579473e-09,2.1523396822915135e-09,6.333459999158419e-10,6.790090021104679e-05,1.999965054421951
physical_development_N128,development,bump_right,30,128,177,21,full,0.002,True,1.2769934326856907e-08,1.2771639469695405e-08,3.551139108345651e-11,8.762842066483412e-05,
physical_development_N128,development,bump_right,30,128,177,21,full,0.001,True,6.3849502718672255e-09,6.378181763189553e-09,2.1401840273886445e-10,4.381409442102746e-05,2.0000052910549053
physical_development_N128,development,bump_right,30,128,177,21,full,0.0005,True,3.192483247772937e-09,3.233267081859101e-09,7.035400166095086e-10,2.1907102874673815e-05,1.9999949181632637
physical_development_N128,development,step_right,30,128,177,28,slope,0.002,True,4.290641553489079e-08,4.2906371909069855e-08,1.5836091060534557e-13,0.00017219637586920122,
physical_development_N128,development,step_right,30,128,177,28,slope,0.001,True,2.1453212582232344e-08,2.1453145843923006e-08,2.1324981582664632e-13,8.609820725779163e-05,1.9999995511360424
physical_development_N128,development,step_right,30,128,177,28,slope,0.0005,True,1.072651820074431e-08,1.0726578400989743e-08,7.695715453320095e-13,4.304875009568652e-05,2.000016424783926
physical_development_N128,development,step_right,30,128,177,28,readout,0.002,True,4.300429114798506e-08,4.299721313323689e-08,3.33968601032546e-11,0.0006227661801087627,
physical_development_N128,development,step_right,30,128,177,28,readout,0.001,True,2.150217804686006e-08,2.1504384461606624e-08,1.3807972025108405e-10,0.0003113835603098635,1.9999969795741197
physical_development_N128,development,step_right,30,128,177,28,readout,0.0005,True,1.075119056261838e-08,1.0892705316175336e-08,4.2214706173715535e-10,0.00015569325059359664,1.999981111080162
physical_development_N128,development,step_right,30,128,177,28,full,0.002,True,6.665344949922369e-08,6.66478392257427e-08,3.7135558660281345e-11,0.00018810320587582318,
physical_development_N128,development,step_right,30,128,177,28,full,0.001,True,3.3326735952127603e-08,3.3307992857319064e-08,1.8225990576738297e-10,9.405163455261637e-05,1.999999327715995
physical_development_N128,development,step_right,30,128,177,28,full,0.0005,True,1.666340785918643e-08,1.671339105421641e-08,5.483387788973659e-10,4.702592983077135e-05,1.9999952130893075
physical_development_N128,development,kink_abs,30,128,177,35,slope,0.002,True,1.2596822345871814e-08,1.2596801230853095e-08,1.198137926081044e-13,0.00011791918323378659,
physical_development_N128,development,kink_abs,30,128,177,35,slope,0.001,True,6.298340046553411e-09,6.2984161418490945e-09,1.8723993259948148e-13,5.895892580096766e-05,2.000022585754967
physical_development_N128,development,kink_abs,30,128,177,35,slope,0.0005,True,3.14932262944515e-09,3.1489594937252532e-09,8.174828732472468e-13,2.9480891450815437e-05,1.9999030863544955
physical_development_N128,development,kink_abs,30,128,177,35,readout,0.002,True,1.163236839278649e-08,1.1621270654756467e-08,3.22059689948246e-11,0.00021591618041760539,
physical_development_N128,development,kink_abs,30,128,177,35,readout,0.001,True,5.816115656821658e-09,5.788359000439131e-09,1.3661865318891606e-10,0.00010795681799991067,2.000023568847537
physical_development_N128,development,kink_abs,30,128,177,35,readout,0.0005,True,2.9080891177207032e-09,2.9730528518070636e-09,3.1030123655921826e-10,5.397898978179166e-05,1.9999784811891193
physical_development_N128,development,kink_abs,30,128,177,35,full,0.002,True,1.8544491553381082e-08,1.8534699524874766e-08,3.8575609763389784e-11,0.00011585839377860551,
physical_development_N128,development,kink_abs,30,128,177,35,full,0.001,True,9.272056081370961e-09,9.251454509337538e-09,1.5461332472309004e-10,5.792801175057999e-05,2.000040917638529
physical_development_N128,development,kink_abs,30,128,177,35,full,0.0005,True,4.636273481384084e-09,4.596689051012141e-09,4.672150347903142e-10,2.896553928832676e-05,1.9998941215613837
physical_development_late,development,sine,0,128,177,0,slope,0.002,True,1.1521054512126394e-09,1.152107612553109e-09,1.5403195719184786e-14,9.46520953823456e-05,
physical_development_late,development,sine,0,128,177,0,slope,0.001,True,5.760781432683579e-10,5.760807375617459e-10,3.655084858272128e-14,4.732813589843639e-05,1.9999117562006639
physical_development_late,development,sine,0,128,177,0,slope,0.0005,True,2.880402880031111e-10,2.88040730181277e-10,3.95727429366722e-14,2.3664167880928495e-05,1.999991554175004
physical_development_late,development,sine,0,128,177,0,readout,0.002,True,2.1751541364343835e-08,2.1751580875661685e-08,9.95810976134006e-13,0.0017138622248715541,
physical_development_late,development,sine,0,128,177,0,readout,0.001,True,1.0875844303487116e-08,1.0875972395032367e-08,5.984785581017199e-12,0.0008569369132564615,1.9999864614988696
physical_development_late,development,sine,0,128,177,0,readout,0.0005,True,5.437842234577383e-09,5.435683142989537e-09,1.7493136121137424e-11,0.00042846215974057884,2.000029392969758
physical_development_late,development,sine,0,128,177,0,full,0.002,True,3.683573713553311e-08,3.68390749381951e-08,7.337740512005425e-11,0.00022091734624505834,
physical_development_late,development,sine,0,128,177,0,full,0.001,True,1.841796717854944e-08,1.843512500072437e-08,1.2250575340969046e-10,0.0001104592645273485,1.9999892918928646
physical_development_late,development,sine,0,128,177,0,full,0.0005,True,9.208932751822192e-09,9.213429210786183e-09,2.9348494925367715e-10,5.522932737293565e-05,2.0000110408999388
physical_development_late,development,moment9,0,128,177,7,slope,0.002,True,3.45759577395194e-14,3.803754158087222e-14,4.379540486825535e-14,2.039486383978482e-05,
physical_development_late,development,moment9,0,128,177,7,slope,0.001,True,4.8325767123934326e-14,7.323466213070244e-14,7.919255271514439e-14,2.8505282424014492e-05,0.7154766452200807
physical_development_late,development,moment9,0,128,177,7,slope,0.0005,True,1.5563423524527252e-13,1.2792132931605252e-13,1.5570177600075099e-13,9.180191220006079e-05,0.31050859117067076
physical_development_late,development,moment9,0,128,177,7,readout,0.002,True,4.9743711438310827e-14,2.814233066266387e-11,2.8139078920075383e-11,5.5213939235062116e-05,
physical_development_late,development,moment9,0,128,177,7,readout,0.001,True,1.0144353702578252e-13,1.2090864935759989e-10,1.209136016289547e-10,0.0001125991030258664,0.49035860634145817
physical_development_late,development,moment9,0,128,177,7,readout,0.0005,True,2.1703303175121414e-13,4.3987986727754183e-10,4.3990103262082327e-10,0.00024089976965176296,0.46741058818211445
physical_development_late,development,moment9,0,128,177,7,full,0.002,True,8.389070915592926e-14,4.1563291048272893e-11,4.1564417846349586e-11,3.8105343931045626e-05,
physical_development_late,development,moment9,0,128,177,7,full,0.001,True,1.480436200528284e-13,1.648581263287285e-10,1.6486174681631989e-10,6.724526608095021e-05,0.566662103547545
physical_development_late,development,moment9,0,128,177,7,full,0.0005,True,3.88845421847226e-13,5.821462428945506e-10,5.821928229992324e-10,0.00017662371297827824,0.3807261490942626
