target,seed,start,eta,width,nref,halo,target_scale,window_start,parent_source_index,source_index,cohort,arm,kappa,nu,h,C,C_generated,C_target,D,coarse_disequilibrium_norm,coarse_min_eigenvalue,curvature_split_error,effective_fine_forcing_norm,gradient_norm,identity_error,k,k_jvp,k_pure,loaded,q,q_squared,tracking_fine_forcing_norm,tracking_norm,k_actual_arm,k_pure_arm
moment5,30,20000,0.002,1409,1024,192,1.0,20000,0,0,development,natural,1.0,1.0,0.001953125,-8.970013070618541e-20,-5.410527190471577e-21,8.428960351552838e-20,1.0253685971155676e-19,7.272506282274019e-14,1.4257329264723038,-1.854550165823384e-31,3.20213771895521e-10,2.88002517942413e-07,-1.4842901340149378e-31,-1.54760825525392e-07,-1.547608255234277e-07,-1.5476109843750411e-07,-2.2636818043981625e-26,2.8800251794441475e-07,8.294545034232293e-14,6.122115466396657e-17,9.73004418682879e-14,-1.5476082552360212e-07,-1.5476109843571486e-07
moment5,30,20000,0.002,1409,1024,192,1.0,20000,0,0,development,projected_constant,0.0,0.0,0.001953125,-8.970013070618541e-20,-5.410527190471577e-21,8.428960351552838e-20,1.0253685971155676e-19,7.272506282274019e-14,1.4257329264723038,-1.854550165823384e-31,3.20213771895521e-10,2.88002517942413e-07,-1.4842901340149378e-31,-1.54760825525392e-07,-1.547608255234277e-07,-1.5476109843750411e-07,-2.2636818043981625e-26,2.8800251794441475e-07,8.294545034232293e-14,6.122115466396657e-17,9.73004418682879e-14,1.6758267802641562e-23,1.5837094519621095e-23
moment5,30,20000,0.002,1409,1024,192,1.0,20000,0,0,development,no_geometry,0.0,1.0,0.001953125,-8.970013070618541e-20,-5.410527190471577e-21,8.428960351552838e-20,1.0253685971155676e-19,7.272506282274019e-14,1.4257329264723038,-1.854550165823384e-31,3.20213771895521e-10,2.88002517942413e-07,-1.4842901340149378e-31,-1.54760825525392e-07,-1.547608255234277e-07,-1.5476109843750411e-07,-2.2636818043981625e-26,2.8800251794441475e-07,8.294545034232293e-14,6.122115466396657e-17,9.73004418682879e-14,-1.2361961551086255e-06,-1.2361963108088395e-06
moment5,30,20000,0.002,1409,1024,192,1.0,20000,0,0,development,double_geometry,2.0,1.0,0.001953125,-8.970013070618541e-20,-5.410527190471577e-21,8.428960351552838e-20,1.0253685971155676e-19,7.272506282274019e-14,1.4257329264723038,-1.854550165823384e-31,3.20213771895521e-10,2.88002517942413e-07,-1.4842901340149378e-31,-1.54760825525392e-07,-1.547608255234277e-07,-1.5476109843750411e-07,-2.2636818043981625e-26,2.8800251794441475e-07,8.294545034232293e-14,6.122115466396657e-17,9.73004418682879e-14,9.266745040614193e-07,9.266741139374106e-07
moment5,30,20000,0.002,1409,1024,192,1.0,20000,0,0,development,no_relaxation,1.0,0.0,0.001953125,-8.970013070618541e-20,-5.410527190471577e-21,8.428960351552838e-20,1.0253685971155676e-19,7.272506282274019e-14,1.4257329264723038,-1.854550165823384e-31,3.20213771895521e-10,2.88002517942413e-07,-1.4842901340149378e-31,-1.54760825525392e-07,-1.547608255234277e-07,-1.5476109843750411e-07,-2.2636818043981625e-26,2.8800251794441475e-07,8.294545034232293e-14,6.122115466396657e-17,9.73004418682879e-14,1.0814353295850224e-06,1.0814352123731243e-06
moment5,30,20000,0.002,1409,1024,192,1.0,20000,0,0,development,double_relaxation,1.0,2.0,0.001953125,-8.970013070618541e-20,-5.410527190471577e-21,8.428960351552838e-20,1.0253685971155676e-19,7.272506282274019e-14,1.4257329264723038,-1.854550165823384e-31,3.20213771895521e-10,2.88002517942413e-07,-1.4842901340149378e-31,-1.54760825525392e-07,-1.547608255234277e-07,-1.5476109843750411e-07,-2.2636818043981625e-26,2.8800251794441475e-07,8.294545034232293e-14,6.122115466396657e-17,9.73004418682879e-14,-1.3909569806322274e-06,-1.3909574092445518e-06
mixed_sine,30,20000,0.002,1409,1024,192,0.8100925873009825,20000,1,1,development,natural,1.0,1.0,0.001953125,1.0497069125809336e-11,3.2683365058101933e-15,-1.0493800789303415e-11,4.446291847090382e-15,2.062849922876145e-08,1.4209781706155782,1.1147551223859162e-25,6.668052074699464e-08,0.000167569304748639,-9.04728794979874e-26,-0.00037396274468055456,-0.0003739627446805504,-0.0003739926336032283,-8.392651460838637e-16,0.00016756930294436264,2.8079471289259582e-08,1.0601577829402798e-11,2.4590294502370918e-08,-0.00037396274468055093,-0.0003739926336032247
mixed_sine,30,20000,0.002,1409,1024,192,0.8100925873009825,20000,1,1,development,projected_constant,0.0,0.0,0.001953125,1.0497069125809336e-11,3.2683365058101933e-15,-1.0493800789303415e-11,4.446291847090382e-15,2.062849922876145e-08,1.4209781706155782,1.1147551223859162e-25,6.668052074699464e-08,0.000167569304748639,-9.04728794979874e-26,-0.00037396274468055456,-0.0003739627446805504,-0.0003739926336032283,-8.392651460838637e-16,0.00016756930294436264,2.8079471289259582e-08,1.0601577829402798e-11,2.4590294502370918e-08,-3.610061787725811e-21,-2.5846356768153664e-21
mixed_sine,30,20000,0.002,1409,1024,192,0.8100925873009825,20000,1,1,development,no_geometry,0.0,1.0,0.001953125,1.0497069125809336e-11,3.2683365058101933e-15,-1.0493800789303415e-11,4.446291847090382e-15,2.062849922876145e-08,1.4209781706155782,1.1147551223859162e-25,6.668052074699464e-08,0.000167569304748639,-9.04728794979874e-26,-0.00037396274468055456,-0.0003739627446805504,-0.0003739926336032283,-8.392651460838637e-16,0.00016756930294436264,2.8079471289259582e-08,1.0601577829402798e-11,2.4590294502370918e-08,-1.583215346480164e-07,-1.5834670821566585e-07
mixed_sine,30,20000,0.002,1409,1024,192,0.8100925873009825,20000,1,1,development,double_geometry,2.0,1.0,0.001953125,1.0497069125809336e-11,3.2683365058101933e-15,-1.0493800789303415e-11,4.446291847090382e-15,2.062849922876145e-08,1.4209781706155782,1.1147551223859162e-25,6.668052074699464e-08,0.000167569304748639,-9.04728794979874e-26,-0.00037396274468055456,-0.0003739627446805504,-0.0003739926336032283,-8.392651460838637e-16,0.00016756930294436264,2.8079471289259582e-08,1.0601577829402798e-11,2.4590294502370918e-08,-0.0007477671678264544,-0.0007478269204982336
mixed_sine,30,20000,0.002,1409,1024,192,0.8100925873009825,20000,1,1,development,no_relaxation,1.0,0.0,0.001953125,1.0497069125809336e-11,3.2683365058101933e-15,-1.0493800789303415e-11,4.446291847090382e-15,2.062849922876145e-08,1.4209781706155782,1.1147551223859162e-25,6.668052074699464e-08,0.000167569304748639,-9.04728794979874e-26,-0.00037396274468055456,-0.0003739627446805504,-0.0003739926336032283,-8.392651460838637e-16,0.00016756930294436264,2.8079471289259582e-08,1.0601577829402798e-11,2.4590294502370918e-08,-0.00037380442314590323,-0.00037383428689500897
mixed_sine,30,20000,0.002,1409,1024,192,0.8100925873009825,20000,1,1,development,double_relaxation,1.0,2.0,0.001953125,1.0497069125809336e-11,3.2683365058101933e-15,-1.0493800789303415e-11,4.446291847090382e-15,2.062849922876145e-08,1.4209781706155782,1.1147551223859162e-25,6.668052074699464e-08,0.000167569304748639,-9.04728794979874e-26,-0.00037396274468055456,-0.0003739627446805504,-0.0003739926336032283,-8.392651460838637e-16,0.00016756930294436264,2.8079471289259582e-08,1.0601577829402798e-11,2.4590294502370918e-08,-0.00037412106621519933,-0.00037415098031144076
gauss_left,30,20000,0.002,1409,1024,192,0.3713011646461742,20000,2,2,development,natural,1.0,1.0,0.001953125,-4.16010612550235e-10,2.658762291132956e-13,4.1627648877935104e-10,1.1304300145476364e-12,2.115218673043897e-07,1.4116450148534807,2.740035779081904e-24,1.0632168238640867e-06,0.0006360153124864073,8.271806125530277e-25,0.0010258317149144144,0.0010258317149144116,0.0010256226797358994,-8.455795170311892e-14,0.0006360152621153528,4.04515413643661e-07,1.3410392148257786e-10,2.5312747954806807e-07,0.0010258317149144122,0.001025622679735898
gauss_left,30,20000,0.002,1409,1024,192,0.3713011646461742,20000,2,2,development,projected_constant,0.0,0.0,0.001953125,-4.16010612550235e-10,2.658762291132956e-13,4.1627648877935104e-10,1.1304300145476364e-12,2.115218673043897e-07,1.4116450148534807,2.740035779081904e-24,1.0632168238640867e-06,0.0006360153124864073,8.271806125530277e-25,0.0010258317149144144,0.0010258317149144116,0.0010256226797358994,-8.455795170311892e-14,0.0006360152621153528,4.04515413643661e-07,1.3410392148257786e-10,2.5312747954806807e-07,-1.5601104504085415e-19,-1.5613585387688683e-19
gauss_left,30,20000,0.002,1409,1024,192,0.3713011646461742,20000,2,2,development,no_geometry,0.0,1.0,0.001953125,-4.16010612550235e-10,2.658762291132956e-13,4.1627648877935104e-10,1.1304300145476364e-12,2.115218673043897e-07,1.4116450148534807,2.740035779081904e-24,1.0632168238640867e-06,0.0006360153124864073,8.271806125530277e-25,0.0010258317149144144,0.0010258317149144116,0.0010256226797358994,-8.455795170311892e-14,0.0006360152621153528,4.04515413643661e-07,1.3410392148257786e-10,2.5312747954806807e-07,-2.7947798671356682e-06,-2.7945289015451455e-06
gauss_left,30,20000,0.002,1409,1024,192,0.3713011646461742,20000,2,2,development,double_geometry,2.0,1.0,0.001953125,-4.16010612550235e-10,2.658762291132956e-13,4.1627648877935104e-10,1.1304300145476364e-12,2.115218673043897e-07,1.4116450148534807,2.740035779081904e-24,1.0632168238640867e-06,0.0006360153124864073,8.271806125530277e-25,0.0010258317149144144,0.0010258317149144116,0.0010256226797358994,-8.455795170311892e-14,0.0006360152621153528,4.04515413643661e-07,1.3410392148257786e-10,2.5312747954806807e-07,0.002054458209695962,0.002054039888373339
gauss_left,30,20000,0.002,1409,1024,192,0.3713011646461742,20000,2,2,development,no_relaxation,1.0,0.0,0.001953125,-4.16010612550235e-10,2.658762291132956e-13,4.1627648877935104e-10,1.1304300145476364e-12,2.115218673043897e-07,1.4116450148534807,2.740035779081904e-24,1.0632168238640867e-06,0.0006360153124864073,8.271806125530277e-25,0.0010258317149144144,0.0010258317149144116,0.0010256226797358994,-8.455795170311892e-14,0.0006360152621153528,4.04515413643661e-07,1.3410392148257786e-10,2.5312747954806807e-07,0.001028626494781548,0.001028417208637443
gauss_left,30,20000,0.002,1409,1024,192,0.3713011646461742,20000,2,2,development,double_relaxation,1.0,2.0,0.001953125,-4.16010612550235e-10,2.658762291132956e-13,4.1627648877935104e-10,1.1304300145476364e-12,2.115218673043897e-07,1.4116450148534807,2.740035779081904e-24,1.0632168238640867e-06,0.0006360153124864073,8.271806125530277e-25,0.0010258317149144144,0.0010258317149144116,0.0010256226797358994,-8.455795170311892e-14,0.0006360152621153528,4.04515413643661e-07,1.3410392148257786e-10,2.5312747954806807e-07,0.001023036935047277,0.0010228281508343525
bump_right,30,20000,0.002,1409,1024,192,0.32889495195335533,20000,3,3,development,natural,1.0,1.0,0.001953125,-1.5253938472449625e-10,7.809269361900647e-14,1.5261747741811558e-10,5.448386322447905e-13,1.0240435182635215e-07,1.386568450477537,3.101927297073854e-25,7.381318528859125e-07,0.0004794697344713387,-2.5849394142282115e-25,0.0006612413344461048,0.0006612413344461059,0.0006611585761821559,-1.9025397563372397e-14,0.00047946971909645377,2.298912115304323e-07,5.0556492270816576e-11,1.2142321487569244e-07,0.0006612413344461066,0.0006611585761821567
bump_right,30,20000,0.002,1409,1024,192,0.32889495195335533,20000,3,3,development,projected_constant,0.0,0.0,0.001953125,-1.5253938472449625e-10,7.809269361900647e-14,1.5261747741811558e-10,5.448386322447905e-13,1.0240435182635215e-07,1.386568450477537,3.101927297073854e-25,7.381318528859125e-07,0.0004794697344713387,-2.5849394142282115e-25,0.0006612413344461048,0.0006612413344461059,0.0006611585761821559,-1.9025397563372397e-14,0.00047946971909645377,2.298912115304323e-07,5.0556492270816576e-11,1.2142321487569244e-07,-1.7349426758184066e-20,-1.3396392813281368e-20
bump_right,30,20000,0.002,1409,1024,192,0.32889495195335533,20000,3,3,development,no_geometry,0.0,1.0,0.001953125,-1.5253938472449625e-10,7.809269361900647e-14,1.5261747741811558e-10,5.448386322447905e-13,1.0240435182635215e-07,1.386568450477537,3.101927297073854e-25,7.381318528859125e-07,0.0004794697344713387,-2.5849394142282115e-25,0.0006612413344461048,0.0006612413344461059,0.0006611585761821559,-1.9025397563372397e-14,0.00047946971909645377,2.298912115304323e-07,5.0556492270816576e-11,1.2142321487569244e-07,-2.3700600441615833e-06,-2.3699846054039777e-06
bump_right,30,20000,0.002,1409,1024,192,0.32889495195335533,20000,3,3,development,double_geometry,2.0,1.0,0.001953125,-1.5253938472449625e-10,7.809269361900647e-14,1.5261747741811558e-10,5.448386322447905e-13,1.0240435182635215e-07,1.386568450477537,3.101927297073854e-25,7.381318528859125e-07,0.0004794697344713387,-2.5849394142282115e-25,0.0006612413344461048,0.0006612413344461059,0.0006611585761821559,-1.9025397563372397e-14,0.00047946971909645377,2.298912115304323e-07,5.0556492270816576e-11,1.2142321487569244e-07,0.0013248527289363742,0.001324687136969718
bump_right,30,20000,0.002,1409,1024,192,0.32889495195335533,20000,3,3,development,no_relaxation,1.0,0.0,0.001953125,-1.5253938472449625e-10,7.809269361900647e-14,1.5261747741811558e-10,5.448386322447905e-13,1.0240435182635215e-07,1.386568450477537,3.101927297073854e-25,7.381318528859125e-07,0.0004794697344713387,-2.5849394142282115e-25,0.0006612413344461048,0.0006612413344461059,0.0006611585761821559,-1.9025397563372397e-14,0.00047946971909645377,2.298912115304323e-07,5.0556492270816576e-11,1.2142321487569244e-07,0.0006636113944902682,0.000663528560787561
bump_right,30,20000,0.002,1409,1024,192,0.32889495195335533,20000,3,3,development,double_relaxation,1.0,2.0,0.001953125,-1.5253938472449625e-10,7.809269361900647e-14,1.5261747741811558e-10,5.448386322447905e-13,1.0240435182635215e-07,1.386568450477537,3.101927297073854e-25,7.381318528859125e-07,0.0004794697344713387,-2.5849394142282115e-25,0.0006612413344461048,0.0006612413344461059,0.0006611585761821559,-1.9025397563372397e-14,0.00047946971909645377,2.298912115304323e-07,5.0556492270816576e-11,1.2142321487569244e-07,0.0006588712744019438,0.0006587885915767529
step_right,30,20000,0.002,1409,1024,192,0.9636241118102141,20000,4,4,development,natural,1.0,1.0,0.001953125,-4.1475394190329163e-10,4.2679049295153294e-13,4.1518073239623517e-10,2.9686870757899626e-12,2.8684505461511e-07,1.637946169656938,-8.013312184107456e-24,1.7229878339065434e-06,0.0007568566993207454,2.5849394142282115e-24,0.0007192043015736829,0.0007192043015736783,0.0007188587694693973,-1.979318214610697e-13,0.0007568566098899558,5.728319279341168e-07,2.704308700569066e-10,3.679300788099637e-07,0.0007192043015736784,0.000718858769469393
step_right,30,20000,0.002,1409,1024,192,0.9636241118102141,20000,4,4,development,projected_constant,0.0,0.0,0.001953125,-4.1475394190329163e-10,4.2679049295153294e-13,4.1518073239623517e-10,2.9686870757899626e-12,2.8684505461511e-07,1.637946169656938,-8.013312184107456e-24,1.7229878339065434e-06,0.0007568566993207454,2.5849394142282115e-24,0.0007192043015736829,0.0007192043015736783,0.0007188587694693973,-1.979318214610697e-13,0.0007568566098899558,5.728319279341168e-07,2.704308700569066e-10,3.679300788099637e-07,6.909860091618694e-20,6.416298656503072e-20
step_right,30,20000,0.002,1409,1024,192,0.9636241118102141,20000,4,4,development,no_geometry,0.0,1.0,0.001953125,-4.1475394190329163e-10,4.2679049295153294e-13,4.1518073239623517e-10,2.9686870757899626e-12,2.8684505461511e-07,1.637946169656938,-8.013312184107456e-24,1.7229878339065434e-06,0.0007568566993207454,2.5849394142282115e-24,0.0007192043015736829,0.0007192043015736783,0.0007188587694693973,-1.979318214610697e-13,0.0007568566098899558,5.728319279341168e-07,2.704308700569066e-10,3.679300788099637e-07,-5.182947055140743e-06,-5.182474877921592e-06
step_right,30,20000,0.002,1409,1024,192,0.9636241118102141,20000,4,4,development,double_geometry,2.0,1.0,0.001953125,-4.1475394190329163e-10,4.2679049295153294e-13,4.1518073239623517e-10,2.9686870757899626e-12,2.8684505461511e-07,1.637946169656938,-8.013312184107456e-24,1.7229878339065434e-06,0.0007568566993207454,2.5849394142282115e-24,0.0007192043015736829,0.0007192043015736783,0.0007188587694693973,-1.979318214610697e-13,0.0007568566098899558,5.728319279341168e-07,2.704308700569066e-10,3.679300788099637e-07,0.0014435915502024976,0.0014429000138167078
step_right,30,20000,0.002,1409,1024,192,0.9636241118102141,20000,4,4,development,no_relaxation,1.0,0.0,0.001953125,-4.1475394190329163e-10,4.2679049295153294e-13,4.1518073239623517e-10,2.9686870757899626e-12,2.8684505461511e-07,1.637946169656938,-8.013312184107456e-24,1.7229878339065434e-06,0.0007568566993207454,2.5849394142282115e-24,0.0007192043015736829,0.0007192043015736783,0.0007188587694693973,-1.979318214610697e-13,0.0007568566098899558,5.728319279341168e-07,2.704308700569066e-10,3.679300788099637e-07,0.0007243872486288194,0.0007240412443473142
step_right,30,20000,0.002,1409,1024,192,0.9636241118102141,20000,4,4,development,double_relaxation,1.0,2.0,0.001953125,-4.1475394190329163e-10,4.2679049295153294e-13,4.1518073239623517e-10,2.9686870757899626e-12,2.8684505461511e-07,1.637946169656938,-8.013312184107456e-24,1.7229878339065434e-06,0.0007568566993207454,2.5849394142282115e-24,0.0007192043015736829,0.0007192043015736783,0.0007188587694693973,-1.979318214610697e-13,0.0007568566098899558,5.728319279341168e-07,2.704308700569066e-10,3.679300788099637e-07,0.0007140213545185372,0.0007136762945914717
kink_abs,30,20000,0.002,1409,1024,192,0.6214766720163144,20000,5,5,development,natural,1.0,1.0,0.001953125,2.1807326082352246e-10,1.8344409471604635e-13,-2.178898167288104e-10,1.336570104897303e-12,1.649729181108214e-07,1.4233779397321122,-3.980806697911446e-24,1.1561012520092273e-06,0.0006818474133164082,2.274746684520826e-24,-0.0004718233923113896,-0.0004718233923113932,-0.00047193449805381,-5.165482129442796e-14,0.0006818473843570892,4.6491585555460415e-07,9.377203835729194e-11,1.9872508201718067e-07,-0.0004718233923113947,-0.00047193449805381523
kink_abs,30,20000,0.002,1409,1024,192,0.6214766720163144,20000,5,5,development,projected_constant,0.0,0.0,0.001953125,2.1807326082352246e-10,1.8344409471604635e-13,-2.178898167288104e-10,1.336570104897303e-12,1.649729181108214e-07,1.4233779397321122,-3.980806697911446e-24,1.1561012520092273e-06,0.0006818474133164082,2.274746684520826e-24,-0.0004718233923113896,-0.0004718233923113932,-0.00047193449805381,-5.165482129442796e-14,0.0006818473843570892,4.6491585555460415e-07,9.377203835729194e-11,1.9872508201718067e-07,2.2153187196163228e-20,1.129378170784792e-20
kink_abs,30,20000,0.002,1409,1024,192,0.6214766720163144,20000,5,5,development,no_geometry,0.0,1.0,0.001953125,2.1807326082352246e-10,1.8344409471604635e-13,-2.178898167288104e-10,1.336570104897303e-12,1.649729181108214e-07,1.4233779397321122,-3.980806697911446e-24,1.1561012520092273e-06,0.0006818474133164082,2.274746684520826e-24,-0.0004718233923113896,-0.0004718233923113932,-0.00047193449805381,-5.165482129442796e-14,0.0006818473843570892,4.6491585555460415e-07,9.377203835729194e-11,1.9872508201718067e-07,-2.8747338830348693e-06,-2.8748645350095113e-06
kink_abs,30,20000,0.002,1409,1024,192,0.6214766720163144,20000,5,5,development,double_geometry,2.0,1.0,0.001953125,2.1807326082352246e-10,1.8344409471604635e-13,-2.178898167288104e-10,1.336570104897303e-12,1.649729181108214e-07,1.4233779397321122,-3.980806697911446e-24,1.1561012520092273e-06,0.0006818474133164082,2.274746684520826e-24,-0.0004718233923113896,-0.0004718233923113932,-0.00047193449805381,-5.165482129442796e-14,0.0006818473843570892,4.6491585555460415e-07,9.377203835729194e-11,1.9872508201718067e-07,-0.0009407720507397539,-0.0009409941315726201
kink_abs,30,20000,0.002,1409,1024,192,0.6214766720163144,20000,5,5,development,no_relaxation,1.0,0.0,0.001953125,2.1807326082352246e-10,1.8344409471604635e-13,-2.178898167288104e-10,1.336570104897303e-12,1.649729181108214e-07,1.4233779397321122,-3.980806697911446e-24,1.1561012520092273e-06,0.0006818474133164082,2.274746684520826e-24,-0.0004718233923113896,-0.0004718233923113932,-0.00047193449805381,-5.165482129442796e-14,0.0006818473843570892,4.6491585555460415e-07,9.377203835729194e-11,1.9872508201718067e-07,-0.0004689486584283593,-0.00046905963351880536
kink_abs,30,20000,0.002,1409,1024,192,0.6214766720163144,20000,5,5,development,double_relaxation,1.0,2.0,0.001953125,2.1807326082352246e-10,1.8344409471604635e-13,-2.178898167288104e-10,1.336570104897303e-12,1.649729181108214e-07,1.4233779397321122,-3.980806697911446e-24,1.1561012520092273e-06,0.0006818474133164082,2.274746684520826e-24,-0.0004718233923113896,-0.0004718233923113932,-0.00047193449805381,-5.165482129442796e-14,0.0006818473843570892,4.6491585555460415e-07,9.377203835729194e-11,1.9872508201718067e-07,-0.00047469812619442905,-0.0004748093625888243
